2025-12-10 08:45:51,853 WARNING ⚠️ Usando CHAT_ID por defecto (1943663667). Asegúrate de configurar la variable de entorno CHAT_ID con tu ID real.
2025-12-10 08:55:25,300 WARNING ⚠️ Usando CHAT_ID por defecto (1943663667). Asegúrate de configurar la variable de entorno CHAT_ID con tu ID real.
2025-12-10 08:55:25,345 INFO Adding job tentatively -- it will be properly scheduled when the scheduler starts
2025-12-10 08:55:25,992 INFO HTTP Request: POST https://api.telegram.org/bot8428323516:AAElzjmSPfUeCoTGKbm7wnDLSZ5ek1-6Gvc/getMe "HTTP/1.1 200 OK"
2025-12-10 08:55:26,155 INFO HTTP Request: POST https://api.telegram.org/bot8428323516:AAElzjmSPfUeCoTGKbm7wnDLSZ5ek1-6Gvc/deleteWebhook "HTTP/1.1 200 OK"
2025-12-10 08:55:26,158 INFO Added job "_email_job" to job store "default"
2025-12-10 08:55:26,158 INFO Scheduler started
2025-12-10 08:55:26,159 INFO Application started
2025-12-10 08:55:26,611 INFO HTTP Request: POST https://api.telegram.org/bot8428323516:AAElzjmSPfUeCoTGKbm7wnDLSZ5ek1-6Gvc/getUpdates "HTTP/1.1 200 OK"
2025-12-10 08:55:36,763 INFO HTTP Request: POST https://api.telegram.org/bot8428323516:AAElzjmSPfUeCoTGKbm7wnDLSZ5ek1-6Gvc/getUpdates "HTTP/1.1 200 OK"
2025-12-10 08:55:46,918 INFO HTTP Request: POST https://api.telegram.org/bot8428323516:AAElzjmSPfUeCoTGKbm7wnDLSZ5ek1-6Gvc/getUpdates "HTTP/1.1 200 OK"
2025-12-10 08:55:57,070 INFO HTTP Request: POST https://api.telegram.org/bot8428323516:AAElzjmSPfUeCoTGKbm7wnDLSZ5ek1-6Gvc/getUpdates "HTTP/1.1 200 OK"
2025-12-10 08:56:07,224 INFO HTTP Request: POST https://api.telegram.org/bot8428323516:AAElzjmSPfUeCoTGKbm7wnDLSZ5ek1-6Gvc/getUpdates "HTTP/1.1 200 OK"
2025-12-10 08:56:17,376 INFO HTTP Request: POST https://api.telegram.org/bot8428323516:AAElzjmSPfUeCoTGKbm7wnDLSZ5ek1-6Gvc/getUpdates "HTTP/1.1 200 OK"
2025-12-10 08:56:25,354 INFO Running job "_email_job (trigger: interval[0:01:00], next run at: 2025-12-10 13:57:25 UTC)" (scheduled at 2025-12-10 13:56:25.344717+00:00)
2025-12-10 08:56:27,527 INFO HTTP Request: POST https://api.telegram.org/bot8428323516:AAElzjmSPfUeCoTGKbm7wnDLSZ5ek1-6Gvc/getUpdates "HTTP/1.1 200 OK"
2025-12-10 08:56:32,657 INFO HTTP Request: POST https://api.telegram.org/bot8428323516:AAElzjmSPfUeCoTGKbm7wnDLSZ5ek1-6Gvc/sendMessage "HTTP/1.1 200 OK"
2025-12-10 08:56:32,941 INFO HTTP Request: POST https://api.telegram.org/bot8428323516:AAElzjmSPfUeCoTGKbm7wnDLSZ5ek1-6Gvc/sendMessage "HTTP/1.1 200 OK"
2025-12-10 08:56:33,225 INFO HTTP Request: POST https://api.telegram.org/bot8428323516:AAElzjmSPfUeCoTGKbm7wnDLSZ5ek1-6Gvc/sendMessage "HTTP/1.1 200 OK"
2025-12-10 08:56:33,514 INFO HTTP Request: POST https://api.telegram.org/bot8428323516:AAElzjmSPfUeCoTGKbm7wnDLSZ5ek1-6Gvc/sendMessage "HTTP/1.1 200 OK"
2025-12-10 08:56:33,792 INFO HTTP Request: POST https://api.telegram.org/bot8428323516:AAElzjmSPfUeCoTGKbm7wnDLSZ5ek1-6Gvc/sendMessage "HTTP/1.1 200 OK"
2025-12-10 08:56:34,069 INFO HTTP Request: POST https://api.telegram.org/bot8428323516:AAElzjmSPfUeCoTGKbm7wnDLSZ5ek1-6Gvc/sendMessage "HTTP/1.1 200 OK"
2025-12-10 08:56:34,348 INFO HTTP Request: POST https://api.telegram.org/bot8428323516:AAElzjmSPfUeCoTGKbm7wnDLSZ5ek1-6Gvc/sendMessage "HTTP/1.1 200 OK"
2025-12-10 08:56:34,625 INFO HTTP Request: POST https://api.telegram.org/bot8428323516:AAElzjmSPfUeCoTGKbm7wnDLSZ5ek1-6Gvc/sendMessage "HTTP/1.1 200 OK"
2025-12-10 08:56:34,904 INFO HTTP Request: POST https://api.telegram.org/bot8428323516:AAElzjmSPfUeCoTGKbm7wnDLSZ5ek1-6Gvc/sendMessage "HTTP/1.1 200 OK"
2025-12-10 08:56:35,183 INFO HTTP Request: POST https://api.telegram.org/bot8428323516:AAElzjmSPfUeCoTGKbm7wnDLSZ5ek1-6Gvc/sendMessage "HTTP/1.1 200 OK"
2025-12-10 08:56:35,462 INFO HTTP Request: POST https://api.telegram.org/bot8428323516:AAElzjmSPfUeCoTGKbm7wnDLSZ5ek1-6Gvc/sendMessage "HTTP/1.1 200 OK"
2025-12-10 08:56:35,757 INFO HTTP Request: POST https://api.telegram.org/bot8428323516:AAElzjmSPfUeCoTGKbm7wnDLSZ5ek1-6Gvc/sendMessage "HTTP/1.1 200 OK"
2025-12-10 08:56:36,034 INFO HTTP Request: POST https://api.telegram.org/bot8428323516:AAElzjmSPfUeCoTGKbm7wnDLSZ5ek1-6Gvc/sendMessage "HTTP/1.1 200 OK"
2025-12-10 08:56:36,313 INFO HTTP Request: POST https://api.telegram.org/bot8428323516:AAElzjmSPfUeCoTGKbm7wnDLSZ5ek1-6Gvc/sendMessage "HTTP/1.1 200 OK"
2025-12-10 08:56:36,590 INFO HTTP Request: POST https://api.telegram.org/bot8428323516:AAElzjmSPfUeCoTGKbm7wnDLSZ5ek1-6Gvc/sendMessage "HTTP/1.1 200 OK"
2025-12-10 08:56:36,892 INFO HTTP Request: POST https://api.telegram.org/bot8428323516:AAElzjmSPfUeCoTGKbm7wnDLSZ5ek1-6Gvc/sendMessage "HTTP/1.1 200 OK"
2025-12-10 08:56:37,170 INFO HTTP Request: POST https://api.telegram.org/bot8428323516:AAElzjmSPfUeCoTGKbm7wnDLSZ5ek1-6Gvc/sendMessage "HTTP/1.1 200 OK"
2025-12-10 08:56:37,471 INFO HTTP Request: POST https://api.telegram.org/bot8428323516:AAElzjmSPfUeCoTGKbm7wnDLSZ5ek1-6Gvc/sendMessage "HTTP/1.1 200 OK"
2025-12-10 08:56:37,679 INFO HTTP Request: POST https://api.telegram.org/bot8428323516:AAElzjmSPfUeCoTGKbm7wnDLSZ5ek1-6Gvc/getUpdates "HTTP/1.1 200 OK"
2025-12-10 08:56:37,745 INFO HTTP Request: POST https://api.telegram.org/bot8428323516:AAElzjmSPfUeCoTGKbm7wnDLSZ5ek1-6Gvc/sendMessage "HTTP/1.1 200 OK"
2025-12-10 08:56:38,044 INFO HTTP Request: POST https://api.telegram.org/bot8428323516:AAElzjmSPfUeCoTGKbm7wnDLSZ5ek1-6Gvc/sendMessage "HTTP/1.1 200 OK"
2025-12-10 08:56:38,322 INFO HTTP Request: POST https://api.telegram.org/bot8428323516:AAElzjmSPfUeCoTGKbm7wnDLSZ5ek1-6Gvc/sendMessage "HTTP/1.1 200 OK"
2025-12-10 08:56:38,599 INFO HTTP Request: POST https://api.telegram.org/bot8428323516:AAElzjmSPfUeCoTGKbm7wnDLSZ5ek1-6Gvc/sendMessage "HTTP/1.1 200 OK"
2025-12-10 08:56:38,883 INFO HTTP Request: POST https://api.telegram.org/bot8428323516:AAElzjmSPfUeCoTGKbm7wnDLSZ5ek1-6Gvc/sendMessage "HTTP/1.1 200 OK"
2025-12-10 08:56:39,163 INFO HTTP Request: POST https://api.telegram.org/bot8428323516:AAElzjmSPfUeCoTGKbm7wnDLSZ5ek1-6Gvc/sendMessage "HTTP/1.1 200 OK"
2025-12-10 08:56:39,452 INFO HTTP Request: POST https://api.telegram.org/bot8428323516:AAElzjmSPfUeCoTGKbm7wnDLSZ5ek1-6Gvc/sendMessage "HTTP/1.1 200 OK"
2025-12-10 08:56:39,731 INFO HTTP Request: POST https://api.telegram.org/bot8428323516:AAElzjmSPfUeCoTGKbm7wnDLSZ5ek1-6Gvc/sendMessage "HTTP/1.1 200 OK"
2025-12-10 08:56:40,062 INFO HTTP Request: POST https://api.telegram.org/bot8428323516:AAElzjmSPfUeCoTGKbm7wnDLSZ5ek1-6Gvc/sendMessage "HTTP/1.1 200 OK"
2025-12-10 08:56:40,339 INFO HTTP Request: POST https://api.telegram.org/bot8428323516:AAElzjmSPfUeCoTGKbm7wnDLSZ5ek1-6Gvc/sendMessage "HTTP/1.1 200 OK"
2025-12-10 08:56:40,622 INFO HTTP Request: POST https://api.telegram.org/bot8428323516:AAElzjmSPfUeCoTGKbm7wnDLSZ5ek1-6Gvc/sendMessage "HTTP/1.1 200 OK"
2025-12-10 08:56:40,899 INFO HTTP Request: POST https://api.telegram.org/bot8428323516:AAElzjmSPfUeCoTGKbm7wnDLSZ5ek1-6Gvc/sendMessage "HTTP/1.1 200 OK"
2025-12-10 08:56:40,900 INFO Job "_email_job (trigger: interval[0:01:00], next run at: 2025-12-10 13:57:25 UTC)" executed successfully
2025-12-10 08:56:47,830 INFO HTTP Request: POST https://api.telegram.org/bot8428323516:AAElzjmSPfUeCoTGKbm7wnDLSZ5ek1-6Gvc/getUpdates "HTTP/1.1 200 OK"
2025-12-10 08:56:57,985 INFO HTTP Request: POST https://api.telegram.org/bot8428323516:AAElzjmSPfUeCoTGKbm7wnDLSZ5ek1-6Gvc/getUpdates "HTTP/1.1 200 OK"
2025-12-10 08:57:08,136 INFO HTTP Request: POST https://api.telegram.org/bot8428323516:AAElzjmSPfUeCoTGKbm7wnDLSZ5ek1-6Gvc/getUpdates "HTTP/1.1 200 OK"
2025-12-10 08:57:18,289 INFO HTTP Request: POST https://api.telegram.org/bot8428323516:AAElzjmSPfUeCoTGKbm7wnDLSZ5ek1-6Gvc/getUpdates "HTTP/1.1 200 OK"
2025-12-10 08:57:25,360 INFO Running job "_email_job (trigger: interval[0:01:00], next run at: 2025-12-10 13:58:25 UTC)" (scheduled at 2025-12-10 13:57:25.344717+00:00)
2025-12-10 08:57:26,171 INFO Job "_email_job (trigger: interval[0:01:00], next run at: 2025-12-10 13:58:25 UTC)" executed successfully
2025-12-10 08:57:28,444 INFO HTTP Request: POST https://api.telegram.org/bot8428323516:AAElzjmSPfUeCoTGKbm7wnDLSZ5ek1-6Gvc/getUpdates "HTTP/1.1 200 OK"
2025-12-10 08:57:38,596 INFO HTTP Request: POST https://api.telegram.org/bot8428323516:AAElzjmSPfUeCoTGKbm7wnDLSZ5ek1-6Gvc/getUpdates "HTTP/1.1 200 OK"
2025-12-10 10:48:39,961 WARNING ⚠️ Usando CHAT_ID por defecto (1943663667). Asegúrate de configurar la variable de entorno CHAT_ID con tu ID real.
2025-12-10 10:48:39,985 INFO Adding job tentatively -- it will be properly scheduled when the scheduler starts
2025-12-10 10:48:40,627 INFO HTTP Request: POST https://api.telegram.org/bot8428323516:AAElzjmSPfUeCoTGKbm7wnDLSZ5ek1-6Gvc/getMe "HTTP/1.1 200 OK"
2025-12-10 10:48:40,786 INFO HTTP Request: POST https://api.telegram.org/bot8428323516:AAElzjmSPfUeCoTGKbm7wnDLSZ5ek1-6Gvc/deleteWebhook "HTTP/1.1 200 OK"
2025-12-10 10:48:40,788 INFO Added job "_email_job" to job store "default"
2025-12-10 10:48:40,788 INFO Scheduler started
2025-12-10 10:48:40,788 INFO Application started
2025-12-10 10:48:51,245 INFO HTTP Request: POST https://api.telegram.org/bot8428323516:AAElzjmSPfUeCoTGKbm7wnDLSZ5ek1-6Gvc/getUpdates "HTTP/1.1 200 OK"
2025-12-10 10:48:57,576 INFO HTTP Request: POST https://api.telegram.org/bot8428323516:AAElzjmSPfUeCoTGKbm7wnDLSZ5ek1-6Gvc/getUpdates "HTTP/1.1 200 OK"
2025-12-10 10:48:58,147 INFO HTTP Request: POST https://api.telegram.org/bot8428323516:AAElzjmSPfUeCoTGKbm7wnDLSZ5ek1-6Gvc/answerCallbackQuery "HTTP/1.1 200 OK"
2025-12-10 10:49:06,805 INFO HTTP Request: POST https://api.telegram.org/bot8428323516:AAElzjmSPfUeCoTGKbm7wnDLSZ5ek1-6Gvc/getUpdates "HTTP/1.1 200 OK"
2025-12-10 10:49:07,373 INFO HTTP Request: POST https://api.telegram.org/bot8428323516:AAElzjmSPfUeCoTGKbm7wnDLSZ5ek1-6Gvc/answerCallbackQuery "HTTP/1.1 200 OK"
2025-12-10 10:49:13,960 INFO HTTP Request: POST https://api.telegram.org/bot8428323516:AAElzjmSPfUeCoTGKbm7wnDLSZ5ek1-6Gvc/getUpdates "HTTP/1.1 200 OK"
2025-12-10 10:49:14,685 INFO HTTP Request: POST https://api.telegram.org/bot8428323516:AAElzjmSPfUeCoTGKbm7wnDLSZ5ek1-6Gvc/answerCallbackQuery "HTTP/1.1 200 OK"
2025-12-10 10:49:24,121 INFO HTTP Request: POST https://api.telegram.org/bot8428323516:AAElzjmSPfUeCoTGKbm7wnDLSZ5ek1-6Gvc/getUpdates "HTTP/1.1 200 OK"
2025-12-10 10:49:34,282 INFO HTTP Request: POST https://api.telegram.org/bot8428323516:AAElzjmSPfUeCoTGKbm7wnDLSZ5ek1-6Gvc/getUpdates "HTTP/1.1 200 OK"
2025-12-10 10:49:39,990 INFO Running job "_email_job (trigger: interval[0:01:00], next run at: 2025-12-10 15:50:39 UTC)" (scheduled at 2025-12-10 15:49:39.984361+00:00)
2025-12-10 10:49:40,893 INFO Job "_email_job (trigger: interval[0:01:00], next run at: 2025-12-10 15:50:39 UTC)" executed successfully
2025-12-10 10:49:44,439 INFO HTTP Request: POST https://api.telegram.org/bot8428323516:AAElzjmSPfUeCoTGKbm7wnDLSZ5ek1-6Gvc/getUpdates "HTTP/1.1 200 OK"
2025-12-10 10:49:54,596 INFO HTTP Request: POST https://api.telegram.org/bot8428323516:AAElzjmSPfUeCoTGKbm7wnDLSZ5ek1-6Gvc/getUpdates "HTTP/1.1 200 OK"
2025-12-10 10:50:04,752 INFO HTTP Request: POST https://api.telegram.org/bot8428323516:AAElzjmSPfUeCoTGKbm7wnDLSZ5ek1-6Gvc/getUpdates "HTTP/1.1 200 OK"
2025-12-10 10:50:14,907 INFO HTTP Request: POST https://api.telegram.org/bot8428323516:AAElzjmSPfUeCoTGKbm7wnDLSZ5ek1-6Gvc/getUpdates "HTTP/1.1 200 OK"
2025-12-10 10:50:25,065 INFO HTTP Request: POST https://api.telegram.org/bot8428323516:AAElzjmSPfUeCoTGKbm7wnDLSZ5ek1-6Gvc/getUpdates "HTTP/1.1 200 OK"
2025-12-10 10:50:35,219 INFO HTTP Request: POST https://api.telegram.org/bot8428323516:AAElzjmSPfUeCoTGKbm7wnDLSZ5ek1-6Gvc/getUpdates "HTTP/1.1 200 OK"
2025-12-10 10:50:39,994 INFO Running job "_email_job (trigger: interval[0:01:00], next run at: 2025-12-10 15:51:39 UTC)" (scheduled at 2025-12-10 15:50:39.984361+00:00)
2025-12-10 10:50:40,616 INFO Job "_email_job (trigger: interval[0:01:00], next run at: 2025-12-10 15:51:39 UTC)" executed successfully
2025-12-10 10:50:45,377 INFO HTTP Request: POST https://api.telegram.org/bot8428323516:AAElzjmSPfUeCoTGKbm7wnDLSZ5ek1-6Gvc/getUpdates "HTTP/1.1 200 OK"
2025-12-10 10:50:55,530 INFO HTTP Request: POST https://api.telegram.org/bot8428323516:AAElzjmSPfUeCoTGKbm7wnDLSZ5ek1-6Gvc/getUpdates "HTTP/1.1 200 OK"
2025-12-10 10:51:05,684 INFO HTTP Request: POST https://api.telegram.org/bot8428323516:AAElzjmSPfUeCoTGKbm7wnDLSZ5ek1-6Gvc/getUpdates "HTTP/1.1 200 OK"
2025-12-10 10:51:15,838 INFO HTTP Request: POST https://api.telegram.org/bot8428323516:AAElzjmSPfUeCoTGKbm7wnDLSZ5ek1-6Gvc/getUpdates "HTTP/1.1 200 OK"
2025-12-10 10:51:25,995 INFO HTTP Request: POST https://api.telegram.org/bot8428323516:AAElzjmSPfUeCoTGKbm7wnDLSZ5ek1-6Gvc/getUpdates "HTTP/1.1 200 OK"
2025-12-10 10:51:36,156 INFO HTTP Request: POST https://api.telegram.org/bot8428323516:AAElzjmSPfUeCoTGKbm7wnDLSZ5ek1-6Gvc/getUpdates "HTTP/1.1 200 OK"
2025-12-10 10:51:39,994 INFO Running job "_email_job (trigger: interval[0:01:00], next run at: 2025-12-10 15:52:39 UTC)" (scheduled at 2025-12-10 15:51:39.984361+00:00)
2025-12-10 10:51:40,624 INFO Job "_email_job (trigger: interval[0:01:00], next run at: 2025-12-10 15:52:39 UTC)" executed successfully
2025-12-10 10:51:46,309 INFO HTTP Request: POST https://api.telegram.org/bot8428323516:AAElzjmSPfUeCoTGKbm7wnDLSZ5ek1-6Gvc/getUpdates "HTTP/1.1 200 OK"
2025-12-10 10:51:56,468 INFO HTTP Request: POST https://api.telegram.org/bot8428323516:AAElzjmSPfUeCoTGKbm7wnDLSZ5ek1-6Gvc/getUpdates "HTTP/1.1 200 OK"
2025-12-10 10:52:06,629 INFO HTTP Request: POST https://api.telegram.org/bot8428323516:AAElzjmSPfUeCoTGKbm7wnDLSZ5ek1-6Gvc/getUpdates "HTTP/1.1 200 OK"
2025-12-10 10:52:16,789 INFO HTTP Request: POST https://api.telegram.org/bot8428323516:AAElzjmSPfUeCoTGKbm7wnDLSZ5ek1-6Gvc/getUpdates "HTTP/1.1 200 OK"
2025-12-10 10:52:26,942 INFO HTTP Request: POST https://api.telegram.org/bot8428323516:AAElzjmSPfUeCoTGKbm7wnDLSZ5ek1-6Gvc/getUpdates "HTTP/1.1 200 OK"
2025-12-10 10:52:37,097 INFO HTTP Request: POST https://api.telegram.org/bot8428323516:AAElzjmSPfUeCoTGKbm7wnDLSZ5ek1-6Gvc/getUpdates "HTTP/1.1 200 OK"
2025-12-10 10:52:39,986 INFO Running job "_email_job (trigger: interval[0:01:00], next run at: 2025-12-10 15:53:39 UTC)" (scheduled at 2025-12-10 15:52:39.984361+00:00)
2025-12-10 10:52:40,767 INFO Job "_email_job (trigger: interval[0:01:00], next run at: 2025-12-10 15:53:39 UTC)" executed successfully
2025-12-10 10:52:47,253 INFO HTTP Request: POST https://api.telegram.org/bot8428323516:AAElzjmSPfUeCoTGKbm7wnDLSZ5ek1-6Gvc/getUpdates "HTTP/1.1 200 OK"
2025-12-10 10:52:57,409 INFO HTTP Request: POST https://api.telegram.org/bot8428323516:AAElzjmSPfUeCoTGKbm7wnDLSZ5ek1-6Gvc/getUpdates "HTTP/1.1 200 OK"
2025-12-10 10:53:07,564 INFO HTTP Request: POST https://api.telegram.org/bot8428323516:AAElzjmSPfUeCoTGKbm7wnDLSZ5ek1-6Gvc/getUpdates "HTTP/1.1 200 OK"
2025-12-10 10:53:17,719 INFO HTTP Request: POST https://api.telegram.org/bot8428323516:AAElzjmSPfUeCoTGKbm7wnDLSZ5ek1-6Gvc/getUpdates "HTTP/1.1 200 OK"
2025-12-10 10:53:27,874 INFO HTTP Request: POST https://api.telegram.org/bot8428323516:AAElzjmSPfUeCoTGKbm7wnDLSZ5ek1-6Gvc/getUpdates "HTTP/1.1 200 OK"
2025-12-10 10:53:38,037 INFO HTTP Request: POST https://api.telegram.org/bot8428323516:AAElzjmSPfUeCoTGKbm7wnDLSZ5ek1-6Gvc/getUpdates "HTTP/1.1 200 OK"
2025-12-10 10:53:39,985 INFO Running job "_email_job (trigger: interval[0:01:00], next run at: 2025-12-10 15:54:39 UTC)" (scheduled at 2025-12-10 15:53:39.984361+00:00)
2025-12-10 10:53:40,609 INFO Job "_email_job (trigger: interval[0:01:00], next run at: 2025-12-10 15:54:39 UTC)" executed successfully
2025-12-10 10:53:48,196 INFO HTTP Request: POST https://api.telegram.org/bot8428323516:AAElzjmSPfUeCoTGKbm7wnDLSZ5ek1-6Gvc/getUpdates "HTTP/1.1 200 OK"
2025-12-10 10:53:58,352 INFO HTTP Request: POST https://api.telegram.org/bot8428323516:AAElzjmSPfUeCoTGKbm7wnDLSZ5ek1-6Gvc/getUpdates "HTTP/1.1 200 OK"
2025-12-10 10:54:08,512 INFO HTTP Request: POST https://api.telegram.org/bot8428323516:AAElzjmSPfUeCoTGKbm7wnDLSZ5ek1-6Gvc/getUpdates "HTTP/1.1 200 OK"
2025-12-10 10:54:18,676 INFO HTTP Request: POST https://api.telegram.org/bot8428323516:AAElzjmSPfUeCoTGKbm7wnDLSZ5ek1-6Gvc/getUpdates "HTTP/1.1 200 OK"
2025-12-10 10:54:28,841 INFO HTTP Request: POST https://api.telegram.org/bot8428323516:AAElzjmSPfUeCoTGKbm7wnDLSZ5ek1-6Gvc/getUpdates "HTTP/1.1 200 OK"
2025-12-10 10:54:38,997 INFO HTTP Request: POST https://api.telegram.org/bot8428323516:AAElzjmSPfUeCoTGKbm7wnDLSZ5ek1-6Gvc/getUpdates "HTTP/1.1 200 OK"
2025-12-10 10:54:39,989 INFO Running job "_email_job (trigger: interval[0:01:00], next run at: 2025-12-10 15:55:39 UTC)" (scheduled at 2025-12-10 15:54:39.984361+00:00)
2025-12-10 10:54:40,581 INFO Job "_email_job (trigger: interval[0:01:00], next run at: 2025-12-10 15:55:39 UTC)" executed successfully
2025-12-10 10:54:49,156 INFO HTTP Request: POST https://api.telegram.org/bot8428323516:AAElzjmSPfUeCoTGKbm7wnDLSZ5ek1-6Gvc/getUpdates "HTTP/1.1 200 OK"
2025-12-10 10:54:59,312 INFO HTTP Request: POST https://api.telegram.org/bot8428323516:AAElzjmSPfUeCoTGKbm7wnDLSZ5ek1-6Gvc/getUpdates "HTTP/1.1 200 OK"
2025-12-10 10:55:09,471 INFO HTTP Request: POST https://api.telegram.org/bot8428323516:AAElzjmSPfUeCoTGKbm7wnDLSZ5ek1-6Gvc/getUpdates "HTTP/1.1 200 OK"
2025-12-10 10:55:19,624 INFO HTTP Request: POST https://api.telegram.org/bot8428323516:AAElzjmSPfUeCoTGKbm7wnDLSZ5ek1-6Gvc/getUpdates "HTTP/1.1 200 OK"
2025-12-10 10:55:29,776 INFO HTTP Request: POST https://api.telegram.org/bot8428323516:AAElzjmSPfUeCoTGKbm7wnDLSZ5ek1-6Gvc/getUpdates "HTTP/1.1 200 OK"
2025-12-10 10:55:39,929 INFO HTTP Request: POST https://api.telegram.org/bot8428323516:AAElzjmSPfUeCoTGKbm7wnDLSZ5ek1-6Gvc/getUpdates "HTTP/1.1 200 OK"
2025-12-10 10:55:39,986 INFO Running job "_email_job (trigger: interval[0:01:00], next run at: 2025-12-10 15:56:39 UTC)" (scheduled at 2025-12-10 15:55:39.984361+00:00)
2025-12-10 10:55:40,776 INFO Job "_email_job (trigger: interval[0:01:00], next run at: 2025-12-10 15:56:39 UTC)" executed successfully
2025-12-10 10:55:50,087 INFO HTTP Request: POST https://api.telegram.org/bot8428323516:AAElzjmSPfUeCoTGKbm7wnDLSZ5ek1-6Gvc/getUpdates "HTTP/1.1 200 OK"
2025-12-10 10:56:00,249 INFO HTTP Request: POST https://api.telegram.org/bot8428323516:AAElzjmSPfUeCoTGKbm7wnDLSZ5ek1-6Gvc/getUpdates "HTTP/1.1 200 OK"
2025-12-10 10:56:10,403 INFO HTTP Request: POST https://api.telegram.org/bot8428323516:AAElzjmSPfUeCoTGKbm7wnDLSZ5ek1-6Gvc/getUpdates "HTTP/1.1 200 OK"
2025-12-10 12:27:46,148 WARNING ⚠️ Usando CHAT_ID por defecto (1943663667). Asegúrate de configurar la variable de entorno CHAT_ID con tu ID real.
2025-12-10 12:27:46,174 INFO Adding job tentatively -- it will be properly scheduled when the scheduler starts
2025-12-10 12:27:46,790 INFO HTTP Request: POST https://api.telegram.org/bot8428323516:AAElzjmSPfUeCoTGKbm7wnDLSZ5ek1-6Gvc/getMe "HTTP/1.1 200 OK"
2025-12-10 12:27:46,941 INFO HTTP Request: POST https://api.telegram.org/bot8428323516:AAElzjmSPfUeCoTGKbm7wnDLSZ5ek1-6Gvc/deleteWebhook "HTTP/1.1 200 OK"
2025-12-10 12:27:46,944 INFO Added job "_email_job" to job store "default"
2025-12-10 12:27:46,944 INFO Scheduler started
2025-12-10 12:27:46,944 INFO Application started
2025-12-10 12:27:57,392 INFO HTTP Request: POST https://api.telegram.org/bot8428323516:AAElzjmSPfUeCoTGKbm7wnDLSZ5ek1-6Gvc/getUpdates "HTTP/1.1 200 OK"
2025-12-10 12:28:07,542 INFO HTTP Request: POST https://api.telegram.org/bot8428323516:AAElzjmSPfUeCoTGKbm7wnDLSZ5ek1-6Gvc/getUpdates "HTTP/1.1 200 OK"
2025-12-10 12:28:17,693 INFO HTTP Request: POST https://api.telegram.org/bot8428323516:AAElzjmSPfUeCoTGKbm7wnDLSZ5ek1-6Gvc/getUpdates "HTTP/1.1 200 OK"
2025-12-10 12:28:27,844 INFO HTTP Request: POST https://api.telegram.org/bot8428323516:AAElzjmSPfUeCoTGKbm7wnDLSZ5ek1-6Gvc/getUpdates "HTTP/1.1 200 OK"
2025-12-10 12:28:37,995 INFO HTTP Request: POST https://api.telegram.org/bot8428323516:AAElzjmSPfUeCoTGKbm7wnDLSZ5ek1-6Gvc/getUpdates "HTTP/1.1 200 OK"
2025-12-10 12:28:46,181 INFO Running job "_email_job (trigger: interval[0:01:00], next run at: 2025-12-10 17:29:46 UTC)" (scheduled at 2025-12-10 17:28:46.173619+00:00)
2025-12-10 12:28:47,094 INFO Job "_email_job (trigger: interval[0:01:00], next run at: 2025-12-10 17:29:46 UTC)" executed successfully
2025-12-10 12:28:48,148 INFO HTTP Request: POST https://api.telegram.org/bot8428323516:AAElzjmSPfUeCoTGKbm7wnDLSZ5ek1-6Gvc/getUpdates "HTTP/1.1 200 OK"
2025-12-10 12:28:58,300 INFO HTTP Request: POST https://api.telegram.org/bot8428323516:AAElzjmSPfUeCoTGKbm7wnDLSZ5ek1-6Gvc/getUpdates "HTTP/1.1 200 OK"
2025-12-10 12:29:08,451 INFO HTTP Request: POST https://api.telegram.org/bot8428323516:AAElzjmSPfUeCoTGKbm7wnDLSZ5ek1-6Gvc/getUpdates "HTTP/1.1 200 OK"
2025-12-10 12:29:18,602 INFO HTTP Request: POST https://api.telegram.org/bot8428323516:AAElzjmSPfUeCoTGKbm7wnDLSZ5ek1-6Gvc/getUpdates "HTTP/1.1 200 OK"
2025-12-10 12:29:28,756 INFO HTTP Request: POST https://api.telegram.org/bot8428323516:AAElzjmSPfUeCoTGKbm7wnDLSZ5ek1-6Gvc/getUpdates "HTTP/1.1 200 OK"
2025-12-10 12:29:38,907 INFO HTTP Request: POST https://api.telegram.org/bot8428323516:AAElzjmSPfUeCoTGKbm7wnDLSZ5ek1-6Gvc/getUpdates "HTTP/1.1 200 OK"
2025-12-10 12:29:46,179 INFO Running job "_email_job (trigger: interval[0:01:00], next run at: 2025-12-10 17:30:46 UTC)" (scheduled at 2025-12-10 17:29:46.173619+00:00)
2025-12-10 12:29:46,823 INFO Job "_email_job (trigger: interval[0:01:00], next run at: 2025-12-10 17:30:46 UTC)" executed successfully
2025-12-10 12:29:49,058 INFO HTTP Request: POST https://api.telegram.org/bot8428323516:AAElzjmSPfUeCoTGKbm7wnDLSZ5ek1-6Gvc/getUpdates "HTTP/1.1 200 OK"
2025-12-10 12:29:59,210 INFO HTTP Request: POST https://api.telegram.org/bot8428323516:AAElzjmSPfUeCoTGKbm7wnDLSZ5ek1-6Gvc/getUpdates "HTTP/1.1 200 OK"
2025-12-10 12:30:09,364 INFO HTTP Request: POST https://api.telegram.org/bot8428323516:AAElzjmSPfUeCoTGKbm7wnDLSZ5ek1-6Gvc/getUpdates "HTTP/1.1 200 OK"
2025-12-10 12:30:19,516 INFO HTTP Request: POST https://api.telegram.org/bot8428323516:AAElzjmSPfUeCoTGKbm7wnDLSZ5ek1-6Gvc/getUpdates "HTTP/1.1 200 OK"
2025-12-10 12:30:29,666 INFO HTTP Request: POST https://api.telegram.org/bot8428323516:AAElzjmSPfUeCoTGKbm7wnDLSZ5ek1-6Gvc/getUpdates "HTTP/1.1 200 OK"
2025-12-10 12:30:39,817 INFO HTTP Request: POST https://api.telegram.org/bot8428323516:AAElzjmSPfUeCoTGKbm7wnDLSZ5ek1-6Gvc/getUpdates "HTTP/1.1 200 OK"
2025-12-10 12:30:46,180 INFO Running job "_email_job (trigger: interval[0:01:00], next run at: 2025-12-10 17:31:46 UTC)" (scheduled at 2025-12-10 17:30:46.173619+00:00)
2025-12-10 12:30:46,821 INFO Job "_email_job (trigger: interval[0:01:00], next run at: 2025-12-10 17:31:46 UTC)" executed successfully
2025-12-10 12:30:49,967 INFO HTTP Request: POST https://api.telegram.org/bot8428323516:AAElzjmSPfUeCoTGKbm7wnDLSZ5ek1-6Gvc/getUpdates "HTTP/1.1 200 OK"
2025-12-10 12:30:51,260 INFO HTTP Request: POST https://api.telegram.org/bot8428323516:AAElzjmSPfUeCoTGKbm7wnDLSZ5ek1-6Gvc/getUpdates "HTTP/1.1 200 OK"
2025-12-10 12:30:51,262 INFO Comando /start recibido del CHAT_ID: 1943663667
2025-12-10 12:30:51,980 INFO HTTP Request: POST https://api.telegram.org/bot8428323516:AAElzjmSPfUeCoTGKbm7wnDLSZ5ek1-6Gvc/sendMessage "HTTP/1.1 200 OK"
2025-12-10 12:30:53,798 INFO HTTP Request: POST https://api.telegram.org/bot8428323516:AAElzjmSPfUeCoTGKbm7wnDLSZ5ek1-6Gvc/getUpdates "HTTP/1.1 200 OK"
2025-12-10 12:30:54,070 INFO HTTP Request: POST https://api.telegram.org/bot8428323516:AAElzjmSPfUeCoTGKbm7wnDLSZ5ek1-6Gvc/answerCallbackQuery "HTTP/1.1 200 OK"
2025-12-10 12:30:54,350 INFO HTTP Request: POST https://api.telegram.org/bot8428323516:AAElzjmSPfUeCoTGKbm7wnDLSZ5ek1-6Gvc/sendMessage "HTTP/1.1 200 OK"
2025-12-10 12:31:03,951 INFO HTTP Request: POST https://api.telegram.org/bot8428323516:AAElzjmSPfUeCoTGKbm7wnDLSZ5ek1-6Gvc/getUpdates "HTTP/1.1 200 OK"
2025-12-10 12:31:11,654 INFO HTTP Request: POST https://api.telegram.org/bot8428323516:AAElzjmSPfUeCoTGKbm7wnDLSZ5ek1-6Gvc/getUpdates "HTTP/1.1 200 OK"
2025-12-10 12:31:12,236 INFO HTTP Request: POST https://api.telegram.org/bot8428323516:AAElzjmSPfUeCoTGKbm7wnDLSZ5ek1-6Gvc/answerCallbackQuery "HTTP/1.1 200 OK"
2025-12-10 12:31:12,924 INFO HTTP Request: POST https://api.telegram.org/bot8428323516:AAElzjmSPfUeCoTGKbm7wnDLSZ5ek1-6Gvc/sendMessage "HTTP/1.1 200 OK"
2025-12-10 12:31:16,736 INFO HTTP Request: POST https://api.telegram.org/bot8428323516:AAElzjmSPfUeCoTGKbm7wnDLSZ5ek1-6Gvc/getUpdates "HTTP/1.1 200 OK"
2025-12-10 12:31:17,006 INFO HTTP Request: POST https://api.telegram.org/bot8428323516:AAElzjmSPfUeCoTGKbm7wnDLSZ5ek1-6Gvc/answerCallbackQuery "HTTP/1.1 200 OK"
2025-12-10 12:31:17,300 INFO HTTP Request: POST https://api.telegram.org/bot8428323516:AAElzjmSPfUeCoTGKbm7wnDLSZ5ek1-6Gvc/sendMessage "HTTP/1.1 200 OK"
2025-12-10 12:31:26,895 INFO HTTP Request: POST https://api.telegram.org/bot8428323516:AAElzjmSPfUeCoTGKbm7wnDLSZ5ek1-6Gvc/getUpdates "HTTP/1.1 200 OK"
2025-12-10 12:31:29,298 INFO HTTP Request: POST https://api.telegram.org/bot8428323516:AAElzjmSPfUeCoTGKbm7wnDLSZ5ek1-6Gvc/getUpdates "HTTP/1.1 200 OK"
2025-12-10 12:31:30,012 INFO HTTP Request: POST https://api.telegram.org/bot8428323516:AAElzjmSPfUeCoTGKbm7wnDLSZ5ek1-6Gvc/answerCallbackQuery "HTTP/1.1 200 OK"
2025-12-10 12:31:30,302 INFO HTTP Request: POST https://api.telegram.org/bot8428323516:AAElzjmSPfUeCoTGKbm7wnDLSZ5ek1-6Gvc/sendMessage "HTTP/1.1 200 OK"
2025-12-10 12:31:30,582 INFO HTTP Request: POST https://api.telegram.org/bot8428323516:AAElzjmSPfUeCoTGKbm7wnDLSZ5ek1-6Gvc/sendMessage "HTTP/1.1 200 OK"
2025-12-10 12:31:30,898 INFO HTTP Request: POST https://api.telegram.org/bot8428323516:AAElzjmSPfUeCoTGKbm7wnDLSZ5ek1-6Gvc/sendMessage "HTTP/1.1 200 OK"
2025-12-10 12:31:31,177 INFO HTTP Request: POST https://api.telegram.org/bot8428323516:AAElzjmSPfUeCoTGKbm7wnDLSZ5ek1-6Gvc/sendMessage "HTTP/1.1 200 OK"
2025-12-10 12:31:31,460 INFO HTTP Request: POST https://api.telegram.org/bot8428323516:AAElzjmSPfUeCoTGKbm7wnDLSZ5ek1-6Gvc/sendMessage "HTTP/1.1 200 OK"
2025-12-10 12:31:31,738 INFO HTTP Request: POST https://api.telegram.org/bot8428323516:AAElzjmSPfUeCoTGKbm7wnDLSZ5ek1-6Gvc/sendMessage "HTTP/1.1 200 OK"
2025-12-10 12:31:36,105 INFO HTTP Request: POST https://api.telegram.org/bot8428323516:AAElzjmSPfUeCoTGKbm7wnDLSZ5ek1-6Gvc/getUpdates "HTTP/1.1 200 OK"
2025-12-10 12:31:36,376 INFO HTTP Request: POST https://api.telegram.org/bot8428323516:AAElzjmSPfUeCoTGKbm7wnDLSZ5ek1-6Gvc/answerCallbackQuery "HTTP/1.1 200 OK"
2025-12-10 12:31:36,651 INFO HTTP Request: POST https://api.telegram.org/bot8428323516:AAElzjmSPfUeCoTGKbm7wnDLSZ5ek1-6Gvc/editMessageReplyMarkup "HTTP/1.1 200 OK"
2025-12-10 12:31:36,938 INFO HTTP Request: POST https://api.telegram.org/bot8428323516:AAElzjmSPfUeCoTGKbm7wnDLSZ5ek1-6Gvc/sendMessage "HTTP/1.1 200 OK"
2025-12-10 12:31:46,178 INFO Running job "_email_job (trigger: interval[0:01:00], next run at: 2025-12-10 17:32:46 UTC)" (scheduled at 2025-12-10 17:31:46.173619+00:00)
2025-12-10 12:31:46,260 INFO HTTP Request: POST https://api.telegram.org/bot8428323516:AAElzjmSPfUeCoTGKbm7wnDLSZ5ek1-6Gvc/getUpdates "HTTP/1.1 200 OK"
2025-12-10 12:31:46,900 INFO Job "_email_job (trigger: interval[0:01:00], next run at: 2025-12-10 17:32:46 UTC)" executed successfully
2025-12-10 12:31:56,410 INFO HTTP Request: POST https://api.telegram.org/bot8428323516:AAElzjmSPfUeCoTGKbm7wnDLSZ5ek1-6Gvc/getUpdates "HTTP/1.1 200 OK"
2025-12-10 12:32:06,565 INFO HTTP Request: POST https://api.telegram.org/bot8428323516:AAElzjmSPfUeCoTGKbm7wnDLSZ5ek1-6Gvc/getUpdates "HTTP/1.1 200 OK"
2025-12-10 12:32:16,736 INFO HTTP Request: POST https://api.telegram.org/bot8428323516:AAElzjmSPfUeCoTGKbm7wnDLSZ5ek1-6Gvc/getUpdates "HTTP/1.1 200 OK"
2025-12-10 13:38:44,856 WARNING ⚠️ Usando CHAT_ID por defecto (1943663667).
2025-12-10 13:38:44,859 INFO Adding job tentatively -- it will be properly scheduled when the scheduler starts
2025-12-10 13:38:45,451 INFO HTTP Request: POST https://api.telegram.org/bot8428323516:AAElzjmSPfUeCoTGKbm7wnDLSZ5ek1-6Gvc/getMe "HTTP/1.1 200 OK"
2025-12-10 13:38:45,601 INFO HTTP Request: POST https://api.telegram.org/bot8428323516:AAElzjmSPfUeCoTGKbm7wnDLSZ5ek1-6Gvc/deleteWebhook "HTTP/1.1 200 OK"
2025-12-10 13:38:45,603 INFO Added job "_email_job" to job store "default"
2025-12-10 13:38:45,603 INFO Scheduler started
2025-12-10 13:38:45,603 INFO Application started
2025-12-10 13:38:56,072 INFO HTTP Request: POST https://api.telegram.org/bot8428323516:AAElzjmSPfUeCoTGKbm7wnDLSZ5ek1-6Gvc/getUpdates "HTTP/1.1 200 OK"
2025-12-10 13:39:06,230 INFO HTTP Request: POST https://api.telegram.org/bot8428323516:AAElzjmSPfUeCoTGKbm7wnDLSZ5ek1-6Gvc/getUpdates "HTTP/1.1 200 OK"
2025-12-10 13:39:16,389 INFO HTTP Request: POST https://api.telegram.org/bot8428323516:AAElzjmSPfUeCoTGKbm7wnDLSZ5ek1-6Gvc/getUpdates "HTTP/1.1 200 OK"
2025-12-10 13:39:26,549 INFO HTTP Request: POST https://api.telegram.org/bot8428323516:AAElzjmSPfUeCoTGKbm7wnDLSZ5ek1-6Gvc/getUpdates "HTTP/1.1 200 OK"
2025-12-10 13:39:36,712 INFO HTTP Request: POST https://api.telegram.org/bot8428323516:AAElzjmSPfUeCoTGKbm7wnDLSZ5ek1-6Gvc/getUpdates "HTTP/1.1 200 OK"
2025-12-10 13:39:44,867 INFO Running job "_email_job (trigger: interval[0:01:00], next run at: 2025-12-10 18:40:44 UTC)" (scheduled at 2025-12-10 18:39:44.858171+00:00)
2025-12-10 13:39:45,700 INFO Job "_email_job (trigger: interval[0:01:00], next run at: 2025-12-10 18:40:44 UTC)" executed successfully
2025-12-10 13:39:46,872 INFO HTTP Request: POST https://api.telegram.org/bot8428323516:AAElzjmSPfUeCoTGKbm7wnDLSZ5ek1-6Gvc/getUpdates "HTTP/1.1 200 OK"
2025-12-10 13:39:57,034 INFO HTTP Request: POST https://api.telegram.org/bot8428323516:AAElzjmSPfUeCoTGKbm7wnDLSZ5ek1-6Gvc/getUpdates "HTTP/1.1 200 OK"
2025-12-10 13:40:07,199 INFO HTTP Request: POST https://api.telegram.org/bot8428323516:AAElzjmSPfUeCoTGKbm7wnDLSZ5ek1-6Gvc/getUpdates "HTTP/1.1 200 OK"
2025-12-10 13:40:17,363 INFO HTTP Request: POST https://api.telegram.org/bot8428323516:AAElzjmSPfUeCoTGKbm7wnDLSZ5ek1-6Gvc/getUpdates "HTTP/1.1 200 OK"
2025-12-10 13:40:27,522 INFO HTTP Request: POST https://api.telegram.org/bot8428323516:AAElzjmSPfUeCoTGKbm7wnDLSZ5ek1-6Gvc/getUpdates "HTTP/1.1 200 OK"
2025-12-10 13:40:37,686 INFO HTTP Request: POST https://api.telegram.org/bot8428323516:AAElzjmSPfUeCoTGKbm7wnDLSZ5ek1-6Gvc/getUpdates "HTTP/1.1 200 OK"
2025-12-10 13:40:44,873 INFO Running job "_email_job (trigger: interval[0:01:00], next run at: 2025-12-10 18:41:44 UTC)" (scheduled at 2025-12-10 18:40:44.858171+00:00)
2025-12-10 13:40:45,512 INFO Job "_email_job (trigger: interval[0:01:00], next run at: 2025-12-10 18:41:44 UTC)" executed successfully
2025-12-10 13:40:47,843 INFO HTTP Request: POST https://api.telegram.org/bot8428323516:AAElzjmSPfUeCoTGKbm7wnDLSZ5ek1-6Gvc/getUpdates "HTTP/1.1 200 OK"
2025-12-10 13:40:57,274 INFO HTTP Request: POST https://api.telegram.org/bot8428323516:AAElzjmSPfUeCoTGKbm7wnDLSZ5ek1-6Gvc/getUpdates "HTTP/1.1 200 OK"
2025-12-10 13:40:57,275 INFO Comando /start recibido del CHAT_ID: 1943663667
2025-12-10 13:40:58,073 INFO HTTP Request: POST https://api.telegram.org/bot8428323516:AAElzjmSPfUeCoTGKbm7wnDLSZ5ek1-6Gvc/sendMessage "HTTP/1.1 200 OK"
2025-12-10 13:41:01,557 INFO HTTP Request: POST https://api.telegram.org/bot8428323516:AAElzjmSPfUeCoTGKbm7wnDLSZ5ek1-6Gvc/getUpdates "HTTP/1.1 200 OK"
2025-12-10 13:41:01,895 INFO HTTP Request: POST https://api.telegram.org/bot8428323516:AAElzjmSPfUeCoTGKbm7wnDLSZ5ek1-6Gvc/answerCallbackQuery "HTTP/1.1 200 OK"
2025-12-10 13:41:02,252 INFO HTTP Request: POST https://api.telegram.org/bot8428323516:AAElzjmSPfUeCoTGKbm7wnDLSZ5ek1-6Gvc/sendMessage "HTTP/1.1 200 OK"
2025-12-10 13:41:04,210 INFO HTTP Request: POST https://api.telegram.org/bot8428323516:AAElzjmSPfUeCoTGKbm7wnDLSZ5ek1-6Gvc/getUpdates "HTTP/1.1 200 OK"
2025-12-10 13:41:04,561 INFO HTTP Request: POST https://api.telegram.org/bot8428323516:AAElzjmSPfUeCoTGKbm7wnDLSZ5ek1-6Gvc/answerCallbackQuery "HTTP/1.1 200 OK"
2025-12-10 13:41:04,950 INFO HTTP Request: POST https://api.telegram.org/bot8428323516:AAElzjmSPfUeCoTGKbm7wnDLSZ5ek1-6Gvc/sendMessage "HTTP/1.1 200 OK"
2025-12-10 13:41:05,311 INFO HTTP Request: POST https://api.telegram.org/bot8428323516:AAElzjmSPfUeCoTGKbm7wnDLSZ5ek1-6Gvc/sendMessage "HTTP/1.1 200 OK"
2025-12-10 13:41:05,674 INFO HTTP Request: POST https://api.telegram.org/bot8428323516:AAElzjmSPfUeCoTGKbm7wnDLSZ5ek1-6Gvc/sendMessage "HTTP/1.1 200 OK"
2025-12-10 13:41:06,029 INFO HTTP Request: POST https://api.telegram.org/bot8428323516:AAElzjmSPfUeCoTGKbm7wnDLSZ5ek1-6Gvc/sendMessage "HTTP/1.1 200 OK"
2025-12-10 13:41:06,381 INFO HTTP Request: POST https://api.telegram.org/bot8428323516:AAElzjmSPfUeCoTGKbm7wnDLSZ5ek1-6Gvc/sendMessage "HTTP/1.1 200 OK"
2025-12-10 13:41:06,771 INFO HTTP Request: POST https://api.telegram.org/bot8428323516:AAElzjmSPfUeCoTGKbm7wnDLSZ5ek1-6Gvc/sendMessage "HTTP/1.1 200 OK"
2025-12-10 13:41:11,558 INFO HTTP Request: POST https://api.telegram.org/bot8428323516:AAElzjmSPfUeCoTGKbm7wnDLSZ5ek1-6Gvc/getUpdates "HTTP/1.1 200 OK"
2025-12-10 13:41:11,911 INFO HTTP Request: POST https://api.telegram.org/bot8428323516:AAElzjmSPfUeCoTGKbm7wnDLSZ5ek1-6Gvc/answerCallbackQuery "HTTP/1.1 200 OK"
2025-12-10 13:41:12,270 INFO HTTP Request: POST https://api.telegram.org/bot8428323516:AAElzjmSPfUeCoTGKbm7wnDLSZ5ek1-6Gvc/sendMessage "HTTP/1.1 200 OK"
2025-12-10 13:41:21,724 INFO HTTP Request: POST https://api.telegram.org/bot8428323516:AAElzjmSPfUeCoTGKbm7wnDLSZ5ek1-6Gvc/getUpdates "HTTP/1.1 200 OK"
2025-12-10 13:41:27,190 INFO HTTP Request: POST https://api.telegram.org/bot8428323516:AAElzjmSPfUeCoTGKbm7wnDLSZ5ek1-6Gvc/getUpdates "HTTP/1.1 200 OK"
2025-12-10 13:41:27,818 INFO HTTP Request: POST https://api.telegram.org/bot8428323516:AAElzjmSPfUeCoTGKbm7wnDLSZ5ek1-6Gvc/answerCallbackQuery "HTTP/1.1 200 OK"
2025-12-10 13:41:28,541 INFO HTTP Request: POST https://api.telegram.org/bot8428323516:AAElzjmSPfUeCoTGKbm7wnDLSZ5ek1-6Gvc/sendMessage "HTTP/1.1 200 OK"
2025-12-10 13:41:37,350 INFO HTTP Request: POST https://api.telegram.org/bot8428323516:AAElzjmSPfUeCoTGKbm7wnDLSZ5ek1-6Gvc/getUpdates "HTTP/1.1 200 OK"
2025-12-10 13:41:42,224 INFO HTTP Request: POST https://api.telegram.org/bot8428323516:AAElzjmSPfUeCoTGKbm7wnDLSZ5ek1-6Gvc/getUpdates "HTTP/1.1 200 OK"
2025-12-10 13:41:42,225 INFO Application is stopping. This might take a moment.
2025-12-10 13:41:42,225 INFO Scheduler has been shut down
2025-12-10 13:41:42,236 INFO Application.stop() complete
2025-12-10 14:28:57,154 WARNING ⚠️ Usando CHAT_ID por defecto (1943663667).
2025-12-10 14:28:57,158 INFO Adding job tentatively -- it will be properly scheduled when the scheduler starts
2025-12-10 14:28:57,760 INFO HTTP Request: POST https://api.telegram.org/bot8428323516:AAElzjmSPfUeCoTGKbm7wnDLSZ5ek1-6Gvc/getMe "HTTP/1.1 200 OK"
2025-12-10 14:28:57,917 INFO HTTP Request: POST https://api.telegram.org/bot8428323516:AAElzjmSPfUeCoTGKbm7wnDLSZ5ek1-6Gvc/deleteWebhook "HTTP/1.1 200 OK"
2025-12-10 14:28:57,919 INFO Added job "_email_job" to job store "default"
2025-12-10 14:28:57,919 INFO Scheduler started
2025-12-10 14:28:57,920 INFO Application started
2025-12-10 14:29:08,387 INFO HTTP Request: POST https://api.telegram.org/bot8428323516:AAElzjmSPfUeCoTGKbm7wnDLSZ5ek1-6Gvc/getUpdates "HTTP/1.1 200 OK"
2025-12-10 14:29:08,781 INFO HTTP Request: POST https://api.telegram.org/bot8428323516:AAElzjmSPfUeCoTGKbm7wnDLSZ5ek1-6Gvc/getUpdates "HTTP/1.1 200 OK"
2025-12-10 14:29:08,782 INFO Comando /start recibido del CHAT_ID: 1943663667
2025-12-10 14:29:09,364 INFO HTTP Request: POST https://api.telegram.org/bot8428323516:AAElzjmSPfUeCoTGKbm7wnDLSZ5ek1-6Gvc/sendMessage "HTTP/1.1 200 OK"
2025-12-10 14:29:16,888 INFO HTTP Request: POST https://api.telegram.org/bot8428323516:AAElzjmSPfUeCoTGKbm7wnDLSZ5ek1-6Gvc/getUpdates "HTTP/1.1 200 OK"
2025-12-10 14:29:17,471 INFO HTTP Request: POST https://api.telegram.org/bot8428323516:AAElzjmSPfUeCoTGKbm7wnDLSZ5ek1-6Gvc/answerCallbackQuery "HTTP/1.1 200 OK"
2025-12-10 14:29:17,753 INFO HTTP Request: POST https://api.telegram.org/bot8428323516:AAElzjmSPfUeCoTGKbm7wnDLSZ5ek1-6Gvc/sendMessage "HTTP/1.1 200 OK"
2025-12-10 14:29:20,155 INFO HTTP Request: POST https://api.telegram.org/bot8428323516:AAElzjmSPfUeCoTGKbm7wnDLSZ5ek1-6Gvc/getUpdates "HTTP/1.1 200 OK"
2025-12-10 14:29:20,429 INFO HTTP Request: POST https://api.telegram.org/bot8428323516:AAElzjmSPfUeCoTGKbm7wnDLSZ5ek1-6Gvc/answerCallbackQuery "HTTP/1.1 200 OK"
2025-12-10 14:29:20,715 INFO HTTP Request: POST https://api.telegram.org/bot8428323516:AAElzjmSPfUeCoTGKbm7wnDLSZ5ek1-6Gvc/sendMessage "HTTP/1.1 200 OK"
2025-12-10 14:29:23,179 INFO HTTP Request: POST https://api.telegram.org/bot8428323516:AAElzjmSPfUeCoTGKbm7wnDLSZ5ek1-6Gvc/getUpdates "HTTP/1.1 200 OK"
2025-12-10 14:29:23,453 INFO HTTP Request: POST https://api.telegram.org/bot8428323516:AAElzjmSPfUeCoTGKbm7wnDLSZ5ek1-6Gvc/answerCallbackQuery "HTTP/1.1 200 OK"
2025-12-10 14:29:23,747 INFO HTTP Request: POST https://api.telegram.org/bot8428323516:AAElzjmSPfUeCoTGKbm7wnDLSZ5ek1-6Gvc/sendMessage "HTTP/1.1 200 OK"
2025-12-10 14:29:33,337 INFO HTTP Request: POST https://api.telegram.org/bot8428323516:AAElzjmSPfUeCoTGKbm7wnDLSZ5ek1-6Gvc/getUpdates "HTTP/1.1 200 OK"
2025-12-10 14:29:43,493 INFO HTTP Request: POST https://api.telegram.org/bot8428323516:AAElzjmSPfUeCoTGKbm7wnDLSZ5ek1-6Gvc/getUpdates "HTTP/1.1 200 OK"
2025-12-10 14:29:45,058 INFO HTTP Request: POST https://api.telegram.org/bot8428323516:AAElzjmSPfUeCoTGKbm7wnDLSZ5ek1-6Gvc/getUpdates "HTTP/1.1 200 OK"
2025-12-10 14:29:53,156 INFO HTTP Request: POST https://api.telegram.org/bot8428323516:AAElzjmSPfUeCoTGKbm7wnDLSZ5ek1-6Gvc/getUpdates "HTTP/1.1 200 OK"
2025-12-10 14:29:53,842 INFO HTTP Request: POST https://api.telegram.org/bot8428323516:AAElzjmSPfUeCoTGKbm7wnDLSZ5ek1-6Gvc/answerCallbackQuery "HTTP/1.1 200 OK"
2025-12-10 14:29:54,125 INFO HTTP Request: POST https://api.telegram.org/bot8428323516:AAElzjmSPfUeCoTGKbm7wnDLSZ5ek1-6Gvc/sendMessage "HTTP/1.1 200 OK"
2025-12-10 14:29:57,164 INFO Running job "_email_job (trigger: interval[0:01:00], next run at: 2025-12-10 19:30:57 UTC)" (scheduled at 2025-12-10 19:29:57.158057+00:00)
2025-12-10 14:29:57,961 INFO Job "_email_job (trigger: interval[0:01:00], next run at: 2025-12-10 19:30:57 UTC)" executed successfully
2025-12-10 14:30:03,314 INFO HTTP Request: POST https://api.telegram.org/bot8428323516:AAElzjmSPfUeCoTGKbm7wnDLSZ5ek1-6Gvc/getUpdates "HTTP/1.1 200 OK"
2025-12-10 14:30:07,440 INFO HTTP Request: POST https://api.telegram.org/bot8428323516:AAElzjmSPfUeCoTGKbm7wnDLSZ5ek1-6Gvc/getUpdates "HTTP/1.1 200 OK"
2025-12-10 14:30:17,598 INFO HTTP Request: POST https://api.telegram.org/bot8428323516:AAElzjmSPfUeCoTGKbm7wnDLSZ5ek1-6Gvc/getUpdates "HTTP/1.1 200 OK"
2025-12-10 14:30:21,586 INFO HTTP Request: POST https://api.telegram.org/bot8428323516:AAElzjmSPfUeCoTGKbm7wnDLSZ5ek1-6Gvc/getUpdates "HTTP/1.1 200 OK"
2025-12-10 14:30:21,587 INFO Application is stopping. This might take a moment.
2025-12-10 14:30:21,587 INFO Scheduler has been shut down
2025-12-10 14:30:21,608 INFO Application.stop() complete
2025-12-10 17:46:23,004 WARNING ⚠️ Usando CHAT_ID por defecto (1943663667).
2025-12-10 17:46:23,007 INFO Adding job tentatively -- it will be properly scheduled when the scheduler starts
2025-12-10 17:46:23,591 INFO HTTP Request: POST https://api.telegram.org/bot8428323516:AAElzjmSPfUeCoTGKbm7wnDLSZ5ek1-6Gvc/getMe "HTTP/1.1 200 OK"
2025-12-10 17:46:23,742 INFO HTTP Request: POST https://api.telegram.org/bot8428323516:AAElzjmSPfUeCoTGKbm7wnDLSZ5ek1-6Gvc/deleteWebhook "HTTP/1.1 200 OK"
2025-12-10 17:46:23,745 INFO Added job "_email_job" to job store "default"
2025-12-10 17:46:23,745 INFO Scheduler started
2025-12-10 17:46:23,745 INFO Application started
2025-12-10 17:46:34,218 INFO HTTP Request: POST https://api.telegram.org/bot8428323516:AAElzjmSPfUeCoTGKbm7wnDLSZ5ek1-6Gvc/getUpdates "HTTP/1.1 200 OK"
2025-12-10 17:46:43,015 INFO HTTP Request: POST https://api.telegram.org/bot8428323516:AAElzjmSPfUeCoTGKbm7wnDLSZ5ek1-6Gvc/getUpdates "HTTP/1.1 200 OK"
2025-12-10 17:46:43,016 INFO Comando /start recibido del CHAT_ID: 1943663667
2025-12-10 17:46:43,600 INFO HTTP Request: POST https://api.telegram.org/bot8428323516:AAElzjmSPfUeCoTGKbm7wnDLSZ5ek1-6Gvc/sendMessage "HTTP/1.1 200 OK"
2025-12-10 17:46:50,299 INFO HTTP Request: POST https://api.telegram.org/bot8428323516:AAElzjmSPfUeCoTGKbm7wnDLSZ5ek1-6Gvc/getUpdates "HTTP/1.1 200 OK"
2025-12-10 17:46:50,884 INFO HTTP Request: POST https://api.telegram.org/bot8428323516:AAElzjmSPfUeCoTGKbm7wnDLSZ5ek1-6Gvc/answerCallbackQuery "HTTP/1.1 200 OK"
2025-12-10 17:46:51,169 INFO HTTP Request: POST https://api.telegram.org/bot8428323516:AAElzjmSPfUeCoTGKbm7wnDLSZ5ek1-6Gvc/sendMessage "HTTP/1.1 200 OK"
2025-12-10 17:47:00,459 INFO HTTP Request: POST https://api.telegram.org/bot8428323516:AAElzjmSPfUeCoTGKbm7wnDLSZ5ek1-6Gvc/getUpdates "HTTP/1.1 200 OK"
2025-12-10 17:47:09,628 INFO HTTP Request: POST https://api.telegram.org/bot8428323516:AAElzjmSPfUeCoTGKbm7wnDLSZ5ek1-6Gvc/getUpdates "HTTP/1.1 200 OK"
2025-12-10 17:47:10,203 INFO HTTP Request: POST https://api.telegram.org/bot8428323516:AAElzjmSPfUeCoTGKbm7wnDLSZ5ek1-6Gvc/answerCallbackQuery "HTTP/1.1 200 OK"
2025-12-10 17:47:10,500 INFO HTTP Request: POST https://api.telegram.org/bot8428323516:AAElzjmSPfUeCoTGKbm7wnDLSZ5ek1-6Gvc/sendMessage "HTTP/1.1 200 OK"
2025-12-10 17:47:12,636 INFO HTTP Request: POST https://api.telegram.org/bot8428323516:AAElzjmSPfUeCoTGKbm7wnDLSZ5ek1-6Gvc/getUpdates "HTTP/1.1 200 OK"
2025-12-10 17:47:12,909 INFO HTTP Request: POST https://api.telegram.org/bot8428323516:AAElzjmSPfUeCoTGKbm7wnDLSZ5ek1-6Gvc/answerCallbackQuery "HTTP/1.1 200 OK"
2025-12-10 17:47:13,193 INFO HTTP Request: POST https://api.telegram.org/bot8428323516:AAElzjmSPfUeCoTGKbm7wnDLSZ5ek1-6Gvc/sendMessage "HTTP/1.1 200 OK"
2025-12-10 17:47:15,049 INFO HTTP Request: POST https://api.telegram.org/bot8428323516:AAElzjmSPfUeCoTGKbm7wnDLSZ5ek1-6Gvc/getUpdates "HTTP/1.1 200 OK"
2025-12-10 17:47:15,325 INFO HTTP Request: POST https://api.telegram.org/bot8428323516:AAElzjmSPfUeCoTGKbm7wnDLSZ5ek1-6Gvc/answerCallbackQuery "HTTP/1.1 200 OK"
2025-12-10 17:47:15,608 INFO HTTP Request: POST https://api.telegram.org/bot8428323516:AAElzjmSPfUeCoTGKbm7wnDLSZ5ek1-6Gvc/sendMessage "HTTP/1.1 200 OK"
2025-12-10 17:47:20,992 INFO HTTP Request: POST https://api.telegram.org/bot8428323516:AAElzjmSPfUeCoTGKbm7wnDLSZ5ek1-6Gvc/getUpdates "HTTP/1.1 200 OK"
2025-12-10 17:47:21,664 INFO HTTP Request: POST https://api.telegram.org/bot8428323516:AAElzjmSPfUeCoTGKbm7wnDLSZ5ek1-6Gvc/answerCallbackQuery "HTTP/1.1 200 OK"
2025-12-10 17:47:21,940 INFO HTTP Request: POST https://api.telegram.org/bot8428323516:AAElzjmSPfUeCoTGKbm7wnDLSZ5ek1-6Gvc/sendMessage "HTTP/1.1 200 OK"
2025-12-10 17:47:23,015 INFO Running job "_email_job (trigger: interval[0:01:00], next run at: 2025-12-10 22:48:23 UTC)" (scheduled at 2025-12-10 22:47:23.006745+00:00)
2025-12-10 17:47:23,856 INFO Job "_email_job (trigger: interval[0:01:00], next run at: 2025-12-10 22:48:23 UTC)" executed successfully
2025-12-10 17:47:30,869 INFO HTTP Request: POST https://api.telegram.org/bot8428323516:AAElzjmSPfUeCoTGKbm7wnDLSZ5ek1-6Gvc/getUpdates "HTTP/1.1 200 OK"
2025-12-10 17:47:38,324 INFO HTTP Request: POST https://api.telegram.org/bot8428323516:AAElzjmSPfUeCoTGKbm7wnDLSZ5ek1-6Gvc/getUpdates "HTTP/1.1 200 OK"
2025-12-10 17:47:39,012 INFO HTTP Request: POST https://api.telegram.org/bot8428323516:AAElzjmSPfUeCoTGKbm7wnDLSZ5ek1-6Gvc/answerCallbackQuery "HTTP/1.1 200 OK"
2025-12-10 17:47:39,298 INFO HTTP Request: POST https://api.telegram.org/bot8428323516:AAElzjmSPfUeCoTGKbm7wnDLSZ5ek1-6Gvc/sendMessage "HTTP/1.1 200 OK"
2025-12-10 17:47:48,484 INFO HTTP Request: POST https://api.telegram.org/bot8428323516:AAElzjmSPfUeCoTGKbm7wnDLSZ5ek1-6Gvc/getUpdates "HTTP/1.1 200 OK"
2025-12-10 17:47:51,889 INFO HTTP Request: POST https://api.telegram.org/bot8428323516:AAElzjmSPfUeCoTGKbm7wnDLSZ5ek1-6Gvc/getUpdates "HTTP/1.1 200 OK"
2025-12-10 17:47:52,541 INFO HTTP Request: POST https://api.telegram.org/bot8428323516:AAElzjmSPfUeCoTGKbm7wnDLSZ5ek1-6Gvc/answerCallbackQuery "HTTP/1.1 200 OK"
2025-12-10 17:47:52,828 INFO HTTP Request: POST https://api.telegram.org/bot8428323516:AAElzjmSPfUeCoTGKbm7wnDLSZ5ek1-6Gvc/sendMessage "HTTP/1.1 200 OK"
2025-12-10 17:47:55,259 INFO HTTP Request: POST https://api.telegram.org/bot8428323516:AAElzjmSPfUeCoTGKbm7wnDLSZ5ek1-6Gvc/getUpdates "HTTP/1.1 200 OK"
2025-12-10 17:47:55,532 INFO HTTP Request: POST https://api.telegram.org/bot8428323516:AAElzjmSPfUeCoTGKbm7wnDLSZ5ek1-6Gvc/answerCallbackQuery "HTTP/1.1 200 OK"
2025-12-10 17:47:55,814 INFO HTTP Request: POST https://api.telegram.org/bot8428323516:AAElzjmSPfUeCoTGKbm7wnDLSZ5ek1-6Gvc/sendMessage "HTTP/1.1 200 OK"
2025-12-10 17:48:05,417 INFO HTTP Request: POST https://api.telegram.org/bot8428323516:AAElzjmSPfUeCoTGKbm7wnDLSZ5ek1-6Gvc/getUpdates "HTTP/1.1 200 OK"
2025-12-10 17:48:06,914 INFO HTTP Request: POST https://api.telegram.org/bot8428323516:AAElzjmSPfUeCoTGKbm7wnDLSZ5ek1-6Gvc/getUpdates "HTTP/1.1 200 OK"
2025-12-10 17:48:17,072 INFO HTTP Request: POST https://api.telegram.org/bot8428323516:AAElzjmSPfUeCoTGKbm7wnDLSZ5ek1-6Gvc/getUpdates "HTTP/1.1 200 OK"
2025-12-10 17:48:23,008 INFO Running job "_email_job (trigger: interval[0:01:00], next run at: 2025-12-10 22:49:23 UTC)" (scheduled at 2025-12-10 22:48:23.006745+00:00)
2025-12-10 17:48:23,690 INFO Job "_email_job (trigger: interval[0:01:00], next run at: 2025-12-10 22:49:23 UTC)" executed successfully
2025-12-10 17:48:27,230 INFO HTTP Request: POST https://api.telegram.org/bot8428323516:AAElzjmSPfUeCoTGKbm7wnDLSZ5ek1-6Gvc/getUpdates "HTTP/1.1 200 OK"
2025-12-10 17:48:37,388 INFO HTTP Request: POST https://api.telegram.org/bot8428323516:AAElzjmSPfUeCoTGKbm7wnDLSZ5ek1-6Gvc/getUpdates "HTTP/1.1 200 OK"
2025-12-10 17:48:47,547 INFO HTTP Request: POST https://api.telegram.org/bot8428323516:AAElzjmSPfUeCoTGKbm7wnDLSZ5ek1-6Gvc/getUpdates "HTTP/1.1 200 OK"
2025-12-10 17:48:57,704 INFO HTTP Request: POST https://api.telegram.org/bot8428323516:AAElzjmSPfUeCoTGKbm7wnDLSZ5ek1-6Gvc/getUpdates "HTTP/1.1 200 OK"
2025-12-10 17:49:07,863 INFO HTTP Request: POST https://api.telegram.org/bot8428323516:AAElzjmSPfUeCoTGKbm7wnDLSZ5ek1-6Gvc/getUpdates "HTTP/1.1 200 OK"
2025-12-10 17:49:18,021 INFO HTTP Request: POST https://api.telegram.org/bot8428323516:AAElzjmSPfUeCoTGKbm7wnDLSZ5ek1-6Gvc/getUpdates "HTTP/1.1 200 OK"
2025-12-10 17:49:23,009 INFO Running job "_email_job (trigger: interval[0:01:00], next run at: 2025-12-10 22:50:23 UTC)" (scheduled at 2025-12-10 22:49:23.006745+00:00)
2025-12-10 17:49:23,620 INFO Job "_email_job (trigger: interval[0:01:00], next run at: 2025-12-10 22:50:23 UTC)" executed successfully
2025-12-10 17:49:28,179 INFO HTTP Request: POST https://api.telegram.org/bot8428323516:AAElzjmSPfUeCoTGKbm7wnDLSZ5ek1-6Gvc/getUpdates "HTTP/1.1 200 OK"
2025-12-10 17:49:38,336 INFO HTTP Request: POST https://api.telegram.org/bot8428323516:AAElzjmSPfUeCoTGKbm7wnDLSZ5ek1-6Gvc/getUpdates "HTTP/1.1 200 OK"
2025-12-10 17:49:48,495 INFO HTTP Request: POST https://api.telegram.org/bot8428323516:AAElzjmSPfUeCoTGKbm7wnDLSZ5ek1-6Gvc/getUpdates "HTTP/1.1 200 OK"
2025-12-10 17:49:58,653 INFO HTTP Request: POST https://api.telegram.org/bot8428323516:AAElzjmSPfUeCoTGKbm7wnDLSZ5ek1-6Gvc/getUpdates "HTTP/1.1 200 OK"
2025-12-10 17:50:08,812 INFO HTTP Request: POST https://api.telegram.org/bot8428323516:AAElzjmSPfUeCoTGKbm7wnDLSZ5ek1-6Gvc/getUpdates "HTTP/1.1 200 OK"
2025-12-10 17:50:18,969 INFO HTTP Request: POST https://api.telegram.org/bot8428323516:AAElzjmSPfUeCoTGKbm7wnDLSZ5ek1-6Gvc/getUpdates "HTTP/1.1 200 OK"
2025-12-10 17:50:23,018 INFO Running job "_email_job (trigger: interval[0:01:00], next run at: 2025-12-10 22:51:23 UTC)" (scheduled at 2025-12-10 22:50:23.006745+00:00)
2025-12-10 17:50:23,732 INFO Job "_email_job (trigger: interval[0:01:00], next run at: 2025-12-10 22:51:23 UTC)" executed successfully
2025-12-10 17:50:29,127 INFO HTTP Request: POST https://api.telegram.org/bot8428323516:AAElzjmSPfUeCoTGKbm7wnDLSZ5ek1-6Gvc/getUpdates "HTTP/1.1 200 OK"
2025-12-10 17:50:39,284 INFO HTTP Request: POST https://api.telegram.org/bot8428323516:AAElzjmSPfUeCoTGKbm7wnDLSZ5ek1-6Gvc/getUpdates "HTTP/1.1 200 OK"
2025-12-10 17:50:49,442 INFO HTTP Request: POST https://api.telegram.org/bot8428323516:AAElzjmSPfUeCoTGKbm7wnDLSZ5ek1-6Gvc/getUpdates "HTTP/1.1 200 OK"
2025-12-10 17:50:59,601 INFO HTTP Request: POST https://api.telegram.org/bot8428323516:AAElzjmSPfUeCoTGKbm7wnDLSZ5ek1-6Gvc/getUpdates "HTTP/1.1 200 OK"
2025-12-10 17:51:09,760 INFO HTTP Request: POST https://api.telegram.org/bot8428323516:AAElzjmSPfUeCoTGKbm7wnDLSZ5ek1-6Gvc/getUpdates "HTTP/1.1 200 OK"
2025-12-10 17:51:19,918 INFO HTTP Request: POST https://api.telegram.org/bot8428323516:AAElzjmSPfUeCoTGKbm7wnDLSZ5ek1-6Gvc/getUpdates "HTTP/1.1 200 OK"
2025-12-10 17:51:23,014 INFO Running job "_email_job (trigger: interval[0:01:00], next run at: 2025-12-10 22:52:23 UTC)" (scheduled at 2025-12-10 22:51:23.006745+00:00)
2025-12-10 17:51:23,763 INFO Job "_email_job (trigger: interval[0:01:00], next run at: 2025-12-10 22:52:23 UTC)" executed successfully
2025-12-10 17:51:30,076 INFO HTTP Request: POST https://api.telegram.org/bot8428323516:AAElzjmSPfUeCoTGKbm7wnDLSZ5ek1-6Gvc/getUpdates "HTTP/1.1 200 OK"
2025-12-10 17:51:40,234 INFO HTTP Request: POST https://api.telegram.org/bot8428323516:AAElzjmSPfUeCoTGKbm7wnDLSZ5ek1-6Gvc/getUpdates "HTTP/1.1 200 OK"
2025-12-10 17:51:50,392 INFO HTTP Request: POST https://api.telegram.org/bot8428323516:AAElzjmSPfUeCoTGKbm7wnDLSZ5ek1-6Gvc/getUpdates "HTTP/1.1 200 OK"
2025-12-10 17:52:00,551 INFO HTTP Request: POST https://api.telegram.org/bot8428323516:AAElzjmSPfUeCoTGKbm7wnDLSZ5ek1-6Gvc/getUpdates "HTTP/1.1 200 OK"
2025-12-10 17:52:10,709 INFO HTTP Request: POST https://api.telegram.org/bot8428323516:AAElzjmSPfUeCoTGKbm7wnDLSZ5ek1-6Gvc/getUpdates "HTTP/1.1 200 OK"
2025-12-10 17:52:20,866 INFO HTTP Request: POST https://api.telegram.org/bot8428323516:AAElzjmSPfUeCoTGKbm7wnDLSZ5ek1-6Gvc/getUpdates "HTTP/1.1 200 OK"
2025-12-10 17:52:23,008 INFO Running job "_email_job (trigger: interval[0:01:00], next run at: 2025-12-10 22:53:23 UTC)" (scheduled at 2025-12-10 22:52:23.006745+00:00)
2025-12-10 17:52:23,741 INFO Job "_email_job (trigger: interval[0:01:00], next run at: 2025-12-10 22:53:23 UTC)" executed successfully
2025-12-10 17:52:31,025 INFO HTTP Request: POST https://api.telegram.org/bot8428323516:AAElzjmSPfUeCoTGKbm7wnDLSZ5ek1-6Gvc/getUpdates "HTTP/1.1 200 OK"
2025-12-10 17:52:41,183 INFO HTTP Request: POST https://api.telegram.org/bot8428323516:AAElzjmSPfUeCoTGKbm7wnDLSZ5ek1-6Gvc/getUpdates "HTTP/1.1 200 OK"
2025-12-10 17:52:51,342 INFO HTTP Request: POST https://api.telegram.org/bot8428323516:AAElzjmSPfUeCoTGKbm7wnDLSZ5ek1-6Gvc/getUpdates "HTTP/1.1 200 OK"
2025-12-10 17:53:01,499 INFO HTTP Request: POST https://api.telegram.org/bot8428323516:AAElzjmSPfUeCoTGKbm7wnDLSZ5ek1-6Gvc/getUpdates "HTTP/1.1 200 OK"
2025-12-10 17:53:11,657 INFO HTTP Request: POST https://api.telegram.org/bot8428323516:AAElzjmSPfUeCoTGKbm7wnDLSZ5ek1-6Gvc/getUpdates "HTTP/1.1 200 OK"
2025-12-10 17:53:21,816 INFO HTTP Request: POST https://api.telegram.org/bot8428323516:AAElzjmSPfUeCoTGKbm7wnDLSZ5ek1-6Gvc/getUpdates "HTTP/1.1 200 OK"
2025-12-10 17:53:23,020 INFO Running job "_email_job (trigger: interval[0:01:00], next run at: 2025-12-10 22:54:23 UTC)" (scheduled at 2025-12-10 22:53:23.006745+00:00)
2025-12-10 17:53:23,767 INFO Job "_email_job (trigger: interval[0:01:00], next run at: 2025-12-10 22:54:23 UTC)" executed successfully
2025-12-10 17:53:31,973 INFO HTTP Request: POST https://api.telegram.org/bot8428323516:AAElzjmSPfUeCoTGKbm7wnDLSZ5ek1-6Gvc/getUpdates "HTTP/1.1 200 OK"
2025-12-10 17:53:42,130 INFO HTTP Request: POST https://api.telegram.org/bot8428323516:AAElzjmSPfUeCoTGKbm7wnDLSZ5ek1-6Gvc/getUpdates "HTTP/1.1 200 OK"
2025-12-10 17:53:52,288 INFO HTTP Request: POST https://api.telegram.org/bot8428323516:AAElzjmSPfUeCoTGKbm7wnDLSZ5ek1-6Gvc/getUpdates "HTTP/1.1 200 OK"
2025-12-10 17:54:02,447 INFO HTTP Request: POST https://api.telegram.org/bot8428323516:AAElzjmSPfUeCoTGKbm7wnDLSZ5ek1-6Gvc/getUpdates "HTTP/1.1 200 OK"
2025-12-10 17:54:12,605 INFO HTTP Request: POST https://api.telegram.org/bot8428323516:AAElzjmSPfUeCoTGKbm7wnDLSZ5ek1-6Gvc/getUpdates "HTTP/1.1 200 OK"
2025-12-10 17:54:22,763 INFO HTTP Request: POST https://api.telegram.org/bot8428323516:AAElzjmSPfUeCoTGKbm7wnDLSZ5ek1-6Gvc/getUpdates "HTTP/1.1 200 OK"
2025-12-10 17:54:23,017 INFO Running job "_email_job (trigger: interval[0:01:00], next run at: 2025-12-10 22:55:23 UTC)" (scheduled at 2025-12-10 22:54:23.006745+00:00)
2025-12-10 17:54:23,618 INFO Job "_email_job (trigger: interval[0:01:00], next run at: 2025-12-10 22:55:23 UTC)" executed successfully
2025-12-10 17:54:32,922 INFO HTTP Request: POST https://api.telegram.org/bot8428323516:AAElzjmSPfUeCoTGKbm7wnDLSZ5ek1-6Gvc/getUpdates "HTTP/1.1 200 OK"
2025-12-10 17:54:43,080 INFO HTTP Request: POST https://api.telegram.org/bot8428323516:AAElzjmSPfUeCoTGKbm7wnDLSZ5ek1-6Gvc/getUpdates "HTTP/1.1 200 OK"
2025-12-10 17:54:53,237 INFO HTTP Request: POST https://api.telegram.org/bot8428323516:AAElzjmSPfUeCoTGKbm7wnDLSZ5ek1-6Gvc/getUpdates "HTTP/1.1 200 OK"
2025-12-10 17:55:03,396 INFO HTTP Request: POST https://api.telegram.org/bot8428323516:AAElzjmSPfUeCoTGKbm7wnDLSZ5ek1-6Gvc/getUpdates "HTTP/1.1 200 OK"
2025-12-10 17:55:13,555 INFO HTTP Request: POST https://api.telegram.org/bot8428323516:AAElzjmSPfUeCoTGKbm7wnDLSZ5ek1-6Gvc/getUpdates "HTTP/1.1 200 OK"
2025-12-10 17:55:23,019 INFO Running job "_email_job (trigger: interval[0:01:00], next run at: 2025-12-10 22:56:23 UTC)" (scheduled at 2025-12-10 22:55:23.006745+00:00)
2025-12-10 17:55:23,712 INFO HTTP Request: POST https://api.telegram.org/bot8428323516:AAElzjmSPfUeCoTGKbm7wnDLSZ5ek1-6Gvc/getUpdates "HTTP/1.1 200 OK"
2025-12-10 17:55:23,731 INFO Job "_email_job (trigger: interval[0:01:00], next run at: 2025-12-10 22:56:23 UTC)" executed successfully
2025-12-10 17:55:33,869 INFO HTTP Request: POST https://api.telegram.org/bot8428323516:AAElzjmSPfUeCoTGKbm7wnDLSZ5ek1-6Gvc/getUpdates "HTTP/1.1 200 OK"
2025-12-10 17:55:44,028 INFO HTTP Request: POST https://api.telegram.org/bot8428323516:AAElzjmSPfUeCoTGKbm7wnDLSZ5ek1-6Gvc/getUpdates "HTTP/1.1 200 OK"
2025-12-10 17:55:54,186 INFO HTTP Request: POST https://api.telegram.org/bot8428323516:AAElzjmSPfUeCoTGKbm7wnDLSZ5ek1-6Gvc/getUpdates "HTTP/1.1 200 OK"
2025-12-10 17:56:04,344 INFO HTTP Request: POST https://api.telegram.org/bot8428323516:AAElzjmSPfUeCoTGKbm7wnDLSZ5ek1-6Gvc/getUpdates "HTTP/1.1 200 OK"
2025-12-10 17:56:14,503 INFO HTTP Request: POST https://api.telegram.org/bot8428323516:AAElzjmSPfUeCoTGKbm7wnDLSZ5ek1-6Gvc/getUpdates "HTTP/1.1 200 OK"
2025-12-10 17:56:23,017 INFO Running job "_email_job (trigger: interval[0:01:00], next run at: 2025-12-10 22:57:23 UTC)" (scheduled at 2025-12-10 22:56:23.006745+00:00)
2025-12-10 17:56:23,763 INFO Job "_email_job (trigger: interval[0:01:00], next run at: 2025-12-10 22:57:23 UTC)" executed successfully
2025-12-10 17:56:24,660 INFO HTTP Request: POST https://api.telegram.org/bot8428323516:AAElzjmSPfUeCoTGKbm7wnDLSZ5ek1-6Gvc/getUpdates "HTTP/1.1 200 OK"
2025-12-10 17:56:34,819 INFO HTTP Request: POST https://api.telegram.org/bot8428323516:AAElzjmSPfUeCoTGKbm7wnDLSZ5ek1-6Gvc/getUpdates "HTTP/1.1 200 OK"
2025-12-10 17:56:44,977 INFO HTTP Request: POST https://api.telegram.org/bot8428323516:AAElzjmSPfUeCoTGKbm7wnDLSZ5ek1-6Gvc/getUpdates "HTTP/1.1 200 OK"
2025-12-10 17:56:55,135 INFO HTTP Request: POST https://api.telegram.org/bot8428323516:AAElzjmSPfUeCoTGKbm7wnDLSZ5ek1-6Gvc/getUpdates "HTTP/1.1 200 OK"
2025-12-10 17:57:05,293 INFO HTTP Request: POST https://api.telegram.org/bot8428323516:AAElzjmSPfUeCoTGKbm7wnDLSZ5ek1-6Gvc/getUpdates "HTTP/1.1 200 OK"
2025-12-10 17:57:15,451 INFO HTTP Request: POST https://api.telegram.org/bot8428323516:AAElzjmSPfUeCoTGKbm7wnDLSZ5ek1-6Gvc/getUpdates "HTTP/1.1 200 OK"
2025-12-10 17:57:23,022 INFO Running job "_email_job (trigger: interval[0:01:00], next run at: 2025-12-10 22:58:23 UTC)" (scheduled at 2025-12-10 22:57:23.006745+00:00)
2025-12-10 17:57:23,626 INFO Job "_email_job (trigger: interval[0:01:00], next run at: 2025-12-10 22:58:23 UTC)" executed successfully
2025-12-10 17:57:25,609 INFO HTTP Request: POST https://api.telegram.org/bot8428323516:AAElzjmSPfUeCoTGKbm7wnDLSZ5ek1-6Gvc/getUpdates "HTTP/1.1 200 OK"
2025-12-10 17:57:35,767 INFO HTTP Request: POST https://api.telegram.org/bot8428323516:AAElzjmSPfUeCoTGKbm7wnDLSZ5ek1-6Gvc/getUpdates "HTTP/1.1 200 OK"
2025-12-10 17:57:45,925 INFO HTTP Request: POST https://api.telegram.org/bot8428323516:AAElzjmSPfUeCoTGKbm7wnDLSZ5ek1-6Gvc/getUpdates "HTTP/1.1 200 OK"
2025-12-10 17:57:56,083 INFO HTTP Request: POST https://api.telegram.org/bot8428323516:AAElzjmSPfUeCoTGKbm7wnDLSZ5ek1-6Gvc/getUpdates "HTTP/1.1 200 OK"
2025-12-10 17:58:06,240 INFO HTTP Request: POST https://api.telegram.org/bot8428323516:AAElzjmSPfUeCoTGKbm7wnDLSZ5ek1-6Gvc/getUpdates "HTTP/1.1 200 OK"
2025-12-10 17:58:16,399 INFO HTTP Request: POST https://api.telegram.org/bot8428323516:AAElzjmSPfUeCoTGKbm7wnDLSZ5ek1-6Gvc/getUpdates "HTTP/1.1 200 OK"
2025-12-10 17:58:23,013 INFO Running job "_email_job (trigger: interval[0:01:00], next run at: 2025-12-10 22:59:23 UTC)" (scheduled at 2025-12-10 22:58:23.006745+00:00)
2025-12-10 17:58:23,659 INFO Job "_email_job (trigger: interval[0:01:00], next run at: 2025-12-10 22:59:23 UTC)" executed successfully
2025-12-10 17:58:26,558 INFO HTTP Request: POST https://api.telegram.org/bot8428323516:AAElzjmSPfUeCoTGKbm7wnDLSZ5ek1-6Gvc/getUpdates "HTTP/1.1 200 OK"
2025-12-10 17:58:36,715 INFO HTTP Request: POST https://api.telegram.org/bot8428323516:AAElzjmSPfUeCoTGKbm7wnDLSZ5ek1-6Gvc/getUpdates "HTTP/1.1 200 OK"
2025-12-10 17:58:46,874 INFO HTTP Request: POST https://api.telegram.org/bot8428323516:AAElzjmSPfUeCoTGKbm7wnDLSZ5ek1-6Gvc/getUpdates "HTTP/1.1 200 OK"
2025-12-10 17:58:57,032 INFO HTTP Request: POST https://api.telegram.org/bot8428323516:AAElzjmSPfUeCoTGKbm7wnDLSZ5ek1-6Gvc/getUpdates "HTTP/1.1 200 OK"
2025-12-10 17:59:07,190 INFO HTTP Request: POST https://api.telegram.org/bot8428323516:AAElzjmSPfUeCoTGKbm7wnDLSZ5ek1-6Gvc/getUpdates "HTTP/1.1 200 OK"
2025-12-10 17:59:17,349 INFO HTTP Request: POST https://api.telegram.org/bot8428323516:AAElzjmSPfUeCoTGKbm7wnDLSZ5ek1-6Gvc/getUpdates "HTTP/1.1 200 OK"
2025-12-10 17:59:23,017 INFO Running job "_email_job (trigger: interval[0:01:00], next run at: 2025-12-10 23:00:23 UTC)" (scheduled at 2025-12-10 22:59:23.006745+00:00)
2025-12-10 17:59:23,672 INFO Job "_email_job (trigger: interval[0:01:00], next run at: 2025-12-10 23:00:23 UTC)" executed successfully
2025-12-10 17:59:27,507 INFO HTTP Request: POST https://api.telegram.org/bot8428323516:AAElzjmSPfUeCoTGKbm7wnDLSZ5ek1-6Gvc/getUpdates "HTTP/1.1 200 OK"
2025-12-10 20:53:54,765 WARNING ⚠️ Usando CHAT_ID por defecto (1943663667).
2025-12-10 20:53:54,772 INFO Adding job tentatively -- it will be properly scheduled when the scheduler starts
2025-12-10 20:53:55,404 INFO HTTP Request: POST https://api.telegram.org/bot8428323516:AAElzjmSPfUeCoTGKbm7wnDLSZ5ek1-6Gvc/getMe "HTTP/1.1 200 OK"
2025-12-10 20:53:55,567 INFO HTTP Request: POST https://api.telegram.org/bot8428323516:AAElzjmSPfUeCoTGKbm7wnDLSZ5ek1-6Gvc/deleteWebhook "HTTP/1.1 200 OK"
2025-12-10 20:53:55,570 INFO Added job "_email_job" to job store "default"
2025-12-10 20:53:55,571 INFO Scheduler started
2025-12-10 20:53:55,571 INFO Application started
2025-12-10 20:53:56,055 INFO HTTP Request: POST https://api.telegram.org/bot8428323516:AAElzjmSPfUeCoTGKbm7wnDLSZ5ek1-6Gvc/getUpdates "HTTP/1.1 200 OK"
2025-12-10 20:53:56,056 INFO Comando /start recibido del CHAT_ID: 1943663667
2025-12-10 20:53:56,343 INFO HTTP Request: POST https://api.telegram.org/bot8428323516:AAElzjmSPfUeCoTGKbm7wnDLSZ5ek1-6Gvc/sendMessage "HTTP/1.1 200 OK"
2025-12-10 20:54:06,220 INFO HTTP Request: POST https://api.telegram.org/bot8428323516:AAElzjmSPfUeCoTGKbm7wnDLSZ5ek1-6Gvc/getUpdates "HTTP/1.1 200 OK"
2025-12-10 20:54:16,385 INFO HTTP Request: POST https://api.telegram.org/bot8428323516:AAElzjmSPfUeCoTGKbm7wnDLSZ5ek1-6Gvc/getUpdates "HTTP/1.1 200 OK"
2025-12-10 20:54:17,880 INFO HTTP Request: POST https://api.telegram.org/bot8428323516:AAElzjmSPfUeCoTGKbm7wnDLSZ5ek1-6Gvc/getUpdates "HTTP/1.1 200 OK"
2025-12-10 20:54:18,615 INFO HTTP Request: POST https://api.telegram.org/bot8428323516:AAElzjmSPfUeCoTGKbm7wnDLSZ5ek1-6Gvc/answerCallbackQuery "HTTP/1.1 200 OK"
2025-12-10 20:54:18,958 INFO HTTP Request: POST https://api.telegram.org/bot8428323516:AAElzjmSPfUeCoTGKbm7wnDLSZ5ek1-6Gvc/sendMessage "HTTP/1.1 200 OK"
2025-12-10 20:54:27,026 INFO HTTP Request: POST https://api.telegram.org/bot8428323516:AAElzjmSPfUeCoTGKbm7wnDLSZ5ek1-6Gvc/getUpdates "HTTP/1.1 200 OK"
2025-12-10 20:54:27,591 INFO HTTP Request: POST https://api.telegram.org/bot8428323516:AAElzjmSPfUeCoTGKbm7wnDLSZ5ek1-6Gvc/answerCallbackQuery "HTTP/1.1 200 OK"
2025-12-10 20:54:27,594 INFO Comando /start recibido del CHAT_ID: 1943663667
2025-12-10 20:54:27,868 INFO HTTP Request: POST https://api.telegram.org/bot8428323516:AAElzjmSPfUeCoTGKbm7wnDLSZ5ek1-6Gvc/sendMessage "HTTP/1.1 200 OK"
2025-12-10 20:54:36,415 INFO HTTP Request: POST https://api.telegram.org/bot8428323516:AAElzjmSPfUeCoTGKbm7wnDLSZ5ek1-6Gvc/getUpdates "HTTP/1.1 200 OK"
2025-12-10 20:54:36,978 INFO HTTP Request: POST https://api.telegram.org/bot8428323516:AAElzjmSPfUeCoTGKbm7wnDLSZ5ek1-6Gvc/answerCallbackQuery "HTTP/1.1 200 OK"
2025-12-10 20:54:37,249 INFO HTTP Request: POST https://api.telegram.org/bot8428323516:AAElzjmSPfUeCoTGKbm7wnDLSZ5ek1-6Gvc/sendMessage "HTTP/1.1 200 OK"
2025-12-10 20:54:39,272 INFO HTTP Request: POST https://api.telegram.org/bot8428323516:AAElzjmSPfUeCoTGKbm7wnDLSZ5ek1-6Gvc/getUpdates "HTTP/1.1 200 OK"
2025-12-10 20:54:39,537 INFO HTTP Request: POST https://api.telegram.org/bot8428323516:AAElzjmSPfUeCoTGKbm7wnDLSZ5ek1-6Gvc/answerCallbackQuery "HTTP/1.1 200 OK"
2025-12-10 20:54:39,808 INFO HTTP Request: POST https://api.telegram.org/bot8428323516:AAElzjmSPfUeCoTGKbm7wnDLSZ5ek1-6Gvc/sendMessage "HTTP/1.1 200 OK"
2025-12-10 20:54:47,442 INFO HTTP Request: POST https://api.telegram.org/bot8428323516:AAElzjmSPfUeCoTGKbm7wnDLSZ5ek1-6Gvc/getUpdates "HTTP/1.1 200 OK"
2025-12-10 20:54:54,780 INFO Running job "_email_job (trigger: interval[0:01:00], next run at: 2025-12-11 01:55:54 UTC)" (scheduled at 2025-12-11 01:54:54.770342+00:00)
2025-12-10 20:54:55,624 INFO Job "_email_job (trigger: interval[0:01:00], next run at: 2025-12-11 01:55:54 UTC)" executed successfully
2025-12-10 20:54:57,606 INFO HTTP Request: POST https://api.telegram.org/bot8428323516:AAElzjmSPfUeCoTGKbm7wnDLSZ5ek1-6Gvc/getUpdates "HTTP/1.1 200 OK"
2025-12-10 20:55:07,769 INFO HTTP Request: POST https://api.telegram.org/bot8428323516:AAElzjmSPfUeCoTGKbm7wnDLSZ5ek1-6Gvc/getUpdates "HTTP/1.1 200 OK"
2025-12-10 20:55:17,932 INFO HTTP Request: POST https://api.telegram.org/bot8428323516:AAElzjmSPfUeCoTGKbm7wnDLSZ5ek1-6Gvc/getUpdates "HTTP/1.1 200 OK"
2025-12-10 20:55:28,099 INFO HTTP Request: POST https://api.telegram.org/bot8428323516:AAElzjmSPfUeCoTGKbm7wnDLSZ5ek1-6Gvc/getUpdates "HTTP/1.1 200 OK"
2025-12-10 20:55:38,264 INFO HTTP Request: POST https://api.telegram.org/bot8428323516:AAElzjmSPfUeCoTGKbm7wnDLSZ5ek1-6Gvc/getUpdates "HTTP/1.1 200 OK"
2025-12-10 20:55:48,438 INFO HTTP Request: POST https://api.telegram.org/bot8428323516:AAElzjmSPfUeCoTGKbm7wnDLSZ5ek1-6Gvc/getUpdates "HTTP/1.1 200 OK"
2025-12-10 20:55:54,774 INFO Running job "_email_job (trigger: interval[0:01:00], next run at: 2025-12-11 01:56:54 UTC)" (scheduled at 2025-12-11 01:55:54.770342+00:00)
2025-12-10 20:55:55,389 INFO Job "_email_job (trigger: interval[0:01:00], next run at: 2025-12-11 01:56:54 UTC)" executed successfully
2025-12-10 20:55:58,601 INFO HTTP Request: POST https://api.telegram.org/bot8428323516:AAElzjmSPfUeCoTGKbm7wnDLSZ5ek1-6Gvc/getUpdates "HTTP/1.1 200 OK"
2025-12-10 20:56:08,763 INFO HTTP Request: POST https://api.telegram.org/bot8428323516:AAElzjmSPfUeCoTGKbm7wnDLSZ5ek1-6Gvc/getUpdates "HTTP/1.1 200 OK"
2025-12-10 20:56:18,928 INFO HTTP Request: POST https://api.telegram.org/bot8428323516:AAElzjmSPfUeCoTGKbm7wnDLSZ5ek1-6Gvc/getUpdates "HTTP/1.1 200 OK"
2025-12-10 20:56:29,092 INFO HTTP Request: POST https://api.telegram.org/bot8428323516:AAElzjmSPfUeCoTGKbm7wnDLSZ5ek1-6Gvc/getUpdates "HTTP/1.1 200 OK"
2025-12-10 20:56:39,258 INFO HTTP Request: POST https://api.telegram.org/bot8428323516:AAElzjmSPfUeCoTGKbm7wnDLSZ5ek1-6Gvc/getUpdates "HTTP/1.1 200 OK"
2025-12-10 20:56:49,422 INFO HTTP Request: POST https://api.telegram.org/bot8428323516:AAElzjmSPfUeCoTGKbm7wnDLSZ5ek1-6Gvc/getUpdates "HTTP/1.1 200 OK"
2025-12-10 20:56:54,784 INFO Running job "_email_job (trigger: interval[0:01:00], next run at: 2025-12-11 01:57:54 UTC)" (scheduled at 2025-12-11 01:56:54.770342+00:00)
2025-12-10 20:56:55,554 INFO Job "_email_job (trigger: interval[0:01:00], next run at: 2025-12-11 01:57:54 UTC)" executed successfully
2025-12-10 20:56:59,584 INFO HTTP Request: POST https://api.telegram.org/bot8428323516:AAElzjmSPfUeCoTGKbm7wnDLSZ5ek1-6Gvc/getUpdates "HTTP/1.1 200 OK"
2025-12-10 20:57:09,747 INFO HTTP Request: POST https://api.telegram.org/bot8428323516:AAElzjmSPfUeCoTGKbm7wnDLSZ5ek1-6Gvc/getUpdates "HTTP/1.1 200 OK"
2025-12-10 20:57:19,912 INFO HTTP Request: POST https://api.telegram.org/bot8428323516:AAElzjmSPfUeCoTGKbm7wnDLSZ5ek1-6Gvc/getUpdates "HTTP/1.1 200 OK"
2025-12-10 20:57:30,074 INFO HTTP Request: POST https://api.telegram.org/bot8428323516:AAElzjmSPfUeCoTGKbm7wnDLSZ5ek1-6Gvc/getUpdates "HTTP/1.1 200 OK"
2025-12-10 20:57:40,238 INFO HTTP Request: POST https://api.telegram.org/bot8428323516:AAElzjmSPfUeCoTGKbm7wnDLSZ5ek1-6Gvc/getUpdates "HTTP/1.1 200 OK"
2025-12-10 20:57:50,402 INFO HTTP Request: POST https://api.telegram.org/bot8428323516:AAElzjmSPfUeCoTGKbm7wnDLSZ5ek1-6Gvc/getUpdates "HTTP/1.1 200 OK"
2025-12-10 20:57:54,777 INFO Running job "_email_job (trigger: interval[0:01:00], next run at: 2025-12-11 01:58:54 UTC)" (scheduled at 2025-12-11 01:57:54.770342+00:00)
2025-12-10 20:57:55,382 INFO Job "_email_job (trigger: interval[0:01:00], next run at: 2025-12-11 01:58:54 UTC)" executed successfully
2025-12-10 20:58:00,564 INFO HTTP Request: POST https://api.telegram.org/bot8428323516:AAElzjmSPfUeCoTGKbm7wnDLSZ5ek1-6Gvc/getUpdates "HTTP/1.1 200 OK"
2025-12-10 20:58:10,727 INFO HTTP Request: POST https://api.telegram.org/bot8428323516:AAElzjmSPfUeCoTGKbm7wnDLSZ5ek1-6Gvc/getUpdates "HTTP/1.1 200 OK"
2025-12-10 20:58:20,889 INFO HTTP Request: POST https://api.telegram.org/bot8428323516:AAElzjmSPfUeCoTGKbm7wnDLSZ5ek1-6Gvc/getUpdates "HTTP/1.1 200 OK"
2025-12-10 20:58:31,055 INFO HTTP Request: POST https://api.telegram.org/bot8428323516:AAElzjmSPfUeCoTGKbm7wnDLSZ5ek1-6Gvc/getUpdates "HTTP/1.1 200 OK"
2025-12-10 20:58:41,220 INFO HTTP Request: POST https://api.telegram.org/bot8428323516:AAElzjmSPfUeCoTGKbm7wnDLSZ5ek1-6Gvc/getUpdates "HTTP/1.1 200 OK"
2025-12-10 20:58:51,383 INFO HTTP Request: POST https://api.telegram.org/bot8428323516:AAElzjmSPfUeCoTGKbm7wnDLSZ5ek1-6Gvc/getUpdates "HTTP/1.1 200 OK"
2025-12-10 20:58:54,782 INFO Running job "_email_job (trigger: interval[0:01:00], next run at: 2025-12-11 01:59:54 UTC)" (scheduled at 2025-12-11 01:58:54.770342+00:00)
2025-12-10 20:58:55,521 INFO Job "_email_job (trigger: interval[0:01:00], next run at: 2025-12-11 01:59:54 UTC)" executed successfully
2025-12-10 20:59:01,546 INFO HTTP Request: POST https://api.telegram.org/bot8428323516:AAElzjmSPfUeCoTGKbm7wnDLSZ5ek1-6Gvc/getUpdates "HTTP/1.1 200 OK"
2025-12-10 20:59:10,377 INFO HTTP Request: POST https://api.telegram.org/bot8428323516:AAElzjmSPfUeCoTGKbm7wnDLSZ5ek1-6Gvc/getUpdates "HTTP/1.1 200 OK"
2025-12-10 20:59:11,047 INFO HTTP Request: POST https://api.telegram.org/bot8428323516:AAElzjmSPfUeCoTGKbm7wnDLSZ5ek1-6Gvc/answerCallbackQuery "HTTP/1.1 200 OK"
2025-12-10 20:59:11,329 INFO HTTP Request: POST https://api.telegram.org/bot8428323516:AAElzjmSPfUeCoTGKbm7wnDLSZ5ek1-6Gvc/sendMessage "HTTP/1.1 200 OK"
2025-12-10 20:59:11,604 INFO HTTP Request: POST https://api.telegram.org/bot8428323516:AAElzjmSPfUeCoTGKbm7wnDLSZ5ek1-6Gvc/sendMessage "HTTP/1.1 200 OK"
2025-12-10 20:59:11,876 INFO HTTP Request: POST https://api.telegram.org/bot8428323516:AAElzjmSPfUeCoTGKbm7wnDLSZ5ek1-6Gvc/sendMessage "HTTP/1.1 200 OK"
2025-12-10 20:59:12,149 INFO HTTP Request: POST https://api.telegram.org/bot8428323516:AAElzjmSPfUeCoTGKbm7wnDLSZ5ek1-6Gvc/sendMessage "HTTP/1.1 200 OK"
2025-12-10 20:59:12,775 INFO HTTP Request: POST https://api.telegram.org/bot8428323516:AAElzjmSPfUeCoTGKbm7wnDLSZ5ek1-6Gvc/sendMessage "HTTP/1.1 200 OK"
2025-12-10 20:59:13,048 INFO HTTP Request: POST https://api.telegram.org/bot8428323516:AAElzjmSPfUeCoTGKbm7wnDLSZ5ek1-6Gvc/sendMessage "HTTP/1.1 200 OK"
2025-12-10 20:59:20,541 INFO HTTP Request: POST https://api.telegram.org/bot8428323516:AAElzjmSPfUeCoTGKbm7wnDLSZ5ek1-6Gvc/getUpdates "HTTP/1.1 200 OK"
2025-12-10 20:59:30,706 INFO HTTP Request: POST https://api.telegram.org/bot8428323516:AAElzjmSPfUeCoTGKbm7wnDLSZ5ek1-6Gvc/getUpdates "HTTP/1.1 200 OK"
2025-12-10 20:59:40,874 INFO HTTP Request: POST https://api.telegram.org/bot8428323516:AAElzjmSPfUeCoTGKbm7wnDLSZ5ek1-6Gvc/getUpdates "HTTP/1.1 200 OK"
2025-12-10 20:59:51,040 INFO HTTP Request: POST https://api.telegram.org/bot8428323516:AAElzjmSPfUeCoTGKbm7wnDLSZ5ek1-6Gvc/getUpdates "HTTP/1.1 200 OK"
2025-12-10 20:59:54,776 INFO Running job "_email_job (trigger: interval[0:01:00], next run at: 2025-12-11 02:00:54 UTC)" (scheduled at 2025-12-11 01:59:54.770342+00:00)
2025-12-10 20:59:55,369 INFO Job "_email_job (trigger: interval[0:01:00], next run at: 2025-12-11 02:00:54 UTC)" executed successfully
2025-12-10 21:00:01,203 INFO HTTP Request: POST https://api.telegram.org/bot8428323516:AAElzjmSPfUeCoTGKbm7wnDLSZ5ek1-6Gvc/getUpdates "HTTP/1.1 200 OK"
2025-12-10 21:00:11,367 INFO HTTP Request: POST https://api.telegram.org/bot8428323516:AAElzjmSPfUeCoTGKbm7wnDLSZ5ek1-6Gvc/getUpdates "HTTP/1.1 200 OK"
2025-12-10 21:00:21,531 INFO HTTP Request: POST https://api.telegram.org/bot8428323516:AAElzjmSPfUeCoTGKbm7wnDLSZ5ek1-6Gvc/getUpdates "HTTP/1.1 200 OK"
2025-12-10 21:00:31,694 INFO HTTP Request: POST https://api.telegram.org/bot8428323516:AAElzjmSPfUeCoTGKbm7wnDLSZ5ek1-6Gvc/getUpdates "HTTP/1.1 200 OK"
2025-12-10 21:00:41,857 INFO HTTP Request: POST https://api.telegram.org/bot8428323516:AAElzjmSPfUeCoTGKbm7wnDLSZ5ek1-6Gvc/getUpdates "HTTP/1.1 200 OK"
2025-12-10 21:00:52,021 INFO HTTP Request: POST https://api.telegram.org/bot8428323516:AAElzjmSPfUeCoTGKbm7wnDLSZ5ek1-6Gvc/getUpdates "HTTP/1.1 200 OK"
2025-12-10 21:00:54,784 INFO Running job "_email_job (trigger: interval[0:01:00], next run at: 2025-12-11 02:01:54 UTC)" (scheduled at 2025-12-11 02:00:54.770342+00:00)
2025-12-10 21:00:55,407 INFO Job "_email_job (trigger: interval[0:01:00], next run at: 2025-12-11 02:01:54 UTC)" executed successfully
2025-12-10 21:01:02,191 INFO HTTP Request: POST https://api.telegram.org/bot8428323516:AAElzjmSPfUeCoTGKbm7wnDLSZ5ek1-6Gvc/getUpdates "HTTP/1.1 200 OK"
2025-12-10 21:01:12,355 INFO HTTP Request: POST https://api.telegram.org/bot8428323516:AAElzjmSPfUeCoTGKbm7wnDLSZ5ek1-6Gvc/getUpdates "HTTP/1.1 200 OK"
2025-12-10 21:01:22,519 INFO HTTP Request: POST https://api.telegram.org/bot8428323516:AAElzjmSPfUeCoTGKbm7wnDLSZ5ek1-6Gvc/getUpdates "HTTP/1.1 200 OK"
2025-12-10 21:01:32,682 INFO HTTP Request: POST https://api.telegram.org/bot8428323516:AAElzjmSPfUeCoTGKbm7wnDLSZ5ek1-6Gvc/getUpdates "HTTP/1.1 200 OK"
2025-12-10 21:01:42,849 INFO HTTP Request: POST https://api.telegram.org/bot8428323516:AAElzjmSPfUeCoTGKbm7wnDLSZ5ek1-6Gvc/getUpdates "HTTP/1.1 200 OK"
2025-12-10 21:01:53,013 INFO HTTP Request: POST https://api.telegram.org/bot8428323516:AAElzjmSPfUeCoTGKbm7wnDLSZ5ek1-6Gvc/getUpdates "HTTP/1.1 200 OK"
2025-12-10 21:01:54,777 INFO Running job "_email_job (trigger: interval[0:01:00], next run at: 2025-12-11 02:02:54 UTC)" (scheduled at 2025-12-11 02:01:54.770342+00:00)
2025-12-10 21:01:55,497 INFO Job "_email_job (trigger: interval[0:01:00], next run at: 2025-12-11 02:02:54 UTC)" executed successfully
2025-12-10 21:02:03,176 INFO HTTP Request: POST https://api.telegram.org/bot8428323516:AAElzjmSPfUeCoTGKbm7wnDLSZ5ek1-6Gvc/getUpdates "HTTP/1.1 200 OK"
2025-12-10 21:02:13,339 INFO HTTP Request: POST https://api.telegram.org/bot8428323516:AAElzjmSPfUeCoTGKbm7wnDLSZ5ek1-6Gvc/getUpdates "HTTP/1.1 200 OK"
2025-12-10 21:02:23,503 INFO HTTP Request: POST https://api.telegram.org/bot8428323516:AAElzjmSPfUeCoTGKbm7wnDLSZ5ek1-6Gvc/getUpdates "HTTP/1.1 200 OK"
2025-12-10 21:02:33,668 INFO HTTP Request: POST https://api.telegram.org/bot8428323516:AAElzjmSPfUeCoTGKbm7wnDLSZ5ek1-6Gvc/getUpdates "HTTP/1.1 200 OK"
2025-12-10 21:02:43,833 INFO HTTP Request: POST https://api.telegram.org/bot8428323516:AAElzjmSPfUeCoTGKbm7wnDLSZ5ek1-6Gvc/getUpdates "HTTP/1.1 200 OK"
2025-12-10 21:02:53,996 INFO HTTP Request: POST https://api.telegram.org/bot8428323516:AAElzjmSPfUeCoTGKbm7wnDLSZ5ek1-6Gvc/getUpdates "HTTP/1.1 200 OK"
2025-12-10 21:02:54,783 INFO Running job "_email_job (trigger: interval[0:01:00], next run at: 2025-12-11 02:03:54 UTC)" (scheduled at 2025-12-11 02:02:54.770342+00:00)
2025-12-10 21:02:55,521 INFO Job "_email_job (trigger: interval[0:01:00], next run at: 2025-12-11 02:03:54 UTC)" executed successfully
2025-12-10 21:03:04,164 INFO HTTP Request: POST https://api.telegram.org/bot8428323516:AAElzjmSPfUeCoTGKbm7wnDLSZ5ek1-6Gvc/getUpdates "HTTP/1.1 200 OK"
2025-12-10 21:03:14,327 INFO HTTP Request: POST https://api.telegram.org/bot8428323516:AAElzjmSPfUeCoTGKbm7wnDLSZ5ek1-6Gvc/getUpdates "HTTP/1.1 200 OK"
2025-12-10 21:03:24,490 INFO HTTP Request: POST https://api.telegram.org/bot8428323516:AAElzjmSPfUeCoTGKbm7wnDLSZ5ek1-6Gvc/getUpdates "HTTP/1.1 200 OK"
2025-12-10 21:03:34,654 INFO HTTP Request: POST https://api.telegram.org/bot8428323516:AAElzjmSPfUeCoTGKbm7wnDLSZ5ek1-6Gvc/getUpdates "HTTP/1.1 200 OK"
2025-12-10 21:03:44,819 INFO HTTP Request: POST https://api.telegram.org/bot8428323516:AAElzjmSPfUeCoTGKbm7wnDLSZ5ek1-6Gvc/getUpdates "HTTP/1.1 200 OK"
2025-12-10 21:03:54,776 INFO Running job "_email_job (trigger: interval[0:01:00], next run at: 2025-12-11 02:04:54 UTC)" (scheduled at 2025-12-11 02:03:54.770342+00:00)
2025-12-10 21:03:54,984 INFO HTTP Request: POST https://api.telegram.org/bot8428323516:AAElzjmSPfUeCoTGKbm7wnDLSZ5ek1-6Gvc/getUpdates "HTTP/1.1 200 OK"
2025-12-10 21:03:55,448 INFO Job "_email_job (trigger: interval[0:01:00], next run at: 2025-12-11 02:04:54 UTC)" executed successfully
2025-12-10 21:04:05,147 INFO HTTP Request: POST https://api.telegram.org/bot8428323516:AAElzjmSPfUeCoTGKbm7wnDLSZ5ek1-6Gvc/getUpdates "HTTP/1.1 200 OK"
2025-12-10 21:04:15,310 INFO HTTP Request: POST https://api.telegram.org/bot8428323516:AAElzjmSPfUeCoTGKbm7wnDLSZ5ek1-6Gvc/getUpdates "HTTP/1.1 200 OK"
2025-12-10 21:04:25,474 INFO HTTP Request: POST https://api.telegram.org/bot8428323516:AAElzjmSPfUeCoTGKbm7wnDLSZ5ek1-6Gvc/getUpdates "HTTP/1.1 200 OK"
2025-12-10 21:04:35,637 INFO HTTP Request: POST https://api.telegram.org/bot8428323516:AAElzjmSPfUeCoTGKbm7wnDLSZ5ek1-6Gvc/getUpdates "HTTP/1.1 200 OK"
2025-12-10 21:04:45,802 INFO HTTP Request: POST https://api.telegram.org/bot8428323516:AAElzjmSPfUeCoTGKbm7wnDLSZ5ek1-6Gvc/getUpdates "HTTP/1.1 200 OK"
2025-12-10 21:04:54,785 INFO Running job "_email_job (trigger: interval[0:01:00], next run at: 2025-12-11 02:05:54 UTC)" (scheduled at 2025-12-11 02:04:54.770342+00:00)
2025-12-10 21:04:55,386 INFO Job "_email_job (trigger: interval[0:01:00], next run at: 2025-12-11 02:05:54 UTC)" executed successfully
2025-12-10 21:04:55,969 INFO HTTP Request: POST https://api.telegram.org/bot8428323516:AAElzjmSPfUeCoTGKbm7wnDLSZ5ek1-6Gvc/getUpdates "HTTP/1.1 200 OK"
2025-12-10 21:05:06,145 INFO HTTP Request: POST https://api.telegram.org/bot8428323516:AAElzjmSPfUeCoTGKbm7wnDLSZ5ek1-6Gvc/getUpdates "HTTP/1.1 200 OK"
2025-12-10 21:05:16,361 INFO HTTP Request: POST https://api.telegram.org/bot8428323516:AAElzjmSPfUeCoTGKbm7wnDLSZ5ek1-6Gvc/getUpdates "HTTP/1.1 200 OK"
2025-12-10 21:05:26,523 INFO HTTP Request: POST https://api.telegram.org/bot8428323516:AAElzjmSPfUeCoTGKbm7wnDLSZ5ek1-6Gvc/getUpdates "HTTP/1.1 200 OK"
2025-12-10 21:05:36,688 INFO HTTP Request: POST https://api.telegram.org/bot8428323516:AAElzjmSPfUeCoTGKbm7wnDLSZ5ek1-6Gvc/getUpdates "HTTP/1.1 200 OK"
2025-12-10 21:05:46,854 INFO HTTP Request: POST https://api.telegram.org/bot8428323516:AAElzjmSPfUeCoTGKbm7wnDLSZ5ek1-6Gvc/getUpdates "HTTP/1.1 200 OK"
2025-12-10 21:05:54,773 INFO Running job "_email_job (trigger: interval[0:01:00], next run at: 2025-12-11 02:06:54 UTC)" (scheduled at 2025-12-11 02:05:54.770342+00:00)
2025-12-10 21:05:55,481 INFO Job "_email_job (trigger: interval[0:01:00], next run at: 2025-12-11 02:06:54 UTC)" executed successfully
2025-12-10 21:05:57,020 INFO HTTP Request: POST https://api.telegram.org/bot8428323516:AAElzjmSPfUeCoTGKbm7wnDLSZ5ek1-6Gvc/getUpdates "HTTP/1.1 200 OK"
2025-12-10 21:06:07,186 INFO HTTP Request: POST https://api.telegram.org/bot8428323516:AAElzjmSPfUeCoTGKbm7wnDLSZ5ek1-6Gvc/getUpdates "HTTP/1.1 200 OK"
2025-12-10 21:06:17,350 INFO HTTP Request: POST https://api.telegram.org/bot8428323516:AAElzjmSPfUeCoTGKbm7wnDLSZ5ek1-6Gvc/getUpdates "HTTP/1.1 200 OK"
2025-12-10 21:06:27,514 INFO HTTP Request: POST https://api.telegram.org/bot8428323516:AAElzjmSPfUeCoTGKbm7wnDLSZ5ek1-6Gvc/getUpdates "HTTP/1.1 200 OK"
2025-12-10 21:06:37,677 INFO HTTP Request: POST https://api.telegram.org/bot8428323516:AAElzjmSPfUeCoTGKbm7wnDLSZ5ek1-6Gvc/getUpdates "HTTP/1.1 200 OK"
2025-12-10 21:06:47,841 INFO HTTP Request: POST https://api.telegram.org/bot8428323516:AAElzjmSPfUeCoTGKbm7wnDLSZ5ek1-6Gvc/getUpdates "HTTP/1.1 200 OK"
2025-12-10 21:06:54,773 INFO Running job "_email_job (trigger: interval[0:01:00], next run at: 2025-12-11 02:07:54 UTC)" (scheduled at 2025-12-11 02:06:54.770342+00:00)
2025-12-10 21:06:55,520 INFO Job "_email_job (trigger: interval[0:01:00], next run at: 2025-12-11 02:07:54 UTC)" executed successfully
2025-12-10 21:06:58,008 INFO HTTP Request: POST https://api.telegram.org/bot8428323516:AAElzjmSPfUeCoTGKbm7wnDLSZ5ek1-6Gvc/getUpdates "HTTP/1.1 200 OK"
2025-12-10 21:07:08,171 INFO HTTP Request: POST https://api.telegram.org/bot8428323516:AAElzjmSPfUeCoTGKbm7wnDLSZ5ek1-6Gvc/getUpdates "HTTP/1.1 200 OK"
2025-12-10 21:07:18,353 INFO HTTP Request: POST https://api.telegram.org/bot8428323516:AAElzjmSPfUeCoTGKbm7wnDLSZ5ek1-6Gvc/getUpdates "HTTP/1.1 200 OK"
2025-12-10 21:07:28,542 INFO HTTP Request: POST https://api.telegram.org/bot8428323516:AAElzjmSPfUeCoTGKbm7wnDLSZ5ek1-6Gvc/getUpdates "HTTP/1.1 200 OK"
2025-12-10 21:07:38,706 INFO HTTP Request: POST https://api.telegram.org/bot8428323516:AAElzjmSPfUeCoTGKbm7wnDLSZ5ek1-6Gvc/getUpdates "HTTP/1.1 200 OK"
2025-12-10 21:07:48,874 INFO HTTP Request: POST https://api.telegram.org/bot8428323516:AAElzjmSPfUeCoTGKbm7wnDLSZ5ek1-6Gvc/getUpdates "HTTP/1.1 200 OK"
2025-12-10 21:07:54,777 INFO Running job "_email_job (trigger: interval[0:01:00], next run at: 2025-12-11 02:08:54 UTC)" (scheduled at 2025-12-11 02:07:54.770342+00:00)
2025-12-10 21:07:55,379 INFO Job "_email_job (trigger: interval[0:01:00], next run at: 2025-12-11 02:08:54 UTC)" executed successfully
2025-12-10 21:07:59,037 INFO HTTP Request: POST https://api.telegram.org/bot8428323516:AAElzjmSPfUeCoTGKbm7wnDLSZ5ek1-6Gvc/getUpdates "HTTP/1.1 200 OK"
2025-12-10 21:08:09,205 INFO HTTP Request: POST https://api.telegram.org/bot8428323516:AAElzjmSPfUeCoTGKbm7wnDLSZ5ek1-6Gvc/getUpdates "HTTP/1.1 200 OK"
2025-12-10 21:08:19,371 INFO HTTP Request: POST https://api.telegram.org/bot8428323516:AAElzjmSPfUeCoTGKbm7wnDLSZ5ek1-6Gvc/getUpdates "HTTP/1.1 200 OK"
2025-12-10 21:08:29,533 INFO HTTP Request: POST https://api.telegram.org/bot8428323516:AAElzjmSPfUeCoTGKbm7wnDLSZ5ek1-6Gvc/getUpdates "HTTP/1.1 200 OK"
2025-12-10 21:08:39,697 INFO HTTP Request: POST https://api.telegram.org/bot8428323516:AAElzjmSPfUeCoTGKbm7wnDLSZ5ek1-6Gvc/getUpdates "HTTP/1.1 200 OK"
2025-12-10 21:08:49,861 INFO HTTP Request: POST https://api.telegram.org/bot8428323516:AAElzjmSPfUeCoTGKbm7wnDLSZ5ek1-6Gvc/getUpdates "HTTP/1.1 200 OK"
2025-12-10 21:08:54,780 INFO Running job "_email_job (trigger: interval[0:01:00], next run at: 2025-12-11 02:09:54 UTC)" (scheduled at 2025-12-11 02:08:54.770342+00:00)
2025-12-10 21:08:55,378 INFO Job "_email_job (trigger: interval[0:01:00], next run at: 2025-12-11 02:09:54 UTC)" executed successfully
2025-12-10 21:09:00,028 INFO HTTP Request: POST https://api.telegram.org/bot8428323516:AAElzjmSPfUeCoTGKbm7wnDLSZ5ek1-6Gvc/getUpdates "HTTP/1.1 200 OK"
2025-12-10 21:09:10,191 INFO HTTP Request: POST https://api.telegram.org/bot8428323516:AAElzjmSPfUeCoTGKbm7wnDLSZ5ek1-6Gvc/getUpdates "HTTP/1.1 200 OK"
2025-12-10 21:09:20,357 INFO HTTP Request: POST https://api.telegram.org/bot8428323516:AAElzjmSPfUeCoTGKbm7wnDLSZ5ek1-6Gvc/getUpdates "HTTP/1.1 200 OK"
2025-12-10 21:09:30,522 INFO HTTP Request: POST https://api.telegram.org/bot8428323516:AAElzjmSPfUeCoTGKbm7wnDLSZ5ek1-6Gvc/getUpdates "HTTP/1.1 200 OK"
2025-12-10 21:09:40,692 INFO HTTP Request: POST https://api.telegram.org/bot8428323516:AAElzjmSPfUeCoTGKbm7wnDLSZ5ek1-6Gvc/getUpdates "HTTP/1.1 200 OK"
2025-12-10 21:09:50,855 INFO HTTP Request: POST https://api.telegram.org/bot8428323516:AAElzjmSPfUeCoTGKbm7wnDLSZ5ek1-6Gvc/getUpdates "HTTP/1.1 200 OK"
2025-12-10 21:09:54,776 INFO Running job "_email_job (trigger: interval[0:01:00], next run at: 2025-12-11 02:10:54 UTC)" (scheduled at 2025-12-11 02:09:54.770342+00:00)
2025-12-10 21:09:55,398 INFO Job "_email_job (trigger: interval[0:01:00], next run at: 2025-12-11 02:10:54 UTC)" executed successfully
2025-12-10 21:10:01,019 INFO HTTP Request: POST https://api.telegram.org/bot8428323516:AAElzjmSPfUeCoTGKbm7wnDLSZ5ek1-6Gvc/getUpdates "HTTP/1.1 200 OK"
2025-12-10 21:10:11,183 INFO HTTP Request: POST https://api.telegram.org/bot8428323516:AAElzjmSPfUeCoTGKbm7wnDLSZ5ek1-6Gvc/getUpdates "HTTP/1.1 200 OK"
2025-12-10 21:10:21,355 INFO HTTP Request: POST https://api.telegram.org/bot8428323516:AAElzjmSPfUeCoTGKbm7wnDLSZ5ek1-6Gvc/getUpdates "HTTP/1.1 200 OK"
2025-12-10 21:10:31,907 INFO HTTP Request: POST https://api.telegram.org/bot8428323516:AAElzjmSPfUeCoTGKbm7wnDLSZ5ek1-6Gvc/getUpdates "HTTP/1.1 200 OK"
2025-12-10 21:10:42,057 INFO HTTP Request: POST https://api.telegram.org/bot8428323516:AAElzjmSPfUeCoTGKbm7wnDLSZ5ek1-6Gvc/getUpdates "HTTP/1.1 200 OK"
2025-12-10 21:10:52,207 INFO HTTP Request: POST https://api.telegram.org/bot8428323516:AAElzjmSPfUeCoTGKbm7wnDLSZ5ek1-6Gvc/getUpdates "HTTP/1.1 200 OK"
2025-12-10 21:10:54,779 INFO Running job "_email_job (trigger: interval[0:01:00], next run at: 2025-12-11 02:11:54 UTC)" (scheduled at 2025-12-11 02:10:54.770342+00:00)
2025-12-10 21:10:55,423 INFO Job "_email_job (trigger: interval[0:01:00], next run at: 2025-12-11 02:11:54 UTC)" executed successfully
2025-12-10 21:11:02,356 INFO HTTP Request: POST https://api.telegram.org/bot8428323516:AAElzjmSPfUeCoTGKbm7wnDLSZ5ek1-6Gvc/getUpdates "HTTP/1.1 200 OK"
2025-12-10 21:11:12,506 INFO HTTP Request: POST https://api.telegram.org/bot8428323516:AAElzjmSPfUeCoTGKbm7wnDLSZ5ek1-6Gvc/getUpdates "HTTP/1.1 200 OK"
2025-12-10 21:11:22,655 INFO HTTP Request: POST https://api.telegram.org/bot8428323516:AAElzjmSPfUeCoTGKbm7wnDLSZ5ek1-6Gvc/getUpdates "HTTP/1.1 200 OK"
2025-12-10 21:11:32,805 INFO HTTP Request: POST https://api.telegram.org/bot8428323516:AAElzjmSPfUeCoTGKbm7wnDLSZ5ek1-6Gvc/getUpdates "HTTP/1.1 200 OK"
2025-12-10 21:11:42,955 INFO HTTP Request: POST https://api.telegram.org/bot8428323516:AAElzjmSPfUeCoTGKbm7wnDLSZ5ek1-6Gvc/getUpdates "HTTP/1.1 200 OK"
2025-12-10 21:11:53,104 INFO HTTP Request: POST https://api.telegram.org/bot8428323516:AAElzjmSPfUeCoTGKbm7wnDLSZ5ek1-6Gvc/getUpdates "HTTP/1.1 200 OK"
2025-12-10 21:11:54,778 INFO Running job "_email_job (trigger: interval[0:01:00], next run at: 2025-12-11 02:12:54 UTC)" (scheduled at 2025-12-11 02:11:54.770342+00:00)
2025-12-10 21:11:55,527 INFO Job "_email_job (trigger: interval[0:01:00], next run at: 2025-12-11 02:12:54 UTC)" executed successfully
2025-12-10 21:12:03,253 INFO HTTP Request: POST https://api.telegram.org/bot8428323516:AAElzjmSPfUeCoTGKbm7wnDLSZ5ek1-6Gvc/getUpdates "HTTP/1.1 200 OK"
2025-12-10 21:12:13,403 INFO HTTP Request: POST https://api.telegram.org/bot8428323516:AAElzjmSPfUeCoTGKbm7wnDLSZ5ek1-6Gvc/getUpdates "HTTP/1.1 200 OK"
2025-12-10 21:12:23,553 INFO HTTP Request: POST https://api.telegram.org/bot8428323516:AAElzjmSPfUeCoTGKbm7wnDLSZ5ek1-6Gvc/getUpdates "HTTP/1.1 200 OK"
2025-12-10 21:12:33,702 INFO HTTP Request: POST https://api.telegram.org/bot8428323516:AAElzjmSPfUeCoTGKbm7wnDLSZ5ek1-6Gvc/getUpdates "HTTP/1.1 200 OK"
2025-12-10 21:12:43,851 INFO HTTP Request: POST https://api.telegram.org/bot8428323516:AAElzjmSPfUeCoTGKbm7wnDLSZ5ek1-6Gvc/getUpdates "HTTP/1.1 200 OK"
2025-12-10 21:12:54,003 INFO HTTP Request: POST https://api.telegram.org/bot8428323516:AAElzjmSPfUeCoTGKbm7wnDLSZ5ek1-6Gvc/getUpdates "HTTP/1.1 200 OK"
2025-12-10 21:12:54,775 INFO Running job "_email_job (trigger: interval[0:01:00], next run at: 2025-12-11 02:13:54 UTC)" (scheduled at 2025-12-11 02:12:54.770342+00:00)
2025-12-10 21:12:55,418 INFO Job "_email_job (trigger: interval[0:01:00], next run at: 2025-12-11 02:13:54 UTC)" executed successfully
2025-12-10 21:13:04,153 INFO HTTP Request: POST https://api.telegram.org/bot8428323516:AAElzjmSPfUeCoTGKbm7wnDLSZ5ek1-6Gvc/getUpdates "HTTP/1.1 200 OK"
2025-12-10 21:13:14,302 INFO HTTP Request: POST https://api.telegram.org/bot8428323516:AAElzjmSPfUeCoTGKbm7wnDLSZ5ek1-6Gvc/getUpdates "HTTP/1.1 200 OK"
2025-12-10 21:13:24,452 INFO HTTP Request: POST https://api.telegram.org/bot8428323516:AAElzjmSPfUeCoTGKbm7wnDLSZ5ek1-6Gvc/getUpdates "HTTP/1.1 200 OK"
2025-12-10 21:13:34,602 INFO HTTP Request: POST https://api.telegram.org/bot8428323516:AAElzjmSPfUeCoTGKbm7wnDLSZ5ek1-6Gvc/getUpdates "HTTP/1.1 200 OK"
2025-12-10 21:13:44,752 INFO HTTP Request: POST https://api.telegram.org/bot8428323516:AAElzjmSPfUeCoTGKbm7wnDLSZ5ek1-6Gvc/getUpdates "HTTP/1.1 200 OK"
2025-12-10 21:13:54,781 INFO Running job "_email_job (trigger: interval[0:01:00], next run at: 2025-12-11 02:14:54 UTC)" (scheduled at 2025-12-11 02:13:54.770342+00:00)
2025-12-10 21:13:54,902 INFO HTTP Request: POST https://api.telegram.org/bot8428323516:AAElzjmSPfUeCoTGKbm7wnDLSZ5ek1-6Gvc/getUpdates "HTTP/1.1 200 OK"
2025-12-10 21:13:55,381 INFO Job "_email_job (trigger: interval[0:01:00], next run at: 2025-12-11 02:14:54 UTC)" executed successfully
2025-12-10 21:14:05,051 INFO HTTP Request: POST https://api.telegram.org/bot8428323516:AAElzjmSPfUeCoTGKbm7wnDLSZ5ek1-6Gvc/getUpdates "HTTP/1.1 200 OK"
2025-12-10 21:14:15,200 INFO HTTP Request: POST https://api.telegram.org/bot8428323516:AAElzjmSPfUeCoTGKbm7wnDLSZ5ek1-6Gvc/getUpdates "HTTP/1.1 200 OK"
2025-12-10 21:14:25,350 INFO HTTP Request: POST https://api.telegram.org/bot8428323516:AAElzjmSPfUeCoTGKbm7wnDLSZ5ek1-6Gvc/getUpdates "HTTP/1.1 200 OK"
2025-12-10 21:14:35,500 INFO HTTP Request: POST https://api.telegram.org/bot8428323516:AAElzjmSPfUeCoTGKbm7wnDLSZ5ek1-6Gvc/getUpdates "HTTP/1.1 200 OK"
2025-12-10 21:14:45,649 INFO HTTP Request: POST https://api.telegram.org/bot8428323516:AAElzjmSPfUeCoTGKbm7wnDLSZ5ek1-6Gvc/getUpdates "HTTP/1.1 200 OK"
2025-12-10 21:14:54,784 INFO Running job "_email_job (trigger: interval[0:01:00], next run at: 2025-12-11 02:15:54 UTC)" (scheduled at 2025-12-11 02:14:54.770342+00:00)
2025-12-10 21:14:55,374 INFO Job "_email_job (trigger: interval[0:01:00], next run at: 2025-12-11 02:15:54 UTC)" executed successfully
2025-12-10 21:14:55,799 INFO HTTP Request: POST https://api.telegram.org/bot8428323516:AAElzjmSPfUeCoTGKbm7wnDLSZ5ek1-6Gvc/getUpdates "HTTP/1.1 200 OK"
2025-12-10 21:15:05,949 INFO HTTP Request: POST https://api.telegram.org/bot8428323516:AAElzjmSPfUeCoTGKbm7wnDLSZ5ek1-6Gvc/getUpdates "HTTP/1.1 200 OK"
2025-12-10 21:15:16,098 INFO HTTP Request: POST https://api.telegram.org/bot8428323516:AAElzjmSPfUeCoTGKbm7wnDLSZ5ek1-6Gvc/getUpdates "HTTP/1.1 200 OK"
2025-12-10 21:15:26,247 INFO HTTP Request: POST https://api.telegram.org/bot8428323516:AAElzjmSPfUeCoTGKbm7wnDLSZ5ek1-6Gvc/getUpdates "HTTP/1.1 200 OK"
2025-12-10 21:15:36,397 INFO HTTP Request: POST https://api.telegram.org/bot8428323516:AAElzjmSPfUeCoTGKbm7wnDLSZ5ek1-6Gvc/getUpdates "HTTP/1.1 200 OK"
2025-12-10 21:15:46,547 INFO HTTP Request: POST https://api.telegram.org/bot8428323516:AAElzjmSPfUeCoTGKbm7wnDLSZ5ek1-6Gvc/getUpdates "HTTP/1.1 200 OK"
2025-12-10 21:15:54,779 INFO Running job "_email_job (trigger: interval[0:01:00], next run at: 2025-12-11 02:16:54 UTC)" (scheduled at 2025-12-11 02:15:54.770342+00:00)
2025-12-10 21:15:55,485 INFO Job "_email_job (trigger: interval[0:01:00], next run at: 2025-12-11 02:16:54 UTC)" executed successfully
2025-12-10 21:15:56,697 INFO HTTP Request: POST https://api.telegram.org/bot8428323516:AAElzjmSPfUeCoTGKbm7wnDLSZ5ek1-6Gvc/getUpdates "HTTP/1.1 200 OK"
2025-12-10 21:16:06,847 INFO HTTP Request: POST https://api.telegram.org/bot8428323516:AAElzjmSPfUeCoTGKbm7wnDLSZ5ek1-6Gvc/getUpdates "HTTP/1.1 200 OK"
2025-12-10 21:16:16,997 INFO HTTP Request: POST https://api.telegram.org/bot8428323516:AAElzjmSPfUeCoTGKbm7wnDLSZ5ek1-6Gvc/getUpdates "HTTP/1.1 200 OK"
2025-12-10 21:16:27,146 INFO HTTP Request: POST https://api.telegram.org/bot8428323516:AAElzjmSPfUeCoTGKbm7wnDLSZ5ek1-6Gvc/getUpdates "HTTP/1.1 200 OK"
2025-12-10 21:16:37,296 INFO HTTP Request: POST https://api.telegram.org/bot8428323516:AAElzjmSPfUeCoTGKbm7wnDLSZ5ek1-6Gvc/getUpdates "HTTP/1.1 200 OK"
2025-12-10 21:16:47,445 INFO HTTP Request: POST https://api.telegram.org/bot8428323516:AAElzjmSPfUeCoTGKbm7wnDLSZ5ek1-6Gvc/getUpdates "HTTP/1.1 200 OK"
2025-12-10 21:16:54,776 INFO Running job "_email_job (trigger: interval[0:01:00], next run at: 2025-12-11 02:17:54 UTC)" (scheduled at 2025-12-11 02:16:54.770342+00:00)
2025-12-10 21:16:55,502 INFO Job "_email_job (trigger: interval[0:01:00], next run at: 2025-12-11 02:17:54 UTC)" executed successfully
2025-12-10 21:16:57,595 INFO HTTP Request: POST https://api.telegram.org/bot8428323516:AAElzjmSPfUeCoTGKbm7wnDLSZ5ek1-6Gvc/getUpdates "HTTP/1.1 200 OK"
2025-12-10 21:17:07,745 INFO HTTP Request: POST https://api.telegram.org/bot8428323516:AAElzjmSPfUeCoTGKbm7wnDLSZ5ek1-6Gvc/getUpdates "HTTP/1.1 200 OK"
2025-12-10 21:17:17,895 INFO HTTP Request: POST https://api.telegram.org/bot8428323516:AAElzjmSPfUeCoTGKbm7wnDLSZ5ek1-6Gvc/getUpdates "HTTP/1.1 200 OK"
2025-12-10 21:17:28,044 INFO HTTP Request: POST https://api.telegram.org/bot8428323516:AAElzjmSPfUeCoTGKbm7wnDLSZ5ek1-6Gvc/getUpdates "HTTP/1.1 200 OK"
2025-12-10 21:17:38,194 INFO HTTP Request: POST https://api.telegram.org/bot8428323516:AAElzjmSPfUeCoTGKbm7wnDLSZ5ek1-6Gvc/getUpdates "HTTP/1.1 200 OK"
2025-12-10 21:17:48,344 INFO HTTP Request: POST https://api.telegram.org/bot8428323516:AAElzjmSPfUeCoTGKbm7wnDLSZ5ek1-6Gvc/getUpdates "HTTP/1.1 200 OK"
2025-12-10 21:17:54,781 INFO Running job "_email_job (trigger: interval[0:01:00], next run at: 2025-12-11 02:18:54 UTC)" (scheduled at 2025-12-11 02:17:54.770342+00:00)
2025-12-10 21:17:55,390 INFO Job "_email_job (trigger: interval[0:01:00], next run at: 2025-12-11 02:18:54 UTC)" executed successfully
2025-12-10 21:17:58,494 INFO HTTP Request: POST https://api.telegram.org/bot8428323516:AAElzjmSPfUeCoTGKbm7wnDLSZ5ek1-6Gvc/getUpdates "HTTP/1.1 200 OK"
2025-12-10 21:18:08,644 INFO HTTP Request: POST https://api.telegram.org/bot8428323516:AAElzjmSPfUeCoTGKbm7wnDLSZ5ek1-6Gvc/getUpdates "HTTP/1.1 200 OK"
2025-12-10 21:18:18,794 INFO HTTP Request: POST https://api.telegram.org/bot8428323516:AAElzjmSPfUeCoTGKbm7wnDLSZ5ek1-6Gvc/getUpdates "HTTP/1.1 200 OK"
2025-12-10 21:18:28,943 INFO HTTP Request: POST https://api.telegram.org/bot8428323516:AAElzjmSPfUeCoTGKbm7wnDLSZ5ek1-6Gvc/getUpdates "HTTP/1.1 200 OK"
2025-12-10 21:18:39,092 INFO HTTP Request: POST https://api.telegram.org/bot8428323516:AAElzjmSPfUeCoTGKbm7wnDLSZ5ek1-6Gvc/getUpdates "HTTP/1.1 200 OK"
2025-12-10 21:18:49,243 INFO HTTP Request: POST https://api.telegram.org/bot8428323516:AAElzjmSPfUeCoTGKbm7wnDLSZ5ek1-6Gvc/getUpdates "HTTP/1.1 200 OK"
2025-12-10 21:18:54,785 INFO Running job "_email_job (trigger: interval[0:01:00], next run at: 2025-12-11 02:19:54 UTC)" (scheduled at 2025-12-11 02:18:54.770342+00:00)
2025-12-10 21:18:55,482 INFO Job "_email_job (trigger: interval[0:01:00], next run at: 2025-12-11 02:19:54 UTC)" executed successfully
2025-12-10 21:18:59,393 INFO HTTP Request: POST https://api.telegram.org/bot8428323516:AAElzjmSPfUeCoTGKbm7wnDLSZ5ek1-6Gvc/getUpdates "HTTP/1.1 200 OK"
2025-12-10 21:19:09,542 INFO HTTP Request: POST https://api.telegram.org/bot8428323516:AAElzjmSPfUeCoTGKbm7wnDLSZ5ek1-6Gvc/getUpdates "HTTP/1.1 200 OK"
2025-12-10 21:19:19,692 INFO HTTP Request: POST https://api.telegram.org/bot8428323516:AAElzjmSPfUeCoTGKbm7wnDLSZ5ek1-6Gvc/getUpdates "HTTP/1.1 200 OK"
2025-12-10 21:19:29,843 INFO HTTP Request: POST https://api.telegram.org/bot8428323516:AAElzjmSPfUeCoTGKbm7wnDLSZ5ek1-6Gvc/getUpdates "HTTP/1.1 200 OK"
2025-12-10 21:19:39,992 INFO HTTP Request: POST https://api.telegram.org/bot8428323516:AAElzjmSPfUeCoTGKbm7wnDLSZ5ek1-6Gvc/getUpdates "HTTP/1.1 200 OK"
2025-12-10 21:19:50,142 INFO HTTP Request: POST https://api.telegram.org/bot8428323516:AAElzjmSPfUeCoTGKbm7wnDLSZ5ek1-6Gvc/getUpdates "HTTP/1.1 200 OK"
2025-12-10 21:19:54,782 INFO Running job "_email_job (trigger: interval[0:01:00], next run at: 2025-12-11 02:20:54 UTC)" (scheduled at 2025-12-11 02:19:54.770342+00:00)
2025-12-10 21:19:55,380 INFO Job "_email_job (trigger: interval[0:01:00], next run at: 2025-12-11 02:20:54 UTC)" executed successfully
2025-12-10 21:20:00,292 INFO HTTP Request: POST https://api.telegram.org/bot8428323516:AAElzjmSPfUeCoTGKbm7wnDLSZ5ek1-6Gvc/getUpdates "HTTP/1.1 200 OK"
2025-12-10 21:20:10,442 INFO HTTP Request: POST https://api.telegram.org/bot8428323516:AAElzjmSPfUeCoTGKbm7wnDLSZ5ek1-6Gvc/getUpdates "HTTP/1.1 200 OK"
2025-12-10 21:20:20,593 INFO HTTP Request: POST https://api.telegram.org/bot8428323516:AAElzjmSPfUeCoTGKbm7wnDLSZ5ek1-6Gvc/getUpdates "HTTP/1.1 200 OK"
2025-12-10 21:20:30,742 INFO HTTP Request: POST https://api.telegram.org/bot8428323516:AAElzjmSPfUeCoTGKbm7wnDLSZ5ek1-6Gvc/getUpdates "HTTP/1.1 200 OK"
2025-12-10 21:20:40,892 INFO HTTP Request: POST https://api.telegram.org/bot8428323516:AAElzjmSPfUeCoTGKbm7wnDLSZ5ek1-6Gvc/getUpdates "HTTP/1.1 200 OK"
2025-12-10 21:20:51,043 INFO HTTP Request: POST https://api.telegram.org/bot8428323516:AAElzjmSPfUeCoTGKbm7wnDLSZ5ek1-6Gvc/getUpdates "HTTP/1.1 200 OK"
2025-12-10 21:20:54,780 INFO Running job "_email_job (trigger: interval[0:01:00], next run at: 2025-12-11 02:21:54 UTC)" (scheduled at 2025-12-11 02:20:54.770342+00:00)
2025-12-10 21:20:55,468 INFO Job "_email_job (trigger: interval[0:01:00], next run at: 2025-12-11 02:21:54 UTC)" executed successfully
2025-12-10 21:21:01,192 INFO HTTP Request: POST https://api.telegram.org/bot8428323516:AAElzjmSPfUeCoTGKbm7wnDLSZ5ek1-6Gvc/getUpdates "HTTP/1.1 200 OK"
2025-12-10 21:21:11,342 INFO HTTP Request: POST https://api.telegram.org/bot8428323516:AAElzjmSPfUeCoTGKbm7wnDLSZ5ek1-6Gvc/getUpdates "HTTP/1.1 200 OK"
2025-12-10 21:21:21,491 INFO HTTP Request: POST https://api.telegram.org/bot8428323516:AAElzjmSPfUeCoTGKbm7wnDLSZ5ek1-6Gvc/getUpdates "HTTP/1.1 200 OK"
2025-12-10 21:21:31,640 INFO HTTP Request: POST https://api.telegram.org/bot8428323516:AAElzjmSPfUeCoTGKbm7wnDLSZ5ek1-6Gvc/getUpdates "HTTP/1.1 200 OK"
2025-12-10 21:21:41,789 INFO HTTP Request: POST https://api.telegram.org/bot8428323516:AAElzjmSPfUeCoTGKbm7wnDLSZ5ek1-6Gvc/getUpdates "HTTP/1.1 200 OK"
2025-12-10 21:21:51,939 INFO HTTP Request: POST https://api.telegram.org/bot8428323516:AAElzjmSPfUeCoTGKbm7wnDLSZ5ek1-6Gvc/getUpdates "HTTP/1.1 200 OK"
2025-12-10 21:21:54,784 INFO Running job "_email_job (trigger: interval[0:01:00], next run at: 2025-12-11 02:22:54 UTC)" (scheduled at 2025-12-11 02:21:54.770342+00:00)
2025-12-10 21:21:55,481 INFO Job "_email_job (trigger: interval[0:01:00], next run at: 2025-12-11 02:22:54 UTC)" executed successfully
2025-12-10 21:22:02,089 INFO HTTP Request: POST https://api.telegram.org/bot8428323516:AAElzjmSPfUeCoTGKbm7wnDLSZ5ek1-6Gvc/getUpdates "HTTP/1.1 200 OK"
2025-12-10 21:22:12,238 INFO HTTP Request: POST https://api.telegram.org/bot8428323516:AAElzjmSPfUeCoTGKbm7wnDLSZ5ek1-6Gvc/getUpdates "HTTP/1.1 200 OK"
2025-12-10 21:22:22,387 INFO HTTP Request: POST https://api.telegram.org/bot8428323516:AAElzjmSPfUeCoTGKbm7wnDLSZ5ek1-6Gvc/getUpdates "HTTP/1.1 200 OK"
2025-12-10 21:22:32,538 INFO HTTP Request: POST https://api.telegram.org/bot8428323516:AAElzjmSPfUeCoTGKbm7wnDLSZ5ek1-6Gvc/getUpdates "HTTP/1.1 200 OK"
2025-12-10 21:22:42,688 INFO HTTP Request: POST https://api.telegram.org/bot8428323516:AAElzjmSPfUeCoTGKbm7wnDLSZ5ek1-6Gvc/getUpdates "HTTP/1.1 200 OK"
2025-12-10 21:22:52,839 INFO HTTP Request: POST https://api.telegram.org/bot8428323516:AAElzjmSPfUeCoTGKbm7wnDLSZ5ek1-6Gvc/getUpdates "HTTP/1.1 200 OK"
2025-12-10 21:22:54,780 INFO Running job "_email_job (trigger: interval[0:01:00], next run at: 2025-12-11 02:23:54 UTC)" (scheduled at 2025-12-11 02:22:54.770342+00:00)
2025-12-10 21:22:55,404 INFO Job "_email_job (trigger: interval[0:01:00], next run at: 2025-12-11 02:23:54 UTC)" executed successfully
2025-12-10 21:23:02,989 INFO HTTP Request: POST https://api.telegram.org/bot8428323516:AAElzjmSPfUeCoTGKbm7wnDLSZ5ek1-6Gvc/getUpdates "HTTP/1.1 200 OK"
2025-12-10 21:23:13,139 INFO HTTP Request: POST https://api.telegram.org/bot8428323516:AAElzjmSPfUeCoTGKbm7wnDLSZ5ek1-6Gvc/getUpdates "HTTP/1.1 200 OK"
2025-12-10 21:23:23,289 INFO HTTP Request: POST https://api.telegram.org/bot8428323516:AAElzjmSPfUeCoTGKbm7wnDLSZ5ek1-6Gvc/getUpdates "HTTP/1.1 200 OK"
2025-12-10 21:23:33,438 INFO HTTP Request: POST https://api.telegram.org/bot8428323516:AAElzjmSPfUeCoTGKbm7wnDLSZ5ek1-6Gvc/getUpdates "HTTP/1.1 200 OK"
2025-12-10 21:23:43,588 INFO HTTP Request: POST https://api.telegram.org/bot8428323516:AAElzjmSPfUeCoTGKbm7wnDLSZ5ek1-6Gvc/getUpdates "HTTP/1.1 200 OK"
2025-12-10 21:23:53,737 INFO HTTP Request: POST https://api.telegram.org/bot8428323516:AAElzjmSPfUeCoTGKbm7wnDLSZ5ek1-6Gvc/getUpdates "HTTP/1.1 200 OK"
2025-12-10 21:23:54,784 INFO Running job "_email_job (trigger: interval[0:01:00], next run at: 2025-12-11 02:24:54 UTC)" (scheduled at 2025-12-11 02:23:54.770342+00:00)
2025-12-10 21:23:55,480 INFO Job "_email_job (trigger: interval[0:01:00], next run at: 2025-12-11 02:24:54 UTC)" executed successfully
2025-12-10 21:24:03,888 INFO HTTP Request: POST https://api.telegram.org/bot8428323516:AAElzjmSPfUeCoTGKbm7wnDLSZ5ek1-6Gvc/getUpdates "HTTP/1.1 200 OK"
2025-12-10 21:24:14,037 INFO HTTP Request: POST https://api.telegram.org/bot8428323516:AAElzjmSPfUeCoTGKbm7wnDLSZ5ek1-6Gvc/getUpdates "HTTP/1.1 200 OK"
2025-12-10 21:24:24,187 INFO HTTP Request: POST https://api.telegram.org/bot8428323516:AAElzjmSPfUeCoTGKbm7wnDLSZ5ek1-6Gvc/getUpdates "HTTP/1.1 200 OK"
2025-12-10 21:24:34,336 INFO HTTP Request: POST https://api.telegram.org/bot8428323516:AAElzjmSPfUeCoTGKbm7wnDLSZ5ek1-6Gvc/getUpdates "HTTP/1.1 200 OK"
2025-12-10 21:24:44,487 INFO HTTP Request: POST https://api.telegram.org/bot8428323516:AAElzjmSPfUeCoTGKbm7wnDLSZ5ek1-6Gvc/getUpdates "HTTP/1.1 200 OK"
2025-12-10 21:24:54,636 INFO HTTP Request: POST https://api.telegram.org/bot8428323516:AAElzjmSPfUeCoTGKbm7wnDLSZ5ek1-6Gvc/getUpdates "HTTP/1.1 200 OK"
2025-12-10 21:24:54,774 INFO Running job "_email_job (trigger: interval[0:01:00], next run at: 2025-12-11 02:25:54 UTC)" (scheduled at 2025-12-11 02:24:54.770342+00:00)
2025-12-10 21:24:55,441 INFO Job "_email_job (trigger: interval[0:01:00], next run at: 2025-12-11 02:25:54 UTC)" executed successfully
2025-12-10 21:25:04,786 INFO HTTP Request: POST https://api.telegram.org/bot8428323516:AAElzjmSPfUeCoTGKbm7wnDLSZ5ek1-6Gvc/getUpdates "HTTP/1.1 200 OK"
2025-12-10 21:25:14,935 INFO HTTP Request: POST https://api.telegram.org/bot8428323516:AAElzjmSPfUeCoTGKbm7wnDLSZ5ek1-6Gvc/getUpdates "HTTP/1.1 200 OK"
2025-12-10 21:25:25,085 INFO HTTP Request: POST https://api.telegram.org/bot8428323516:AAElzjmSPfUeCoTGKbm7wnDLSZ5ek1-6Gvc/getUpdates "HTTP/1.1 200 OK"
2025-12-10 21:25:35,235 INFO HTTP Request: POST https://api.telegram.org/bot8428323516:AAElzjmSPfUeCoTGKbm7wnDLSZ5ek1-6Gvc/getUpdates "HTTP/1.1 200 OK"
2025-12-10 21:25:45,385 INFO HTTP Request: POST https://api.telegram.org/bot8428323516:AAElzjmSPfUeCoTGKbm7wnDLSZ5ek1-6Gvc/getUpdates "HTTP/1.1 200 OK"
2025-12-10 21:25:54,779 INFO Running job "_email_job (trigger: interval[0:01:00], next run at: 2025-12-11 02:26:54 UTC)" (scheduled at 2025-12-11 02:25:54.770342+00:00)
2025-12-10 21:25:55,437 INFO Job "_email_job (trigger: interval[0:01:00], next run at: 2025-12-11 02:26:54 UTC)" executed successfully
2025-12-10 21:25:55,535 INFO HTTP Request: POST https://api.telegram.org/bot8428323516:AAElzjmSPfUeCoTGKbm7wnDLSZ5ek1-6Gvc/getUpdates "HTTP/1.1 200 OK"
2025-12-10 21:26:05,685 INFO HTTP Request: POST https://api.telegram.org/bot8428323516:AAElzjmSPfUeCoTGKbm7wnDLSZ5ek1-6Gvc/getUpdates "HTTP/1.1 200 OK"
2025-12-10 21:26:15,834 INFO HTTP Request: POST https://api.telegram.org/bot8428323516:AAElzjmSPfUeCoTGKbm7wnDLSZ5ek1-6Gvc/getUpdates "HTTP/1.1 200 OK"
2025-12-10 21:26:25,984 INFO HTTP Request: POST https://api.telegram.org/bot8428323516:AAElzjmSPfUeCoTGKbm7wnDLSZ5ek1-6Gvc/getUpdates "HTTP/1.1 200 OK"
2025-12-10 21:26:36,134 INFO HTTP Request: POST https://api.telegram.org/bot8428323516:AAElzjmSPfUeCoTGKbm7wnDLSZ5ek1-6Gvc/getUpdates "HTTP/1.1 200 OK"
2025-12-10 21:26:46,283 INFO HTTP Request: POST https://api.telegram.org/bot8428323516:AAElzjmSPfUeCoTGKbm7wnDLSZ5ek1-6Gvc/getUpdates "HTTP/1.1 200 OK"
2025-12-10 21:26:54,786 INFO Running job "_email_job (trigger: interval[0:01:00], next run at: 2025-12-11 02:27:54 UTC)" (scheduled at 2025-12-11 02:26:54.770342+00:00)
2025-12-10 21:26:55,373 INFO Job "_email_job (trigger: interval[0:01:00], next run at: 2025-12-11 02:27:54 UTC)" executed successfully
2025-12-10 21:26:56,433 INFO HTTP Request: POST https://api.telegram.org/bot8428323516:AAElzjmSPfUeCoTGKbm7wnDLSZ5ek1-6Gvc/getUpdates "HTTP/1.1 200 OK"
2025-12-10 21:27:06,583 INFO HTTP Request: POST https://api.telegram.org/bot8428323516:AAElzjmSPfUeCoTGKbm7wnDLSZ5ek1-6Gvc/getUpdates "HTTP/1.1 200 OK"
2025-12-10 21:27:16,733 INFO HTTP Request: POST https://api.telegram.org/bot8428323516:AAElzjmSPfUeCoTGKbm7wnDLSZ5ek1-6Gvc/getUpdates "HTTP/1.1 200 OK"
2025-12-10 21:27:27,266 INFO HTTP Request: POST https://api.telegram.org/bot8428323516:AAElzjmSPfUeCoTGKbm7wnDLSZ5ek1-6Gvc/getUpdates "HTTP/1.1 200 OK"
2025-12-10 21:27:37,416 INFO HTTP Request: POST https://api.telegram.org/bot8428323516:AAElzjmSPfUeCoTGKbm7wnDLSZ5ek1-6Gvc/getUpdates "HTTP/1.1 200 OK"
2025-12-10 21:27:47,566 INFO HTTP Request: POST https://api.telegram.org/bot8428323516:AAElzjmSPfUeCoTGKbm7wnDLSZ5ek1-6Gvc/getUpdates "HTTP/1.1 200 OK"
2025-12-10 21:27:54,777 INFO Running job "_email_job (trigger: interval[0:01:00], next run at: 2025-12-11 02:28:54 UTC)" (scheduled at 2025-12-11 02:27:54.770342+00:00)
2025-12-10 21:27:55,377 INFO Job "_email_job (trigger: interval[0:01:00], next run at: 2025-12-11 02:28:54 UTC)" executed successfully
2025-12-10 21:27:57,716 INFO HTTP Request: POST https://api.telegram.org/bot8428323516:AAElzjmSPfUeCoTGKbm7wnDLSZ5ek1-6Gvc/getUpdates "HTTP/1.1 200 OK"
2025-12-10 21:28:07,866 INFO HTTP Request: POST https://api.telegram.org/bot8428323516:AAElzjmSPfUeCoTGKbm7wnDLSZ5ek1-6Gvc/getUpdates "HTTP/1.1 200 OK"
2025-12-10 21:28:18,016 INFO HTTP Request: POST https://api.telegram.org/bot8428323516:AAElzjmSPfUeCoTGKbm7wnDLSZ5ek1-6Gvc/getUpdates "HTTP/1.1 200 OK"
2025-12-10 21:28:28,166 INFO HTTP Request: POST https://api.telegram.org/bot8428323516:AAElzjmSPfUeCoTGKbm7wnDLSZ5ek1-6Gvc/getUpdates "HTTP/1.1 200 OK"
2025-12-10 21:28:38,316 INFO HTTP Request: POST https://api.telegram.org/bot8428323516:AAElzjmSPfUeCoTGKbm7wnDLSZ5ek1-6Gvc/getUpdates "HTTP/1.1 200 OK"
2025-12-10 21:28:48,466 INFO HTTP Request: POST https://api.telegram.org/bot8428323516:AAElzjmSPfUeCoTGKbm7wnDLSZ5ek1-6Gvc/getUpdates "HTTP/1.1 200 OK"
2025-12-10 21:28:54,780 INFO Running job "_email_job (trigger: interval[0:01:00], next run at: 2025-12-11 02:29:54 UTC)" (scheduled at 2025-12-11 02:28:54.770342+00:00)
2025-12-10 21:28:55,499 INFO Job "_email_job (trigger: interval[0:01:00], next run at: 2025-12-11 02:29:54 UTC)" executed successfully
2025-12-10 21:28:58,616 INFO HTTP Request: POST https://api.telegram.org/bot8428323516:AAElzjmSPfUeCoTGKbm7wnDLSZ5ek1-6Gvc/getUpdates "HTTP/1.1 200 OK"
2025-12-10 21:29:08,766 INFO HTTP Request: POST https://api.telegram.org/bot8428323516:AAElzjmSPfUeCoTGKbm7wnDLSZ5ek1-6Gvc/getUpdates "HTTP/1.1 200 OK"
2025-12-10 21:29:18,918 INFO HTTP Request: POST https://api.telegram.org/bot8428323516:AAElzjmSPfUeCoTGKbm7wnDLSZ5ek1-6Gvc/getUpdates "HTTP/1.1 200 OK"
2025-12-10 21:29:29,067 INFO HTTP Request: POST https://api.telegram.org/bot8428323516:AAElzjmSPfUeCoTGKbm7wnDLSZ5ek1-6Gvc/getUpdates "HTTP/1.1 200 OK"
2025-12-10 21:29:39,217 INFO HTTP Request: POST https://api.telegram.org/bot8428323516:AAElzjmSPfUeCoTGKbm7wnDLSZ5ek1-6Gvc/getUpdates "HTTP/1.1 200 OK"
2025-12-10 21:29:49,367 INFO HTTP Request: POST https://api.telegram.org/bot8428323516:AAElzjmSPfUeCoTGKbm7wnDLSZ5ek1-6Gvc/getUpdates "HTTP/1.1 200 OK"
2025-12-10 21:29:54,775 INFO Running job "_email_job (trigger: interval[0:01:00], next run at: 2025-12-11 02:30:54 UTC)" (scheduled at 2025-12-11 02:29:54.770342+00:00)
2025-12-10 21:29:55,402 INFO Job "_email_job (trigger: interval[0:01:00], next run at: 2025-12-11 02:30:54 UTC)" executed successfully
2025-12-10 21:29:59,517 INFO HTTP Request: POST https://api.telegram.org/bot8428323516:AAElzjmSPfUeCoTGKbm7wnDLSZ5ek1-6Gvc/getUpdates "HTTP/1.1 200 OK"
2025-12-10 21:30:09,669 INFO HTTP Request: POST https://api.telegram.org/bot8428323516:AAElzjmSPfUeCoTGKbm7wnDLSZ5ek1-6Gvc/getUpdates "HTTP/1.1 200 OK"
2025-12-10 21:30:19,819 INFO HTTP Request: POST https://api.telegram.org/bot8428323516:AAElzjmSPfUeCoTGKbm7wnDLSZ5ek1-6Gvc/getUpdates "HTTP/1.1 200 OK"
2025-12-10 21:30:29,968 INFO HTTP Request: POST https://api.telegram.org/bot8428323516:AAElzjmSPfUeCoTGKbm7wnDLSZ5ek1-6Gvc/getUpdates "HTTP/1.1 200 OK"
2025-12-10 21:30:40,118 INFO HTTP Request: POST https://api.telegram.org/bot8428323516:AAElzjmSPfUeCoTGKbm7wnDLSZ5ek1-6Gvc/getUpdates "HTTP/1.1 200 OK"
2025-12-10 21:30:50,268 INFO HTTP Request: POST https://api.telegram.org/bot8428323516:AAElzjmSPfUeCoTGKbm7wnDLSZ5ek1-6Gvc/getUpdates "HTTP/1.1 200 OK"
2025-12-10 21:30:54,774 INFO Running job "_email_job (trigger: interval[0:01:00], next run at: 2025-12-11 02:31:54 UTC)" (scheduled at 2025-12-11 02:30:54.770342+00:00)
2025-12-10 21:30:55,368 INFO Job "_email_job (trigger: interval[0:01:00], next run at: 2025-12-11 02:31:54 UTC)" executed successfully
2025-12-10 21:31:00,420 INFO HTTP Request: POST https://api.telegram.org/bot8428323516:AAElzjmSPfUeCoTGKbm7wnDLSZ5ek1-6Gvc/getUpdates "HTTP/1.1 200 OK"
2025-12-10 21:31:10,569 INFO HTTP Request: POST https://api.telegram.org/bot8428323516:AAElzjmSPfUeCoTGKbm7wnDLSZ5ek1-6Gvc/getUpdates "HTTP/1.1 200 OK"
2025-12-10 21:31:20,719 INFO HTTP Request: POST https://api.telegram.org/bot8428323516:AAElzjmSPfUeCoTGKbm7wnDLSZ5ek1-6Gvc/getUpdates "HTTP/1.1 200 OK"
2025-12-10 21:31:30,869 INFO HTTP Request: POST https://api.telegram.org/bot8428323516:AAElzjmSPfUeCoTGKbm7wnDLSZ5ek1-6Gvc/getUpdates "HTTP/1.1 200 OK"
2025-12-10 21:31:41,018 INFO HTTP Request: POST https://api.telegram.org/bot8428323516:AAElzjmSPfUeCoTGKbm7wnDLSZ5ek1-6Gvc/getUpdates "HTTP/1.1 200 OK"
2025-12-10 21:31:51,168 INFO HTTP Request: POST https://api.telegram.org/bot8428323516:AAElzjmSPfUeCoTGKbm7wnDLSZ5ek1-6Gvc/getUpdates "HTTP/1.1 200 OK"
2025-12-10 21:31:54,782 INFO Running job "_email_job (trigger: interval[0:01:00], next run at: 2025-12-11 02:32:54 UTC)" (scheduled at 2025-12-11 02:31:54.770342+00:00)
2025-12-10 21:31:55,364 INFO Job "_email_job (trigger: interval[0:01:00], next run at: 2025-12-11 02:32:54 UTC)" executed successfully
2025-12-10 21:32:01,318 INFO HTTP Request: POST https://api.telegram.org/bot8428323516:AAElzjmSPfUeCoTGKbm7wnDLSZ5ek1-6Gvc/getUpdates "HTTP/1.1 200 OK"
2025-12-10 21:32:11,467 INFO HTTP Request: POST https://api.telegram.org/bot8428323516:AAElzjmSPfUeCoTGKbm7wnDLSZ5ek1-6Gvc/getUpdates "HTTP/1.1 200 OK"
2025-12-10 21:32:21,616 INFO HTTP Request: POST https://api.telegram.org/bot8428323516:AAElzjmSPfUeCoTGKbm7wnDLSZ5ek1-6Gvc/getUpdates "HTTP/1.1 200 OK"
2025-12-10 21:32:31,766 INFO HTTP Request: POST https://api.telegram.org/bot8428323516:AAElzjmSPfUeCoTGKbm7wnDLSZ5ek1-6Gvc/getUpdates "HTTP/1.1 200 OK"
2025-12-10 21:32:41,916 INFO HTTP Request: POST https://api.telegram.org/bot8428323516:AAElzjmSPfUeCoTGKbm7wnDLSZ5ek1-6Gvc/getUpdates "HTTP/1.1 200 OK"
2025-12-10 21:32:52,066 INFO HTTP Request: POST https://api.telegram.org/bot8428323516:AAElzjmSPfUeCoTGKbm7wnDLSZ5ek1-6Gvc/getUpdates "HTTP/1.1 200 OK"
2025-12-10 21:32:54,775 INFO Running job "_email_job (trigger: interval[0:01:00], next run at: 2025-12-11 02:33:54 UTC)" (scheduled at 2025-12-11 02:32:54.770342+00:00)
2025-12-10 21:32:55,484 INFO Job "_email_job (trigger: interval[0:01:00], next run at: 2025-12-11 02:33:54 UTC)" executed successfully
2025-12-10 21:33:02,215 INFO HTTP Request: POST https://api.telegram.org/bot8428323516:AAElzjmSPfUeCoTGKbm7wnDLSZ5ek1-6Gvc/getUpdates "HTTP/1.1 200 OK"
2025-12-10 21:33:12,365 INFO HTTP Request: POST https://api.telegram.org/bot8428323516:AAElzjmSPfUeCoTGKbm7wnDLSZ5ek1-6Gvc/getUpdates "HTTP/1.1 200 OK"
2025-12-10 21:33:22,515 INFO HTTP Request: POST https://api.telegram.org/bot8428323516:AAElzjmSPfUeCoTGKbm7wnDLSZ5ek1-6Gvc/getUpdates "HTTP/1.1 200 OK"
2025-12-10 21:33:32,665 INFO HTTP Request: POST https://api.telegram.org/bot8428323516:AAElzjmSPfUeCoTGKbm7wnDLSZ5ek1-6Gvc/getUpdates "HTTP/1.1 200 OK"
2025-12-10 21:33:42,814 INFO HTTP Request: POST https://api.telegram.org/bot8428323516:AAElzjmSPfUeCoTGKbm7wnDLSZ5ek1-6Gvc/getUpdates "HTTP/1.1 200 OK"
2025-12-10 21:33:52,964 INFO HTTP Request: POST https://api.telegram.org/bot8428323516:AAElzjmSPfUeCoTGKbm7wnDLSZ5ek1-6Gvc/getUpdates "HTTP/1.1 200 OK"
2025-12-10 21:33:54,776 INFO Running job "_email_job (trigger: interval[0:01:00], next run at: 2025-12-11 02:34:54 UTC)" (scheduled at 2025-12-11 02:33:54.770342+00:00)
2025-12-10 21:33:55,559 INFO Job "_email_job (trigger: interval[0:01:00], next run at: 2025-12-11 02:34:54 UTC)" executed successfully
2025-12-10 21:34:03,114 INFO HTTP Request: POST https://api.telegram.org/bot8428323516:AAElzjmSPfUeCoTGKbm7wnDLSZ5ek1-6Gvc/getUpdates "HTTP/1.1 200 OK"
2025-12-10 21:34:13,264 INFO HTTP Request: POST https://api.telegram.org/bot8428323516:AAElzjmSPfUeCoTGKbm7wnDLSZ5ek1-6Gvc/getUpdates "HTTP/1.1 200 OK"
2025-12-10 21:34:23,414 INFO HTTP Request: POST https://api.telegram.org/bot8428323516:AAElzjmSPfUeCoTGKbm7wnDLSZ5ek1-6Gvc/getUpdates "HTTP/1.1 200 OK"
2025-12-10 21:34:33,563 INFO HTTP Request: POST https://api.telegram.org/bot8428323516:AAElzjmSPfUeCoTGKbm7wnDLSZ5ek1-6Gvc/getUpdates "HTTP/1.1 200 OK"
2025-12-10 21:34:43,714 INFO HTTP Request: POST https://api.telegram.org/bot8428323516:AAElzjmSPfUeCoTGKbm7wnDLSZ5ek1-6Gvc/getUpdates "HTTP/1.1 200 OK"
2025-12-10 21:34:53,864 INFO HTTP Request: POST https://api.telegram.org/bot8428323516:AAElzjmSPfUeCoTGKbm7wnDLSZ5ek1-6Gvc/getUpdates "HTTP/1.1 200 OK"
2025-12-10 21:34:54,777 INFO Running job "_email_job (trigger: interval[0:01:00], next run at: 2025-12-11 02:35:54 UTC)" (scheduled at 2025-12-11 02:34:54.770342+00:00)
2025-12-10 21:34:55,476 INFO Job "_email_job (trigger: interval[0:01:00], next run at: 2025-12-11 02:35:54 UTC)" executed successfully
2025-12-10 21:35:04,015 INFO HTTP Request: POST https://api.telegram.org/bot8428323516:AAElzjmSPfUeCoTGKbm7wnDLSZ5ek1-6Gvc/getUpdates "HTTP/1.1 200 OK"
2025-12-10 21:35:14,165 INFO HTTP Request: POST https://api.telegram.org/bot8428323516:AAElzjmSPfUeCoTGKbm7wnDLSZ5ek1-6Gvc/getUpdates "HTTP/1.1 200 OK"
2025-12-10 21:35:24,315 INFO HTTP Request: POST https://api.telegram.org/bot8428323516:AAElzjmSPfUeCoTGKbm7wnDLSZ5ek1-6Gvc/getUpdates "HTTP/1.1 200 OK"
2025-12-10 21:35:34,465 INFO HTTP Request: POST https://api.telegram.org/bot8428323516:AAElzjmSPfUeCoTGKbm7wnDLSZ5ek1-6Gvc/getUpdates "HTTP/1.1 200 OK"
2025-12-10 21:35:44,616 INFO HTTP Request: POST https://api.telegram.org/bot8428323516:AAElzjmSPfUeCoTGKbm7wnDLSZ5ek1-6Gvc/getUpdates "HTTP/1.1 200 OK"
2025-12-10 21:35:54,766 INFO HTTP Request: POST https://api.telegram.org/bot8428323516:AAElzjmSPfUeCoTGKbm7wnDLSZ5ek1-6Gvc/getUpdates "HTTP/1.1 200 OK"
2025-12-10 21:35:54,772 INFO Running job "_email_job (trigger: interval[0:01:00], next run at: 2025-12-11 02:36:54 UTC)" (scheduled at 2025-12-11 02:35:54.770342+00:00)
2025-12-10 21:35:55,360 INFO Job "_email_job (trigger: interval[0:01:00], next run at: 2025-12-11 02:36:54 UTC)" executed successfully
2025-12-10 21:36:04,920 INFO HTTP Request: POST https://api.telegram.org/bot8428323516:AAElzjmSPfUeCoTGKbm7wnDLSZ5ek1-6Gvc/getUpdates "HTTP/1.1 200 OK"
2025-12-10 21:36:15,070 INFO HTTP Request: POST https://api.telegram.org/bot8428323516:AAElzjmSPfUeCoTGKbm7wnDLSZ5ek1-6Gvc/getUpdates "HTTP/1.1 200 OK"
2025-12-10 21:36:25,219 INFO HTTP Request: POST https://api.telegram.org/bot8428323516:AAElzjmSPfUeCoTGKbm7wnDLSZ5ek1-6Gvc/getUpdates "HTTP/1.1 200 OK"
2025-12-10 21:36:35,368 INFO HTTP Request: POST https://api.telegram.org/bot8428323516:AAElzjmSPfUeCoTGKbm7wnDLSZ5ek1-6Gvc/getUpdates "HTTP/1.1 200 OK"
2025-12-10 21:36:45,520 INFO HTTP Request: POST https://api.telegram.org/bot8428323516:AAElzjmSPfUeCoTGKbm7wnDLSZ5ek1-6Gvc/getUpdates "HTTP/1.1 200 OK"
2025-12-10 21:36:54,777 INFO Running job "_email_job (trigger: interval[0:01:00], next run at: 2025-12-11 02:37:54 UTC)" (scheduled at 2025-12-11 02:36:54.770342+00:00)
2025-12-10 21:36:55,669 INFO HTTP Request: POST https://api.telegram.org/bot8428323516:AAElzjmSPfUeCoTGKbm7wnDLSZ5ek1-6Gvc/getUpdates "HTTP/1.1 200 OK"
2025-12-10 21:36:56,548 INFO Job "_email_job (trigger: interval[0:01:00], next run at: 2025-12-11 02:37:54 UTC)" executed successfully
2025-12-10 21:37:05,818 INFO HTTP Request: POST https://api.telegram.org/bot8428323516:AAElzjmSPfUeCoTGKbm7wnDLSZ5ek1-6Gvc/getUpdates "HTTP/1.1 200 OK"
2025-12-10 21:37:15,968 INFO HTTP Request: POST https://api.telegram.org/bot8428323516:AAElzjmSPfUeCoTGKbm7wnDLSZ5ek1-6Gvc/getUpdates "HTTP/1.1 200 OK"
2025-12-10 21:37:26,117 INFO HTTP Request: POST https://api.telegram.org/bot8428323516:AAElzjmSPfUeCoTGKbm7wnDLSZ5ek1-6Gvc/getUpdates "HTTP/1.1 200 OK"
2025-12-10 21:37:36,265 INFO HTTP Request: POST https://api.telegram.org/bot8428323516:AAElzjmSPfUeCoTGKbm7wnDLSZ5ek1-6Gvc/getUpdates "HTTP/1.1 200 OK"
2025-12-10 21:37:46,416 INFO HTTP Request: POST https://api.telegram.org/bot8428323516:AAElzjmSPfUeCoTGKbm7wnDLSZ5ek1-6Gvc/getUpdates "HTTP/1.1 200 OK"
2025-12-10 21:37:49,929 WARNING ⚠️ Usando CHAT_ID por defecto (1943663667).
2025-12-10 21:37:49,932 INFO Adding job tentatively -- it will be properly scheduled when the scheduler starts
2025-12-10 21:37:50,530 INFO HTTP Request: POST https://api.telegram.org/bot8428323516:AAElzjmSPfUeCoTGKbm7wnDLSZ5ek1-6Gvc/getMe "HTTP/1.1 200 OK"
2025-12-10 21:37:50,679 INFO HTTP Request: POST https://api.telegram.org/bot8428323516:AAElzjmSPfUeCoTGKbm7wnDLSZ5ek1-6Gvc/deleteWebhook "HTTP/1.1 200 OK"
2025-12-10 21:37:50,681 INFO Added job "_email_job" to job store "default"
2025-12-10 21:37:50,681 INFO Scheduler started
2025-12-10 21:37:50,681 INFO Application started
2025-12-10 21:37:51,129 INFO HTTP Request: POST https://api.telegram.org/bot8428323516:AAElzjmSPfUeCoTGKbm7wnDLSZ5ek1-6Gvc/getUpdates "HTTP/1.1 409 Conflict"
2025-12-10 21:37:51,130 ERROR No error handlers are registered, logging exception.
Traceback (most recent call last):
  File "C:\Users\OurPresent\Downloads\Maestría BD\Proyecto Final\GmailPointsWatcher\.venv\Lib\site-packages\telegram\ext\_utils\networkloop.py", line 134, in network_retry_loop
    await do_action()
  File "C:\Users\OurPresent\Downloads\Maestría BD\Proyecto Final\GmailPointsWatcher\.venv\Lib\site-packages\telegram\ext\_utils\networkloop.py", line 127, in do_action
    action_cb_task.result()
    ~~~~~~~~~~~~~~~~~~~~~^^
  File "C:\Users\OurPresent\Downloads\Maestría BD\Proyecto Final\GmailPointsWatcher\.venv\Lib\site-packages\telegram\ext\_updater.py", line 340, in polling_action_cb
    updates = await self.bot.get_updates(
              ^^^^^^^^^^^^^^^^^^^^^^^^^^^
    ...<3 lines>...
    )
    ^
  File "C:\Users\OurPresent\Downloads\Maestría BD\Proyecto Final\GmailPointsWatcher\.venv\Lib\site-packages\telegram\ext\_extbot.py", line 676, in get_updates
    updates = await super().get_updates(
              ^^^^^^^^^^^^^^^^^^^^^^^^^^
    ...<9 lines>...
    )
    ^
  File "C:\Users\OurPresent\Downloads\Maestría BD\Proyecto Final\GmailPointsWatcher\.venv\Lib\site-packages\telegram\_bot.py", line 4780, in get_updates
    await self._post(
    ^^^^^^^^^^^^^^^^^
    ...<7 lines>...
    ),
    ^
  File "C:\Users\OurPresent\Downloads\Maestría BD\Proyecto Final\GmailPointsWatcher\.venv\Lib\site-packages\telegram\_bot.py", line 703, in _post
    return await self._do_post(
           ^^^^^^^^^^^^^^^^^^^^
    ...<6 lines>...
    )
    ^
  File "C:\Users\OurPresent\Downloads\Maestría BD\Proyecto Final\GmailPointsWatcher\.venv\Lib\site-packages\telegram\ext\_extbot.py", line 372, in _do_post
    return await super()._do_post(
           ^^^^^^^^^^^^^^^^^^^^^^^
    ...<6 lines>...
    )
    ^
  File "C:\Users\OurPresent\Downloads\Maestría BD\Proyecto Final\GmailPointsWatcher\.venv\Lib\site-packages\telegram\_bot.py", line 732, in _do_post
    result = await request.post(
             ^^^^^^^^^^^^^^^^^^^
    ...<6 lines>...
    )
    ^
  File "C:\Users\OurPresent\Downloads\Maestría BD\Proyecto Final\GmailPointsWatcher\.venv\Lib\site-packages\telegram\request\_baserequest.py", line 198, in post
    result = await self._request_wrapper(
             ^^^^^^^^^^^^^^^^^^^^^^^^^^^^
    ...<7 lines>...
    )
    ^
  File "C:\Users\OurPresent\Downloads\Maestría BD\Proyecto Final\GmailPointsWatcher\.venv\Lib\site-packages\telegram\request\_baserequest.py", line 375, in _request_wrapper
    raise exception
telegram.error.Conflict: Conflict: terminated by other getUpdates request; make sure that only one bot instance is running
2025-12-10 21:37:54,778 INFO Running job "_email_job (trigger: interval[0:01:00], next run at: 2025-12-11 02:38:54 UTC)" (scheduled at 2025-12-11 02:37:54.770342+00:00)
2025-12-10 21:37:55,289 INFO HTTP Request: POST https://api.telegram.org/bot8428323516:AAElzjmSPfUeCoTGKbm7wnDLSZ5ek1-6Gvc/getUpdates "HTTP/1.1 409 Conflict"
2025-12-10 21:37:55,291 ERROR No error handlers are registered, logging exception.
Traceback (most recent call last):
  File "C:\Users\OurPresent\Downloads\Maestría BD\Proyecto Final\GmailPointsWatcher\.venv\Lib\site-packages\telegram\ext\_utils\networkloop.py", line 134, in network_retry_loop
    await do_action()
  File "C:\Users\OurPresent\Downloads\Maestría BD\Proyecto Final\GmailPointsWatcher\.venv\Lib\site-packages\telegram\ext\_utils\networkloop.py", line 127, in do_action
    action_cb_task.result()
    ~~~~~~~~~~~~~~~~~~~~~^^
  File "C:\Users\OurPresent\Downloads\Maestría BD\Proyecto Final\GmailPointsWatcher\.venv\Lib\site-packages\telegram\ext\_updater.py", line 340, in polling_action_cb
    updates = await self.bot.get_updates(
              ^^^^^^^^^^^^^^^^^^^^^^^^^^^
    ...<3 lines>...
    )
    ^
  File "C:\Users\OurPresent\Downloads\Maestría BD\Proyecto Final\GmailPointsWatcher\.venv\Lib\site-packages\telegram\ext\_extbot.py", line 676, in get_updates
    updates = await super().get_updates(
              ^^^^^^^^^^^^^^^^^^^^^^^^^^
    ...<9 lines>...
    )
    ^
  File "C:\Users\OurPresent\Downloads\Maestría BD\Proyecto Final\GmailPointsWatcher\.venv\Lib\site-packages\telegram\_bot.py", line 4780, in get_updates
    await self._post(
    ^^^^^^^^^^^^^^^^^
    ...<7 lines>...
    ),
    ^
  File "C:\Users\OurPresent\Downloads\Maestría BD\Proyecto Final\GmailPointsWatcher\.venv\Lib\site-packages\telegram\_bot.py", line 703, in _post
    return await self._do_post(
           ^^^^^^^^^^^^^^^^^^^^
    ...<6 lines>...
    )
    ^
  File "C:\Users\OurPresent\Downloads\Maestría BD\Proyecto Final\GmailPointsWatcher\.venv\Lib\site-packages\telegram\ext\_extbot.py", line 372, in _do_post
    return await super()._do_post(
           ^^^^^^^^^^^^^^^^^^^^^^^
    ...<6 lines>...
    )
    ^
  File "C:\Users\OurPresent\Downloads\Maestría BD\Proyecto Final\GmailPointsWatcher\.venv\Lib\site-packages\telegram\_bot.py", line 732, in _do_post
    result = await request.post(
             ^^^^^^^^^^^^^^^^^^^
    ...<6 lines>...
    )
    ^
  File "C:\Users\OurPresent\Downloads\Maestría BD\Proyecto Final\GmailPointsWatcher\.venv\Lib\site-packages\telegram\request\_baserequest.py", line 198, in post
    result = await self._request_wrapper(
             ^^^^^^^^^^^^^^^^^^^^^^^^^^^^
    ...<7 lines>...
    )
    ^
  File "C:\Users\OurPresent\Downloads\Maestría BD\Proyecto Final\GmailPointsWatcher\.venv\Lib\site-packages\telegram\request\_baserequest.py", line 375, in _request_wrapper
    raise exception
telegram.error.Conflict: Conflict: terminated by other getUpdates request; make sure that only one bot instance is running
2025-12-10 21:37:55,377 INFO Job "_email_job (trigger: interval[0:01:00], next run at: 2025-12-11 02:38:54 UTC)" executed successfully
2025-12-10 21:37:56,445 INFO HTTP Request: POST https://api.telegram.org/bot8428323516:AAElzjmSPfUeCoTGKbm7wnDLSZ5ek1-6Gvc/getUpdates "HTTP/1.1 409 Conflict"
2025-12-10 21:37:56,446 ERROR No error handlers are registered, logging exception.
Traceback (most recent call last):
  File "C:\Users\OurPresent\Downloads\Maestría BD\Proyecto Final\GmailPointsWatcher\.venv\Lib\site-packages\telegram\ext\_utils\networkloop.py", line 134, in network_retry_loop
    await do_action()
  File "C:\Users\OurPresent\Downloads\Maestría BD\Proyecto Final\GmailPointsWatcher\.venv\Lib\site-packages\telegram\ext\_utils\networkloop.py", line 127, in do_action
    action_cb_task.result()
    ~~~~~~~~~~~~~~~~~~~~~^^
  File "C:\Users\OurPresent\Downloads\Maestría BD\Proyecto Final\GmailPointsWatcher\.venv\Lib\site-packages\telegram\ext\_updater.py", line 340, in polling_action_cb
    updates = await self.bot.get_updates(
              ^^^^^^^^^^^^^^^^^^^^^^^^^^^
    ...<3 lines>...
    )
    ^
  File "C:\Users\OurPresent\Downloads\Maestría BD\Proyecto Final\GmailPointsWatcher\.venv\Lib\site-packages\telegram\ext\_extbot.py", line 676, in get_updates
    updates = await super().get_updates(
              ^^^^^^^^^^^^^^^^^^^^^^^^^^
    ...<9 lines>...
    )
    ^
  File "C:\Users\OurPresent\Downloads\Maestría BD\Proyecto Final\GmailPointsWatcher\.venv\Lib\site-packages\telegram\_bot.py", line 4780, in get_updates
    await self._post(
    ^^^^^^^^^^^^^^^^^
    ...<7 lines>...
    ),
    ^
  File "C:\Users\OurPresent\Downloads\Maestría BD\Proyecto Final\GmailPointsWatcher\.venv\Lib\site-packages\telegram\_bot.py", line 703, in _post
    return await self._do_post(
           ^^^^^^^^^^^^^^^^^^^^
    ...<6 lines>...
    )
    ^
  File "C:\Users\OurPresent\Downloads\Maestría BD\Proyecto Final\GmailPointsWatcher\.venv\Lib\site-packages\telegram\ext\_extbot.py", line 372, in _do_post
    return await super()._do_post(
           ^^^^^^^^^^^^^^^^^^^^^^^
    ...<6 lines>...
    )
    ^
  File "C:\Users\OurPresent\Downloads\Maestría BD\Proyecto Final\GmailPointsWatcher\.venv\Lib\site-packages\telegram\_bot.py", line 732, in _do_post
    result = await request.post(
             ^^^^^^^^^^^^^^^^^^^
    ...<6 lines>...
    )
    ^
  File "C:\Users\OurPresent\Downloads\Maestría BD\Proyecto Final\GmailPointsWatcher\.venv\Lib\site-packages\telegram\request\_baserequest.py", line 198, in post
    result = await self._request_wrapper(
             ^^^^^^^^^^^^^^^^^^^^^^^^^^^^
    ...<7 lines>...
    )
    ^
  File "C:\Users\OurPresent\Downloads\Maestría BD\Proyecto Final\GmailPointsWatcher\.venv\Lib\site-packages\telegram\request\_baserequest.py", line 375, in _request_wrapper
    raise exception
telegram.error.Conflict: Conflict: terminated by other getUpdates request; make sure that only one bot instance is running
2025-12-10 21:38:01,104 INFO HTTP Request: POST https://api.telegram.org/bot8428323516:AAElzjmSPfUeCoTGKbm7wnDLSZ5ek1-6Gvc/getUpdates "HTTP/1.1 409 Conflict"
2025-12-10 21:38:01,105 ERROR No error handlers are registered, logging exception.
Traceback (most recent call last):
  File "C:\Users\OurPresent\Downloads\Maestría BD\Proyecto Final\GmailPointsWatcher\.venv\Lib\site-packages\telegram\ext\_utils\networkloop.py", line 134, in network_retry_loop
    await do_action()
  File "C:\Users\OurPresent\Downloads\Maestría BD\Proyecto Final\GmailPointsWatcher\.venv\Lib\site-packages\telegram\ext\_utils\networkloop.py", line 127, in do_action
    action_cb_task.result()
    ~~~~~~~~~~~~~~~~~~~~~^^
  File "C:\Users\OurPresent\Downloads\Maestría BD\Proyecto Final\GmailPointsWatcher\.venv\Lib\site-packages\telegram\ext\_updater.py", line 340, in polling_action_cb
    updates = await self.bot.get_updates(
              ^^^^^^^^^^^^^^^^^^^^^^^^^^^
    ...<3 lines>...
    )
    ^
  File "C:\Users\OurPresent\Downloads\Maestría BD\Proyecto Final\GmailPointsWatcher\.venv\Lib\site-packages\telegram\ext\_extbot.py", line 676, in get_updates
    updates = await super().get_updates(
              ^^^^^^^^^^^^^^^^^^^^^^^^^^
    ...<9 lines>...
    )
    ^
  File "C:\Users\OurPresent\Downloads\Maestría BD\Proyecto Final\GmailPointsWatcher\.venv\Lib\site-packages\telegram\_bot.py", line 4780, in get_updates
    await self._post(
    ^^^^^^^^^^^^^^^^^
    ...<7 lines>...
    ),
    ^
  File "C:\Users\OurPresent\Downloads\Maestría BD\Proyecto Final\GmailPointsWatcher\.venv\Lib\site-packages\telegram\_bot.py", line 703, in _post
    return await self._do_post(
           ^^^^^^^^^^^^^^^^^^^^
    ...<6 lines>...
    )
    ^
  File "C:\Users\OurPresent\Downloads\Maestría BD\Proyecto Final\GmailPointsWatcher\.venv\Lib\site-packages\telegram\ext\_extbot.py", line 372, in _do_post
    return await super()._do_post(
           ^^^^^^^^^^^^^^^^^^^^^^^
    ...<6 lines>...
    )
    ^
  File "C:\Users\OurPresent\Downloads\Maestría BD\Proyecto Final\GmailPointsWatcher\.venv\Lib\site-packages\telegram\_bot.py", line 732, in _do_post
    result = await request.post(
             ^^^^^^^^^^^^^^^^^^^
    ...<6 lines>...
    )
    ^
  File "C:\Users\OurPresent\Downloads\Maestría BD\Proyecto Final\GmailPointsWatcher\.venv\Lib\site-packages\telegram\request\_baserequest.py", line 198, in post
    result = await self._request_wrapper(
             ^^^^^^^^^^^^^^^^^^^^^^^^^^^^
    ...<7 lines>...
    )
    ^
  File "C:\Users\OurPresent\Downloads\Maestría BD\Proyecto Final\GmailPointsWatcher\.venv\Lib\site-packages\telegram\request\_baserequest.py", line 375, in _request_wrapper
    raise exception
telegram.error.Conflict: Conflict: terminated by other getUpdates request; make sure that only one bot instance is running
2025-12-10 21:38:02,763 INFO HTTP Request: POST https://api.telegram.org/bot8428323516:AAElzjmSPfUeCoTGKbm7wnDLSZ5ek1-6Gvc/getUpdates "HTTP/1.1 409 Conflict"
2025-12-10 21:38:02,764 ERROR No error handlers are registered, logging exception.
Traceback (most recent call last):
  File "C:\Users\OurPresent\Downloads\Maestría BD\Proyecto Final\GmailPointsWatcher\.venv\Lib\site-packages\telegram\ext\_utils\networkloop.py", line 134, in network_retry_loop
    await do_action()
  File "C:\Users\OurPresent\Downloads\Maestría BD\Proyecto Final\GmailPointsWatcher\.venv\Lib\site-packages\telegram\ext\_utils\networkloop.py", line 127, in do_action
    action_cb_task.result()
    ~~~~~~~~~~~~~~~~~~~~~^^
  File "C:\Users\OurPresent\Downloads\Maestría BD\Proyecto Final\GmailPointsWatcher\.venv\Lib\site-packages\telegram\ext\_updater.py", line 340, in polling_action_cb
    updates = await self.bot.get_updates(
              ^^^^^^^^^^^^^^^^^^^^^^^^^^^
    ...<3 lines>...
    )
    ^
  File "C:\Users\OurPresent\Downloads\Maestría BD\Proyecto Final\GmailPointsWatcher\.venv\Lib\site-packages\telegram\ext\_extbot.py", line 676, in get_updates
    updates = await super().get_updates(
              ^^^^^^^^^^^^^^^^^^^^^^^^^^
    ...<9 lines>...
    )
    ^
  File "C:\Users\OurPresent\Downloads\Maestría BD\Proyecto Final\GmailPointsWatcher\.venv\Lib\site-packages\telegram\_bot.py", line 4780, in get_updates
    await self._post(
    ^^^^^^^^^^^^^^^^^
    ...<7 lines>...
    ),
    ^
  File "C:\Users\OurPresent\Downloads\Maestría BD\Proyecto Final\GmailPointsWatcher\.venv\Lib\site-packages\telegram\_bot.py", line 703, in _post
    return await self._do_post(
           ^^^^^^^^^^^^^^^^^^^^
    ...<6 lines>...
    )
    ^
  File "C:\Users\OurPresent\Downloads\Maestría BD\Proyecto Final\GmailPointsWatcher\.venv\Lib\site-packages\telegram\ext\_extbot.py", line 372, in _do_post
    return await super()._do_post(
           ^^^^^^^^^^^^^^^^^^^^^^^
    ...<6 lines>...
    )
    ^
  File "C:\Users\OurPresent\Downloads\Maestría BD\Proyecto Final\GmailPointsWatcher\.venv\Lib\site-packages\telegram\_bot.py", line 732, in _do_post
    result = await request.post(
             ^^^^^^^^^^^^^^^^^^^
    ...<6 lines>...
    )
    ^
  File "C:\Users\OurPresent\Downloads\Maestría BD\Proyecto Final\GmailPointsWatcher\.venv\Lib\site-packages\telegram\request\_baserequest.py", line 198, in post
    result = await self._request_wrapper(
             ^^^^^^^^^^^^^^^^^^^^^^^^^^^^
    ...<7 lines>...
    )
    ^
  File "C:\Users\OurPresent\Downloads\Maestría BD\Proyecto Final\GmailPointsWatcher\.venv\Lib\site-packages\telegram\request\_baserequest.py", line 375, in _request_wrapper
    raise exception
telegram.error.Conflict: Conflict: terminated by other getUpdates request; make sure that only one bot instance is running
2025-12-10 21:38:08,170 INFO HTTP Request: POST https://api.telegram.org/bot8428323516:AAElzjmSPfUeCoTGKbm7wnDLSZ5ek1-6Gvc/getUpdates "HTTP/1.1 409 Conflict"
2025-12-10 21:38:08,171 ERROR No error handlers are registered, logging exception.
Traceback (most recent call last):
  File "C:\Users\OurPresent\Downloads\Maestría BD\Proyecto Final\GmailPointsWatcher\.venv\Lib\site-packages\telegram\ext\_utils\networkloop.py", line 134, in network_retry_loop
    await do_action()
  File "C:\Users\OurPresent\Downloads\Maestría BD\Proyecto Final\GmailPointsWatcher\.venv\Lib\site-packages\telegram\ext\_utils\networkloop.py", line 127, in do_action
    action_cb_task.result()
    ~~~~~~~~~~~~~~~~~~~~~^^
  File "C:\Users\OurPresent\Downloads\Maestría BD\Proyecto Final\GmailPointsWatcher\.venv\Lib\site-packages\telegram\ext\_updater.py", line 340, in polling_action_cb
    updates = await self.bot.get_updates(
              ^^^^^^^^^^^^^^^^^^^^^^^^^^^
    ...<3 lines>...
    )
    ^
  File "C:\Users\OurPresent\Downloads\Maestría BD\Proyecto Final\GmailPointsWatcher\.venv\Lib\site-packages\telegram\ext\_extbot.py", line 676, in get_updates
    updates = await super().get_updates(
              ^^^^^^^^^^^^^^^^^^^^^^^^^^
    ...<9 lines>...
    )
    ^
  File "C:\Users\OurPresent\Downloads\Maestría BD\Proyecto Final\GmailPointsWatcher\.venv\Lib\site-packages\telegram\_bot.py", line 4780, in get_updates
    await self._post(
    ^^^^^^^^^^^^^^^^^
    ...<7 lines>...
    ),
    ^
  File "C:\Users\OurPresent\Downloads\Maestría BD\Proyecto Final\GmailPointsWatcher\.venv\Lib\site-packages\telegram\_bot.py", line 703, in _post
    return await self._do_post(
           ^^^^^^^^^^^^^^^^^^^^
    ...<6 lines>...
    )
    ^
  File "C:\Users\OurPresent\Downloads\Maestría BD\Proyecto Final\GmailPointsWatcher\.venv\Lib\site-packages\telegram\ext\_extbot.py", line 372, in _do_post
    return await super()._do_post(
           ^^^^^^^^^^^^^^^^^^^^^^^
    ...<6 lines>...
    )
    ^
  File "C:\Users\OurPresent\Downloads\Maestría BD\Proyecto Final\GmailPointsWatcher\.venv\Lib\site-packages\telegram\_bot.py", line 732, in _do_post
    result = await request.post(
             ^^^^^^^^^^^^^^^^^^^
    ...<6 lines>...
    )
    ^
  File "C:\Users\OurPresent\Downloads\Maestría BD\Proyecto Final\GmailPointsWatcher\.venv\Lib\site-packages\telegram\request\_baserequest.py", line 198, in post
    result = await self._request_wrapper(
             ^^^^^^^^^^^^^^^^^^^^^^^^^^^^
    ...<7 lines>...
    )
    ^
  File "C:\Users\OurPresent\Downloads\Maestría BD\Proyecto Final\GmailPointsWatcher\.venv\Lib\site-packages\telegram\request\_baserequest.py", line 375, in _request_wrapper
    raise exception
telegram.error.Conflict: Conflict: terminated by other getUpdates request; make sure that only one bot instance is running
2025-12-10 21:38:10,580 INFO HTTP Request: POST https://api.telegram.org/bot8428323516:AAElzjmSPfUeCoTGKbm7wnDLSZ5ek1-6Gvc/getUpdates "HTTP/1.1 409 Conflict"
2025-12-10 21:38:10,581 ERROR No error handlers are registered, logging exception.
Traceback (most recent call last):
  File "C:\Users\OurPresent\Downloads\Maestría BD\Proyecto Final\GmailPointsWatcher\.venv\Lib\site-packages\telegram\ext\_utils\networkloop.py", line 134, in network_retry_loop
    await do_action()
  File "C:\Users\OurPresent\Downloads\Maestría BD\Proyecto Final\GmailPointsWatcher\.venv\Lib\site-packages\telegram\ext\_utils\networkloop.py", line 127, in do_action
    action_cb_task.result()
    ~~~~~~~~~~~~~~~~~~~~~^^
  File "C:\Users\OurPresent\Downloads\Maestría BD\Proyecto Final\GmailPointsWatcher\.venv\Lib\site-packages\telegram\ext\_updater.py", line 340, in polling_action_cb
    updates = await self.bot.get_updates(
              ^^^^^^^^^^^^^^^^^^^^^^^^^^^
    ...<3 lines>...
    )
    ^
  File "C:\Users\OurPresent\Downloads\Maestría BD\Proyecto Final\GmailPointsWatcher\.venv\Lib\site-packages\telegram\ext\_extbot.py", line 676, in get_updates
    updates = await super().get_updates(
              ^^^^^^^^^^^^^^^^^^^^^^^^^^
    ...<9 lines>...
    )
    ^
  File "C:\Users\OurPresent\Downloads\Maestría BD\Proyecto Final\GmailPointsWatcher\.venv\Lib\site-packages\telegram\_bot.py", line 4780, in get_updates
    await self._post(
    ^^^^^^^^^^^^^^^^^
    ...<7 lines>...
    ),
    ^
  File "C:\Users\OurPresent\Downloads\Maestría BD\Proyecto Final\GmailPointsWatcher\.venv\Lib\site-packages\telegram\_bot.py", line 703, in _post
    return await self._do_post(
           ^^^^^^^^^^^^^^^^^^^^
    ...<6 lines>...
    )
    ^
  File "C:\Users\OurPresent\Downloads\Maestría BD\Proyecto Final\GmailPointsWatcher\.venv\Lib\site-packages\telegram\ext\_extbot.py", line 372, in _do_post
    return await super()._do_post(
           ^^^^^^^^^^^^^^^^^^^^^^^
    ...<6 lines>...
    )
    ^
  File "C:\Users\OurPresent\Downloads\Maestría BD\Proyecto Final\GmailPointsWatcher\.venv\Lib\site-packages\telegram\_bot.py", line 732, in _do_post
    result = await request.post(
             ^^^^^^^^^^^^^^^^^^^
    ...<6 lines>...
    )
    ^
  File "C:\Users\OurPresent\Downloads\Maestría BD\Proyecto Final\GmailPointsWatcher\.venv\Lib\site-packages\telegram\request\_baserequest.py", line 198, in post
    result = await self._request_wrapper(
             ^^^^^^^^^^^^^^^^^^^^^^^^^^^^
    ...<7 lines>...
    )
    ^
  File "C:\Users\OurPresent\Downloads\Maestría BD\Proyecto Final\GmailPointsWatcher\.venv\Lib\site-packages\telegram\request\_baserequest.py", line 375, in _request_wrapper
    raise exception
telegram.error.Conflict: Conflict: terminated by other getUpdates request; make sure that only one bot instance is running
2025-12-10 21:38:14,117 INFO HTTP Request: POST https://api.telegram.org/bot8428323516:AAElzjmSPfUeCoTGKbm7wnDLSZ5ek1-6Gvc/getUpdates "HTTP/1.1 409 Conflict"
2025-12-10 21:38:14,118 ERROR No error handlers are registered, logging exception.
Traceback (most recent call last):
  File "C:\Users\OurPresent\Downloads\Maestría BD\Proyecto Final\GmailPointsWatcher\.venv\Lib\site-packages\telegram\ext\_utils\networkloop.py", line 134, in network_retry_loop
    await do_action()
  File "C:\Users\OurPresent\Downloads\Maestría BD\Proyecto Final\GmailPointsWatcher\.venv\Lib\site-packages\telegram\ext\_utils\networkloop.py", line 127, in do_action
    action_cb_task.result()
    ~~~~~~~~~~~~~~~~~~~~~^^
  File "C:\Users\OurPresent\Downloads\Maestría BD\Proyecto Final\GmailPointsWatcher\.venv\Lib\site-packages\telegram\ext\_updater.py", line 340, in polling_action_cb
    updates = await self.bot.get_updates(
              ^^^^^^^^^^^^^^^^^^^^^^^^^^^
    ...<3 lines>...
    )
    ^
  File "C:\Users\OurPresent\Downloads\Maestría BD\Proyecto Final\GmailPointsWatcher\.venv\Lib\site-packages\telegram\ext\_extbot.py", line 676, in get_updates
    updates = await super().get_updates(
              ^^^^^^^^^^^^^^^^^^^^^^^^^^
    ...<9 lines>...
    )
    ^
  File "C:\Users\OurPresent\Downloads\Maestría BD\Proyecto Final\GmailPointsWatcher\.venv\Lib\site-packages\telegram\_bot.py", line 4780, in get_updates
    await self._post(
    ^^^^^^^^^^^^^^^^^
    ...<7 lines>...
    ),
    ^
  File "C:\Users\OurPresent\Downloads\Maestría BD\Proyecto Final\GmailPointsWatcher\.venv\Lib\site-packages\telegram\_bot.py", line 703, in _post
    return await self._do_post(
           ^^^^^^^^^^^^^^^^^^^^
    ...<6 lines>...
    )
    ^
  File "C:\Users\OurPresent\Downloads\Maestría BD\Proyecto Final\GmailPointsWatcher\.venv\Lib\site-packages\telegram\ext\_extbot.py", line 372, in _do_post
    return await super()._do_post(
           ^^^^^^^^^^^^^^^^^^^^^^^
    ...<6 lines>...
    )
    ^
  File "C:\Users\OurPresent\Downloads\Maestría BD\Proyecto Final\GmailPointsWatcher\.venv\Lib\site-packages\telegram\_bot.py", line 732, in _do_post
    result = await request.post(
             ^^^^^^^^^^^^^^^^^^^
    ...<6 lines>...
    )
    ^
  File "C:\Users\OurPresent\Downloads\Maestría BD\Proyecto Final\GmailPointsWatcher\.venv\Lib\site-packages\telegram\request\_baserequest.py", line 198, in post
    result = await self._request_wrapper(
             ^^^^^^^^^^^^^^^^^^^^^^^^^^^^
    ...<7 lines>...
    )
    ^
  File "C:\Users\OurPresent\Downloads\Maestría BD\Proyecto Final\GmailPointsWatcher\.venv\Lib\site-packages\telegram\request\_baserequest.py", line 375, in _request_wrapper
    raise exception
telegram.error.Conflict: Conflict: terminated by other getUpdates request; make sure that only one bot instance is running
2025-12-10 21:38:17,655 INFO HTTP Request: POST https://api.telegram.org/bot8428323516:AAElzjmSPfUeCoTGKbm7wnDLSZ5ek1-6Gvc/getUpdates "HTTP/1.1 409 Conflict"
2025-12-10 21:38:17,656 ERROR No error handlers are registered, logging exception.
Traceback (most recent call last):
  File "C:\Users\OurPresent\Downloads\Maestría BD\Proyecto Final\GmailPointsWatcher\.venv\Lib\site-packages\telegram\ext\_utils\networkloop.py", line 134, in network_retry_loop
    await do_action()
  File "C:\Users\OurPresent\Downloads\Maestría BD\Proyecto Final\GmailPointsWatcher\.venv\Lib\site-packages\telegram\ext\_utils\networkloop.py", line 127, in do_action
    action_cb_task.result()
    ~~~~~~~~~~~~~~~~~~~~~^^
  File "C:\Users\OurPresent\Downloads\Maestría BD\Proyecto Final\GmailPointsWatcher\.venv\Lib\site-packages\telegram\ext\_updater.py", line 340, in polling_action_cb
    updates = await self.bot.get_updates(
              ^^^^^^^^^^^^^^^^^^^^^^^^^^^
    ...<3 lines>...
    )
    ^
  File "C:\Users\OurPresent\Downloads\Maestría BD\Proyecto Final\GmailPointsWatcher\.venv\Lib\site-packages\telegram\ext\_extbot.py", line 676, in get_updates
    updates = await super().get_updates(
              ^^^^^^^^^^^^^^^^^^^^^^^^^^
    ...<9 lines>...
    )
    ^
  File "C:\Users\OurPresent\Downloads\Maestría BD\Proyecto Final\GmailPointsWatcher\.venv\Lib\site-packages\telegram\_bot.py", line 4780, in get_updates
    await self._post(
    ^^^^^^^^^^^^^^^^^
    ...<7 lines>...
    ),
    ^
  File "C:\Users\OurPresent\Downloads\Maestría BD\Proyecto Final\GmailPointsWatcher\.venv\Lib\site-packages\telegram\_bot.py", line 703, in _post
    return await self._do_post(
           ^^^^^^^^^^^^^^^^^^^^
    ...<6 lines>...
    )
    ^
  File "C:\Users\OurPresent\Downloads\Maestría BD\Proyecto Final\GmailPointsWatcher\.venv\Lib\site-packages\telegram\ext\_extbot.py", line 372, in _do_post
    return await super()._do_post(
           ^^^^^^^^^^^^^^^^^^^^^^^
    ...<6 lines>...
    )
    ^
  File "C:\Users\OurPresent\Downloads\Maestría BD\Proyecto Final\GmailPointsWatcher\.venv\Lib\site-packages\telegram\_bot.py", line 732, in _do_post
    result = await request.post(
             ^^^^^^^^^^^^^^^^^^^
    ...<6 lines>...
    )
    ^
  File "C:\Users\OurPresent\Downloads\Maestría BD\Proyecto Final\GmailPointsWatcher\.venv\Lib\site-packages\telegram\request\_baserequest.py", line 198, in post
    result = await self._request_wrapper(
             ^^^^^^^^^^^^^^^^^^^^^^^^^^^^
    ...<7 lines>...
    )
    ^
  File "C:\Users\OurPresent\Downloads\Maestría BD\Proyecto Final\GmailPointsWatcher\.venv\Lib\site-packages\telegram\request\_baserequest.py", line 375, in _request_wrapper
    raise exception
telegram.error.Conflict: Conflict: terminated by other getUpdates request; make sure that only one bot instance is running
2025-12-10 21:38:23,231 INFO HTTP Request: POST https://api.telegram.org/bot8428323516:AAElzjmSPfUeCoTGKbm7wnDLSZ5ek1-6Gvc/getUpdates "HTTP/1.1 409 Conflict"
2025-12-10 21:38:23,232 ERROR No error handlers are registered, logging exception.
Traceback (most recent call last):
  File "C:\Users\OurPresent\Downloads\Maestría BD\Proyecto Final\GmailPointsWatcher\.venv\Lib\site-packages\telegram\ext\_utils\networkloop.py", line 134, in network_retry_loop
    await do_action()
  File "C:\Users\OurPresent\Downloads\Maestría BD\Proyecto Final\GmailPointsWatcher\.venv\Lib\site-packages\telegram\ext\_utils\networkloop.py", line 127, in do_action
    action_cb_task.result()
    ~~~~~~~~~~~~~~~~~~~~~^^
  File "C:\Users\OurPresent\Downloads\Maestría BD\Proyecto Final\GmailPointsWatcher\.venv\Lib\site-packages\telegram\ext\_updater.py", line 340, in polling_action_cb
    updates = await self.bot.get_updates(
              ^^^^^^^^^^^^^^^^^^^^^^^^^^^
    ...<3 lines>...
    )
    ^
  File "C:\Users\OurPresent\Downloads\Maestría BD\Proyecto Final\GmailPointsWatcher\.venv\Lib\site-packages\telegram\ext\_extbot.py", line 676, in get_updates
    updates = await super().get_updates(
              ^^^^^^^^^^^^^^^^^^^^^^^^^^
    ...<9 lines>...
    )
    ^
  File "C:\Users\OurPresent\Downloads\Maestría BD\Proyecto Final\GmailPointsWatcher\.venv\Lib\site-packages\telegram\_bot.py", line 4780, in get_updates
    await self._post(
    ^^^^^^^^^^^^^^^^^
    ...<7 lines>...
    ),
    ^
  File "C:\Users\OurPresent\Downloads\Maestría BD\Proyecto Final\GmailPointsWatcher\.venv\Lib\site-packages\telegram\_bot.py", line 703, in _post
    return await self._do_post(
           ^^^^^^^^^^^^^^^^^^^^
    ...<6 lines>...
    )
    ^
  File "C:\Users\OurPresent\Downloads\Maestría BD\Proyecto Final\GmailPointsWatcher\.venv\Lib\site-packages\telegram\ext\_extbot.py", line 372, in _do_post
    return await super()._do_post(
           ^^^^^^^^^^^^^^^^^^^^^^^
    ...<6 lines>...
    )
    ^
  File "C:\Users\OurPresent\Downloads\Maestría BD\Proyecto Final\GmailPointsWatcher\.venv\Lib\site-packages\telegram\_bot.py", line 732, in _do_post
    result = await request.post(
             ^^^^^^^^^^^^^^^^^^^
    ...<6 lines>...
    )
    ^
  File "C:\Users\OurPresent\Downloads\Maestría BD\Proyecto Final\GmailPointsWatcher\.venv\Lib\site-packages\telegram\request\_baserequest.py", line 198, in post
    result = await self._request_wrapper(
             ^^^^^^^^^^^^^^^^^^^^^^^^^^^^
    ...<7 lines>...
    )
    ^
  File "C:\Users\OurPresent\Downloads\Maestría BD\Proyecto Final\GmailPointsWatcher\.venv\Lib\site-packages\telegram\request\_baserequest.py", line 375, in _request_wrapper
    raise exception
telegram.error.Conflict: Conflict: terminated by other getUpdates request; make sure that only one bot instance is running
2025-12-10 21:38:28,758 INFO HTTP Request: POST https://api.telegram.org/bot8428323516:AAElzjmSPfUeCoTGKbm7wnDLSZ5ek1-6Gvc/getUpdates "HTTP/1.1 409 Conflict"
2025-12-10 21:38:28,760 ERROR No error handlers are registered, logging exception.
Traceback (most recent call last):
  File "C:\Users\OurPresent\Downloads\Maestría BD\Proyecto Final\GmailPointsWatcher\.venv\Lib\site-packages\telegram\ext\_utils\networkloop.py", line 134, in network_retry_loop
    await do_action()
  File "C:\Users\OurPresent\Downloads\Maestría BD\Proyecto Final\GmailPointsWatcher\.venv\Lib\site-packages\telegram\ext\_utils\networkloop.py", line 127, in do_action
    action_cb_task.result()
    ~~~~~~~~~~~~~~~~~~~~~^^
  File "C:\Users\OurPresent\Downloads\Maestría BD\Proyecto Final\GmailPointsWatcher\.venv\Lib\site-packages\telegram\ext\_updater.py", line 340, in polling_action_cb
    updates = await self.bot.get_updates(
              ^^^^^^^^^^^^^^^^^^^^^^^^^^^
    ...<3 lines>...
    )
    ^
  File "C:\Users\OurPresent\Downloads\Maestría BD\Proyecto Final\GmailPointsWatcher\.venv\Lib\site-packages\telegram\ext\_extbot.py", line 676, in get_updates
    updates = await super().get_updates(
              ^^^^^^^^^^^^^^^^^^^^^^^^^^
    ...<9 lines>...
    )
    ^
  File "C:\Users\OurPresent\Downloads\Maestría BD\Proyecto Final\GmailPointsWatcher\.venv\Lib\site-packages\telegram\_bot.py", line 4780, in get_updates
    await self._post(
    ^^^^^^^^^^^^^^^^^
    ...<7 lines>...
    ),
    ^
  File "C:\Users\OurPresent\Downloads\Maestría BD\Proyecto Final\GmailPointsWatcher\.venv\Lib\site-packages\telegram\_bot.py", line 703, in _post
    return await self._do_post(
           ^^^^^^^^^^^^^^^^^^^^
    ...<6 lines>...
    )
    ^
  File "C:\Users\OurPresent\Downloads\Maestría BD\Proyecto Final\GmailPointsWatcher\.venv\Lib\site-packages\telegram\ext\_extbot.py", line 372, in _do_post
    return await super()._do_post(
           ^^^^^^^^^^^^^^^^^^^^^^^
    ...<6 lines>...
    )
    ^
  File "C:\Users\OurPresent\Downloads\Maestría BD\Proyecto Final\GmailPointsWatcher\.venv\Lib\site-packages\telegram\_bot.py", line 732, in _do_post
    result = await request.post(
             ^^^^^^^^^^^^^^^^^^^
    ...<6 lines>...
    )
    ^
  File "C:\Users\OurPresent\Downloads\Maestría BD\Proyecto Final\GmailPointsWatcher\.venv\Lib\site-packages\telegram\request\_baserequest.py", line 198, in post
    result = await self._request_wrapper(
             ^^^^^^^^^^^^^^^^^^^^^^^^^^^^
    ...<7 lines>...
    )
    ^
  File "C:\Users\OurPresent\Downloads\Maestría BD\Proyecto Final\GmailPointsWatcher\.venv\Lib\site-packages\telegram\request\_baserequest.py", line 375, in _request_wrapper
    raise exception
telegram.error.Conflict: Conflict: terminated by other getUpdates request; make sure that only one bot instance is running
2025-12-10 21:38:36,808 INFO HTTP Request: POST https://api.telegram.org/bot8428323516:AAElzjmSPfUeCoTGKbm7wnDLSZ5ek1-6Gvc/getUpdates "HTTP/1.1 409 Conflict"
2025-12-10 21:38:36,809 ERROR No error handlers are registered, logging exception.
Traceback (most recent call last):
  File "C:\Users\OurPresent\Downloads\Maestría BD\Proyecto Final\GmailPointsWatcher\.venv\Lib\site-packages\telegram\ext\_utils\networkloop.py", line 134, in network_retry_loop
    await do_action()
  File "C:\Users\OurPresent\Downloads\Maestría BD\Proyecto Final\GmailPointsWatcher\.venv\Lib\site-packages\telegram\ext\_utils\networkloop.py", line 127, in do_action
    action_cb_task.result()
    ~~~~~~~~~~~~~~~~~~~~~^^
  File "C:\Users\OurPresent\Downloads\Maestría BD\Proyecto Final\GmailPointsWatcher\.venv\Lib\site-packages\telegram\ext\_updater.py", line 340, in polling_action_cb
    updates = await self.bot.get_updates(
              ^^^^^^^^^^^^^^^^^^^^^^^^^^^
    ...<3 lines>...
    )
    ^
  File "C:\Users\OurPresent\Downloads\Maestría BD\Proyecto Final\GmailPointsWatcher\.venv\Lib\site-packages\telegram\ext\_extbot.py", line 676, in get_updates
    updates = await super().get_updates(
              ^^^^^^^^^^^^^^^^^^^^^^^^^^
    ...<9 lines>...
    )
    ^
  File "C:\Users\OurPresent\Downloads\Maestría BD\Proyecto Final\GmailPointsWatcher\.venv\Lib\site-packages\telegram\_bot.py", line 4780, in get_updates
    await self._post(
    ^^^^^^^^^^^^^^^^^
    ...<7 lines>...
    ),
    ^
  File "C:\Users\OurPresent\Downloads\Maestría BD\Proyecto Final\GmailPointsWatcher\.venv\Lib\site-packages\telegram\_bot.py", line 703, in _post
    return await self._do_post(
           ^^^^^^^^^^^^^^^^^^^^
    ...<6 lines>...
    )
    ^
  File "C:\Users\OurPresent\Downloads\Maestría BD\Proyecto Final\GmailPointsWatcher\.venv\Lib\site-packages\telegram\ext\_extbot.py", line 372, in _do_post
    return await super()._do_post(
           ^^^^^^^^^^^^^^^^^^^^^^^
    ...<6 lines>...
    )
    ^
  File "C:\Users\OurPresent\Downloads\Maestría BD\Proyecto Final\GmailPointsWatcher\.venv\Lib\site-packages\telegram\_bot.py", line 732, in _do_post
    result = await request.post(
             ^^^^^^^^^^^^^^^^^^^
    ...<6 lines>...
    )
    ^
  File "C:\Users\OurPresent\Downloads\Maestría BD\Proyecto Final\GmailPointsWatcher\.venv\Lib\site-packages\telegram\request\_baserequest.py", line 198, in post
    result = await self._request_wrapper(
             ^^^^^^^^^^^^^^^^^^^^^^^^^^^^
    ...<7 lines>...
    )
    ^
  File "C:\Users\OurPresent\Downloads\Maestría BD\Proyecto Final\GmailPointsWatcher\.venv\Lib\site-packages\telegram\request\_baserequest.py", line 375, in _request_wrapper
    raise exception
telegram.error.Conflict: Conflict: terminated by other getUpdates request; make sure that only one bot instance is running
2025-12-10 21:38:44,075 INFO HTTP Request: POST https://api.telegram.org/bot8428323516:AAElzjmSPfUeCoTGKbm7wnDLSZ5ek1-6Gvc/getUpdates "HTTP/1.1 200 OK"
2025-12-10 21:38:44,878 INFO HTTP Request: POST https://api.telegram.org/bot8428323516:AAElzjmSPfUeCoTGKbm7wnDLSZ5ek1-6Gvc/getUpdates "HTTP/1.1 409 Conflict"
2025-12-10 21:38:44,879 ERROR No error handlers are registered, logging exception.
Traceback (most recent call last):
  File "C:\Users\OurPresent\Downloads\Maestría BD\Proyecto Final\GmailPointsWatcher\.venv\Lib\site-packages\telegram\ext\_utils\networkloop.py", line 134, in network_retry_loop
    await do_action()
  File "C:\Users\OurPresent\Downloads\Maestría BD\Proyecto Final\GmailPointsWatcher\.venv\Lib\site-packages\telegram\ext\_utils\networkloop.py", line 127, in do_action
    action_cb_task.result()
    ~~~~~~~~~~~~~~~~~~~~~^^
  File "C:\Users\OurPresent\Downloads\Maestría BD\Proyecto Final\GmailPointsWatcher\.venv\Lib\site-packages\telegram\ext\_updater.py", line 340, in polling_action_cb
    updates = await self.bot.get_updates(
              ^^^^^^^^^^^^^^^^^^^^^^^^^^^
    ...<3 lines>...
    )
    ^
  File "C:\Users\OurPresent\Downloads\Maestría BD\Proyecto Final\GmailPointsWatcher\.venv\Lib\site-packages\telegram\ext\_extbot.py", line 676, in get_updates
    updates = await super().get_updates(
              ^^^^^^^^^^^^^^^^^^^^^^^^^^
    ...<9 lines>...
    )
    ^
  File "C:\Users\OurPresent\Downloads\Maestría BD\Proyecto Final\GmailPointsWatcher\.venv\Lib\site-packages\telegram\_bot.py", line 4780, in get_updates
    await self._post(
    ^^^^^^^^^^^^^^^^^
    ...<7 lines>...
    ),
    ^
  File "C:\Users\OurPresent\Downloads\Maestría BD\Proyecto Final\GmailPointsWatcher\.venv\Lib\site-packages\telegram\_bot.py", line 703, in _post
    return await self._do_post(
           ^^^^^^^^^^^^^^^^^^^^
    ...<6 lines>...
    )
    ^
  File "C:\Users\OurPresent\Downloads\Maestría BD\Proyecto Final\GmailPointsWatcher\.venv\Lib\site-packages\telegram\ext\_extbot.py", line 372, in _do_post
    return await super()._do_post(
           ^^^^^^^^^^^^^^^^^^^^^^^
    ...<6 lines>...
    )
    ^
  File "C:\Users\OurPresent\Downloads\Maestría BD\Proyecto Final\GmailPointsWatcher\.venv\Lib\site-packages\telegram\_bot.py", line 732, in _do_post
    result = await request.post(
             ^^^^^^^^^^^^^^^^^^^
    ...<6 lines>...
    )
    ^
  File "C:\Users\OurPresent\Downloads\Maestría BD\Proyecto Final\GmailPointsWatcher\.venv\Lib\site-packages\telegram\request\_baserequest.py", line 198, in post
    result = await self._request_wrapper(
             ^^^^^^^^^^^^^^^^^^^^^^^^^^^^
    ...<7 lines>...
    )
    ^
  File "C:\Users\OurPresent\Downloads\Maestría BD\Proyecto Final\GmailPointsWatcher\.venv\Lib\site-packages\telegram\request\_baserequest.py", line 375, in _request_wrapper
    raise exception
telegram.error.Conflict: Conflict: terminated by other getUpdates request; make sure that only one bot instance is running
2025-12-10 21:38:49,035 INFO HTTP Request: POST https://api.telegram.org/bot8428323516:AAElzjmSPfUeCoTGKbm7wnDLSZ5ek1-6Gvc/getUpdates "HTTP/1.1 409 Conflict"
2025-12-10 21:38:49,036 ERROR No error handlers are registered, logging exception.
Traceback (most recent call last):
  File "C:\Users\OurPresent\Downloads\Maestría BD\Proyecto Final\GmailPointsWatcher\.venv\Lib\site-packages\telegram\ext\_utils\networkloop.py", line 134, in network_retry_loop
    await do_action()
  File "C:\Users\OurPresent\Downloads\Maestría BD\Proyecto Final\GmailPointsWatcher\.venv\Lib\site-packages\telegram\ext\_utils\networkloop.py", line 127, in do_action
    action_cb_task.result()
    ~~~~~~~~~~~~~~~~~~~~~^^
  File "C:\Users\OurPresent\Downloads\Maestría BD\Proyecto Final\GmailPointsWatcher\.venv\Lib\site-packages\telegram\ext\_updater.py", line 340, in polling_action_cb
    updates = await self.bot.get_updates(
              ^^^^^^^^^^^^^^^^^^^^^^^^^^^
    ...<3 lines>...
    )
    ^
  File "C:\Users\OurPresent\Downloads\Maestría BD\Proyecto Final\GmailPointsWatcher\.venv\Lib\site-packages\telegram\ext\_extbot.py", line 676, in get_updates
    updates = await super().get_updates(
              ^^^^^^^^^^^^^^^^^^^^^^^^^^
    ...<9 lines>...
    )
    ^
  File "C:\Users\OurPresent\Downloads\Maestría BD\Proyecto Final\GmailPointsWatcher\.venv\Lib\site-packages\telegram\_bot.py", line 4780, in get_updates
    await self._post(
    ^^^^^^^^^^^^^^^^^
    ...<7 lines>...
    ),
    ^
  File "C:\Users\OurPresent\Downloads\Maestría BD\Proyecto Final\GmailPointsWatcher\.venv\Lib\site-packages\telegram\_bot.py", line 703, in _post
    return await self._do_post(
           ^^^^^^^^^^^^^^^^^^^^
    ...<6 lines>...
    )
    ^
  File "C:\Users\OurPresent\Downloads\Maestría BD\Proyecto Final\GmailPointsWatcher\.venv\Lib\site-packages\telegram\ext\_extbot.py", line 372, in _do_post
    return await super()._do_post(
           ^^^^^^^^^^^^^^^^^^^^^^^
    ...<6 lines>...
    )
    ^
  File "C:\Users\OurPresent\Downloads\Maestría BD\Proyecto Final\GmailPointsWatcher\.venv\Lib\site-packages\telegram\_bot.py", line 732, in _do_post
    result = await request.post(
             ^^^^^^^^^^^^^^^^^^^
    ...<6 lines>...
    )
    ^
  File "C:\Users\OurPresent\Downloads\Maestría BD\Proyecto Final\GmailPointsWatcher\.venv\Lib\site-packages\telegram\request\_baserequest.py", line 198, in post
    result = await self._request_wrapper(
             ^^^^^^^^^^^^^^^^^^^^^^^^^^^^
    ...<7 lines>...
    )
    ^
  File "C:\Users\OurPresent\Downloads\Maestría BD\Proyecto Final\GmailPointsWatcher\.venv\Lib\site-packages\telegram\request\_baserequest.py", line 375, in _request_wrapper
    raise exception
telegram.error.Conflict: Conflict: terminated by other getUpdates request; make sure that only one bot instance is running
2025-12-10 21:38:49,946 INFO Running job "_email_job (trigger: interval[0:01:00], next run at: 2025-12-11 02:39:49 UTC)" (scheduled at 2025-12-11 02:38:49.932017+00:00)
2025-12-10 21:38:51,243 INFO Job "_email_job (trigger: interval[0:01:00], next run at: 2025-12-11 02:39:49 UTC)" executed successfully
2025-12-10 21:38:54,777 INFO Running job "_email_job (trigger: interval[0:01:00], next run at: 2025-12-11 02:39:54 UTC)" (scheduled at 2025-12-11 02:38:54.770342+00:00)
2025-12-10 21:38:56,044 INFO HTTP Request: POST https://api.telegram.org/bot8428323516:AAElzjmSPfUeCoTGKbm7wnDLSZ5ek1-6Gvc/getUpdates "HTTP/1.1 200 OK"
2025-12-10 21:38:56,596 INFO Job "_email_job (trigger: interval[0:01:00], next run at: 2025-12-11 02:39:54 UTC)" executed successfully
2025-12-10 21:39:00,221 INFO HTTP Request: POST https://api.telegram.org/bot8428323516:AAElzjmSPfUeCoTGKbm7wnDLSZ5ek1-6Gvc/getUpdates "HTTP/1.1 200 OK"
2025-12-10 21:39:02,167 INFO HTTP Request: POST https://api.telegram.org/bot8428323516:AAElzjmSPfUeCoTGKbm7wnDLSZ5ek1-6Gvc/getUpdates "HTTP/1.1 409 Conflict"
2025-12-10 21:39:02,168 ERROR No error handlers are registered, logging exception.
Traceback (most recent call last):
  File "C:\Users\OurPresent\Downloads\Maestría BD\Proyecto Final\GmailPointsWatcher\.venv\Lib\site-packages\telegram\ext\_utils\networkloop.py", line 134, in network_retry_loop
    await do_action()
  File "C:\Users\OurPresent\Downloads\Maestría BD\Proyecto Final\GmailPointsWatcher\.venv\Lib\site-packages\telegram\ext\_utils\networkloop.py", line 127, in do_action
    action_cb_task.result()
    ~~~~~~~~~~~~~~~~~~~~~^^
  File "C:\Users\OurPresent\Downloads\Maestría BD\Proyecto Final\GmailPointsWatcher\.venv\Lib\site-packages\telegram\ext\_updater.py", line 340, in polling_action_cb
    updates = await self.bot.get_updates(
              ^^^^^^^^^^^^^^^^^^^^^^^^^^^
    ...<3 lines>...
    )
    ^
  File "C:\Users\OurPresent\Downloads\Maestría BD\Proyecto Final\GmailPointsWatcher\.venv\Lib\site-packages\telegram\ext\_extbot.py", line 676, in get_updates
    updates = await super().get_updates(
              ^^^^^^^^^^^^^^^^^^^^^^^^^^
    ...<9 lines>...
    )
    ^
  File "C:\Users\OurPresent\Downloads\Maestría BD\Proyecto Final\GmailPointsWatcher\.venv\Lib\site-packages\telegram\_bot.py", line 4780, in get_updates
    await self._post(
    ^^^^^^^^^^^^^^^^^
    ...<7 lines>...
    ),
    ^
  File "C:\Users\OurPresent\Downloads\Maestría BD\Proyecto Final\GmailPointsWatcher\.venv\Lib\site-packages\telegram\_bot.py", line 703, in _post
    return await self._do_post(
           ^^^^^^^^^^^^^^^^^^^^
    ...<6 lines>...
    )
    ^
  File "C:\Users\OurPresent\Downloads\Maestría BD\Proyecto Final\GmailPointsWatcher\.venv\Lib\site-packages\telegram\ext\_extbot.py", line 372, in _do_post
    return await super()._do_post(
           ^^^^^^^^^^^^^^^^^^^^^^^
    ...<6 lines>...
    )
    ^
  File "C:\Users\OurPresent\Downloads\Maestría BD\Proyecto Final\GmailPointsWatcher\.venv\Lib\site-packages\telegram\_bot.py", line 732, in _do_post
    result = await request.post(
             ^^^^^^^^^^^^^^^^^^^
    ...<6 lines>...
    )
    ^
  File "C:\Users\OurPresent\Downloads\Maestría BD\Proyecto Final\GmailPointsWatcher\.venv\Lib\site-packages\telegram\request\_baserequest.py", line 198, in post
    result = await self._request_wrapper(
             ^^^^^^^^^^^^^^^^^^^^^^^^^^^^
    ...<7 lines>...
    )
    ^
  File "C:\Users\OurPresent\Downloads\Maestría BD\Proyecto Final\GmailPointsWatcher\.venv\Lib\site-packages\telegram\request\_baserequest.py", line 375, in _request_wrapper
    raise exception
telegram.error.Conflict: Conflict: terminated by other getUpdates request; make sure that only one bot instance is running
2025-12-10 21:39:06,325 INFO HTTP Request: POST https://api.telegram.org/bot8428323516:AAElzjmSPfUeCoTGKbm7wnDLSZ5ek1-6Gvc/getUpdates "HTTP/1.1 409 Conflict"
2025-12-10 21:39:06,327 ERROR No error handlers are registered, logging exception.
Traceback (most recent call last):
  File "C:\Users\OurPresent\Downloads\Maestría BD\Proyecto Final\GmailPointsWatcher\.venv\Lib\site-packages\telegram\ext\_utils\networkloop.py", line 134, in network_retry_loop
    await do_action()
  File "C:\Users\OurPresent\Downloads\Maestría BD\Proyecto Final\GmailPointsWatcher\.venv\Lib\site-packages\telegram\ext\_utils\networkloop.py", line 127, in do_action
    action_cb_task.result()
    ~~~~~~~~~~~~~~~~~~~~~^^
  File "C:\Users\OurPresent\Downloads\Maestría BD\Proyecto Final\GmailPointsWatcher\.venv\Lib\site-packages\telegram\ext\_updater.py", line 340, in polling_action_cb
    updates = await self.bot.get_updates(
              ^^^^^^^^^^^^^^^^^^^^^^^^^^^
    ...<3 lines>...
    )
    ^
  File "C:\Users\OurPresent\Downloads\Maestría BD\Proyecto Final\GmailPointsWatcher\.venv\Lib\site-packages\telegram\ext\_extbot.py", line 676, in get_updates
    updates = await super().get_updates(
              ^^^^^^^^^^^^^^^^^^^^^^^^^^
    ...<9 lines>...
    )
    ^
  File "C:\Users\OurPresent\Downloads\Maestría BD\Proyecto Final\GmailPointsWatcher\.venv\Lib\site-packages\telegram\_bot.py", line 4780, in get_updates
    await self._post(
    ^^^^^^^^^^^^^^^^^
    ...<7 lines>...
    ),
    ^
  File "C:\Users\OurPresent\Downloads\Maestría BD\Proyecto Final\GmailPointsWatcher\.venv\Lib\site-packages\telegram\_bot.py", line 703, in _post
    return await self._do_post(
           ^^^^^^^^^^^^^^^^^^^^
    ...<6 lines>...
    )
    ^
  File "C:\Users\OurPresent\Downloads\Maestría BD\Proyecto Final\GmailPointsWatcher\.venv\Lib\site-packages\telegram\ext\_extbot.py", line 372, in _do_post
    return await super()._do_post(
           ^^^^^^^^^^^^^^^^^^^^^^^
    ...<6 lines>...
    )
    ^
  File "C:\Users\OurPresent\Downloads\Maestría BD\Proyecto Final\GmailPointsWatcher\.venv\Lib\site-packages\telegram\_bot.py", line 732, in _do_post
    result = await request.post(
             ^^^^^^^^^^^^^^^^^^^
    ...<6 lines>...
    )
    ^
  File "C:\Users\OurPresent\Downloads\Maestría BD\Proyecto Final\GmailPointsWatcher\.venv\Lib\site-packages\telegram\request\_baserequest.py", line 198, in post
    result = await self._request_wrapper(
             ^^^^^^^^^^^^^^^^^^^^^^^^^^^^
    ...<7 lines>...
    )
    ^
  File "C:\Users\OurPresent\Downloads\Maestría BD\Proyecto Final\GmailPointsWatcher\.venv\Lib\site-packages\telegram\request\_baserequest.py", line 375, in _request_wrapper
    raise exception
telegram.error.Conflict: Conflict: terminated by other getUpdates request; make sure that only one bot instance is running
2025-12-10 21:39:13,323 INFO HTTP Request: POST https://api.telegram.org/bot8428323516:AAElzjmSPfUeCoTGKbm7wnDLSZ5ek1-6Gvc/getUpdates "HTTP/1.1 200 OK"
2025-12-10 21:39:18,075 ERROR Task was destroyed but it is pending!
task: <Task pending name='Application:8428323516:update_fetcher' coro=<Application._update_fetcher() running at C:\Users\OurPresent\Downloads\Maestría BD\Proyecto Final\GmailPointsWatcher\.venv\Lib\site-packages\telegram\ext\_application.py:1233> wait_for=<Future pending cb=[Task.task_wakeup()]>>
2025-12-10 21:39:18,773 ERROR Task was destroyed but it is pending!
task: <Task pending name='Updater:start_polling:polling_task' coro=<network_retry_loop() running at C:\Users\OurPresent\Downloads\Maestría BD\Proyecto Final\GmailPointsWatcher\.venv\Lib\site-packages\telegram\ext\_utils\networkloop.py:174> wait_for=<Future pending cb=[Task.task_wakeup()]> cb=[Task.task_wakeup()]>
2025-12-10 21:39:23,474 INFO HTTP Request: POST https://api.telegram.org/bot8428323516:AAElzjmSPfUeCoTGKbm7wnDLSZ5ek1-6Gvc/getUpdates "HTTP/1.1 200 OK"
2025-12-10 21:39:33,623 INFO HTTP Request: POST https://api.telegram.org/bot8428323516:AAElzjmSPfUeCoTGKbm7wnDLSZ5ek1-6Gvc/getUpdates "HTTP/1.1 200 OK"
2025-12-10 21:39:43,773 INFO HTTP Request: POST https://api.telegram.org/bot8428323516:AAElzjmSPfUeCoTGKbm7wnDLSZ5ek1-6Gvc/getUpdates "HTTP/1.1 200 OK"
2025-12-10 21:39:53,922 INFO HTTP Request: POST https://api.telegram.org/bot8428323516:AAElzjmSPfUeCoTGKbm7wnDLSZ5ek1-6Gvc/getUpdates "HTTP/1.1 200 OK"
2025-12-10 21:39:54,783 INFO Running job "_email_job (trigger: interval[0:01:00], next run at: 2025-12-11 02:40:54 UTC)" (scheduled at 2025-12-11 02:39:54.770342+00:00)
2025-12-10 21:39:55,486 INFO Job "_email_job (trigger: interval[0:01:00], next run at: 2025-12-11 02:40:54 UTC)" executed successfully
2025-12-10 21:40:04,072 INFO HTTP Request: POST https://api.telegram.org/bot8428323516:AAElzjmSPfUeCoTGKbm7wnDLSZ5ek1-6Gvc/getUpdates "HTTP/1.1 200 OK"
2025-12-10 21:40:14,236 INFO HTTP Request: POST https://api.telegram.org/bot8428323516:AAElzjmSPfUeCoTGKbm7wnDLSZ5ek1-6Gvc/getUpdates "HTTP/1.1 200 OK"
2025-12-10 21:40:24,390 INFO HTTP Request: POST https://api.telegram.org/bot8428323516:AAElzjmSPfUeCoTGKbm7wnDLSZ5ek1-6Gvc/getUpdates "HTTP/1.1 200 OK"
2025-12-10 21:40:34,540 INFO HTTP Request: POST https://api.telegram.org/bot8428323516:AAElzjmSPfUeCoTGKbm7wnDLSZ5ek1-6Gvc/getUpdates "HTTP/1.1 200 OK"
2025-12-10 21:40:44,690 INFO HTTP Request: POST https://api.telegram.org/bot8428323516:AAElzjmSPfUeCoTGKbm7wnDLSZ5ek1-6Gvc/getUpdates "HTTP/1.1 200 OK"
2025-12-10 21:40:54,771 INFO Running job "_email_job (trigger: interval[0:01:00], next run at: 2025-12-11 02:41:54 UTC)" (scheduled at 2025-12-11 02:40:54.770342+00:00)
2025-12-10 21:40:54,839 INFO HTTP Request: POST https://api.telegram.org/bot8428323516:AAElzjmSPfUeCoTGKbm7wnDLSZ5ek1-6Gvc/getUpdates "HTTP/1.1 200 OK"
2025-12-10 21:40:55,367 INFO Job "_email_job (trigger: interval[0:01:00], next run at: 2025-12-11 02:41:54 UTC)" executed successfully
2025-12-10 21:41:04,988 INFO HTTP Request: POST https://api.telegram.org/bot8428323516:AAElzjmSPfUeCoTGKbm7wnDLSZ5ek1-6Gvc/getUpdates "HTTP/1.1 200 OK"
2025-12-10 21:41:15,139 INFO HTTP Request: POST https://api.telegram.org/bot8428323516:AAElzjmSPfUeCoTGKbm7wnDLSZ5ek1-6Gvc/getUpdates "HTTP/1.1 200 OK"
2025-12-10 21:41:25,290 INFO HTTP Request: POST https://api.telegram.org/bot8428323516:AAElzjmSPfUeCoTGKbm7wnDLSZ5ek1-6Gvc/getUpdates "HTTP/1.1 200 OK"
2025-12-10 21:41:35,439 INFO HTTP Request: POST https://api.telegram.org/bot8428323516:AAElzjmSPfUeCoTGKbm7wnDLSZ5ek1-6Gvc/getUpdates "HTTP/1.1 200 OK"
2025-12-10 21:41:45,591 INFO HTTP Request: POST https://api.telegram.org/bot8428323516:AAElzjmSPfUeCoTGKbm7wnDLSZ5ek1-6Gvc/getUpdates "HTTP/1.1 200 OK"
2025-12-10 21:41:54,785 INFO Running job "_email_job (trigger: interval[0:01:00], next run at: 2025-12-11 02:42:54 UTC)" (scheduled at 2025-12-11 02:41:54.770342+00:00)
2025-12-10 21:41:55,372 INFO Job "_email_job (trigger: interval[0:01:00], next run at: 2025-12-11 02:42:54 UTC)" executed successfully
2025-12-10 21:41:55,741 INFO HTTP Request: POST https://api.telegram.org/bot8428323516:AAElzjmSPfUeCoTGKbm7wnDLSZ5ek1-6Gvc/getUpdates "HTTP/1.1 200 OK"
2025-12-10 21:42:05,894 INFO HTTP Request: POST https://api.telegram.org/bot8428323516:AAElzjmSPfUeCoTGKbm7wnDLSZ5ek1-6Gvc/getUpdates "HTTP/1.1 200 OK"
2025-12-10 21:42:16,044 INFO HTTP Request: POST https://api.telegram.org/bot8428323516:AAElzjmSPfUeCoTGKbm7wnDLSZ5ek1-6Gvc/getUpdates "HTTP/1.1 200 OK"
2025-12-10 21:42:26,194 INFO HTTP Request: POST https://api.telegram.org/bot8428323516:AAElzjmSPfUeCoTGKbm7wnDLSZ5ek1-6Gvc/getUpdates "HTTP/1.1 200 OK"
2025-12-10 21:42:36,346 INFO HTTP Request: POST https://api.telegram.org/bot8428323516:AAElzjmSPfUeCoTGKbm7wnDLSZ5ek1-6Gvc/getUpdates "HTTP/1.1 200 OK"
2025-12-10 21:42:46,496 INFO HTTP Request: POST https://api.telegram.org/bot8428323516:AAElzjmSPfUeCoTGKbm7wnDLSZ5ek1-6Gvc/getUpdates "HTTP/1.1 200 OK"
2025-12-10 21:42:54,780 INFO Running job "_email_job (trigger: interval[0:01:00], next run at: 2025-12-11 02:43:54 UTC)" (scheduled at 2025-12-11 02:42:54.770342+00:00)
2025-12-10 21:42:55,666 INFO Job "_email_job (trigger: interval[0:01:00], next run at: 2025-12-11 02:43:54 UTC)" executed successfully
2025-12-10 21:42:56,654 INFO HTTP Request: POST https://api.telegram.org/bot8428323516:AAElzjmSPfUeCoTGKbm7wnDLSZ5ek1-6Gvc/getUpdates "HTTP/1.1 200 OK"
2025-12-10 21:43:06,823 INFO HTTP Request: POST https://api.telegram.org/bot8428323516:AAElzjmSPfUeCoTGKbm7wnDLSZ5ek1-6Gvc/getUpdates "HTTP/1.1 200 OK"
2025-12-10 21:43:16,999 INFO HTTP Request: POST https://api.telegram.org/bot8428323516:AAElzjmSPfUeCoTGKbm7wnDLSZ5ek1-6Gvc/getUpdates "HTTP/1.1 200 OK"
2025-12-10 21:43:27,149 INFO HTTP Request: POST https://api.telegram.org/bot8428323516:AAElzjmSPfUeCoTGKbm7wnDLSZ5ek1-6Gvc/getUpdates "HTTP/1.1 200 OK"
2025-12-10 21:43:37,299 INFO HTTP Request: POST https://api.telegram.org/bot8428323516:AAElzjmSPfUeCoTGKbm7wnDLSZ5ek1-6Gvc/getUpdates "HTTP/1.1 200 OK"
2025-12-10 21:43:47,450 INFO HTTP Request: POST https://api.telegram.org/bot8428323516:AAElzjmSPfUeCoTGKbm7wnDLSZ5ek1-6Gvc/getUpdates "HTTP/1.1 200 OK"
2025-12-10 21:43:54,776 INFO Running job "_email_job (trigger: interval[0:01:00], next run at: 2025-12-11 02:44:54 UTC)" (scheduled at 2025-12-11 02:43:54.770342+00:00)
2025-12-10 21:43:55,633 INFO Job "_email_job (trigger: interval[0:01:00], next run at: 2025-12-11 02:44:54 UTC)" executed successfully
2025-12-10 21:43:57,600 INFO HTTP Request: POST https://api.telegram.org/bot8428323516:AAElzjmSPfUeCoTGKbm7wnDLSZ5ek1-6Gvc/getUpdates "HTTP/1.1 200 OK"
2025-12-10 21:44:07,751 INFO HTTP Request: POST https://api.telegram.org/bot8428323516:AAElzjmSPfUeCoTGKbm7wnDLSZ5ek1-6Gvc/getUpdates "HTTP/1.1 200 OK"
2025-12-10 21:44:11,236 WARNING ⚠️ Usando CHAT_ID por defecto (1943663667).
2025-12-10 21:44:11,240 INFO Adding job tentatively -- it will be properly scheduled when the scheduler starts
2025-12-10 21:44:11,824 INFO HTTP Request: POST https://api.telegram.org/bot8428323516:AAElzjmSPfUeCoTGKbm7wnDLSZ5ek1-6Gvc/getMe "HTTP/1.1 200 OK"
2025-12-10 21:44:11,980 INFO HTTP Request: POST https://api.telegram.org/bot8428323516:AAElzjmSPfUeCoTGKbm7wnDLSZ5ek1-6Gvc/deleteWebhook "HTTP/1.1 200 OK"
2025-12-10 21:44:11,983 INFO Added job "_email_job" to job store "default"
2025-12-10 21:44:11,983 INFO Scheduler started
2025-12-10 21:44:11,983 INFO Application started
2025-12-10 21:44:12,432 INFO HTTP Request: POST https://api.telegram.org/bot8428323516:AAElzjmSPfUeCoTGKbm7wnDLSZ5ek1-6Gvc/getUpdates "HTTP/1.1 409 Conflict"
2025-12-10 21:44:12,434 ERROR No error handlers are registered, logging exception.
Traceback (most recent call last):
  File "C:\Users\OurPresent\Downloads\Maestría BD\Proyecto Final\GmailPointsWatcher\.venv\Lib\site-packages\telegram\ext\_utils\networkloop.py", line 134, in network_retry_loop
    await do_action()
  File "C:\Users\OurPresent\Downloads\Maestría BD\Proyecto Final\GmailPointsWatcher\.venv\Lib\site-packages\telegram\ext\_utils\networkloop.py", line 127, in do_action
    action_cb_task.result()
    ~~~~~~~~~~~~~~~~~~~~~^^
  File "C:\Users\OurPresent\Downloads\Maestría BD\Proyecto Final\GmailPointsWatcher\.venv\Lib\site-packages\telegram\ext\_updater.py", line 340, in polling_action_cb
    updates = await self.bot.get_updates(
              ^^^^^^^^^^^^^^^^^^^^^^^^^^^
    ...<3 lines>...
    )
    ^
  File "C:\Users\OurPresent\Downloads\Maestría BD\Proyecto Final\GmailPointsWatcher\.venv\Lib\site-packages\telegram\ext\_extbot.py", line 676, in get_updates
    updates = await super().get_updates(
              ^^^^^^^^^^^^^^^^^^^^^^^^^^
    ...<9 lines>...
    )
    ^
  File "C:\Users\OurPresent\Downloads\Maestría BD\Proyecto Final\GmailPointsWatcher\.venv\Lib\site-packages\telegram\_bot.py", line 4780, in get_updates
    await self._post(
    ^^^^^^^^^^^^^^^^^
    ...<7 lines>...
    ),
    ^
  File "C:\Users\OurPresent\Downloads\Maestría BD\Proyecto Final\GmailPointsWatcher\.venv\Lib\site-packages\telegram\_bot.py", line 703, in _post
    return await self._do_post(
           ^^^^^^^^^^^^^^^^^^^^
    ...<6 lines>...
    )
    ^
  File "C:\Users\OurPresent\Downloads\Maestría BD\Proyecto Final\GmailPointsWatcher\.venv\Lib\site-packages\telegram\ext\_extbot.py", line 372, in _do_post
    return await super()._do_post(
           ^^^^^^^^^^^^^^^^^^^^^^^
    ...<6 lines>...
    )
    ^
  File "C:\Users\OurPresent\Downloads\Maestría BD\Proyecto Final\GmailPointsWatcher\.venv\Lib\site-packages\telegram\_bot.py", line 732, in _do_post
    result = await request.post(
             ^^^^^^^^^^^^^^^^^^^
    ...<6 lines>...
    )
    ^
  File "C:\Users\OurPresent\Downloads\Maestría BD\Proyecto Final\GmailPointsWatcher\.venv\Lib\site-packages\telegram\request\_baserequest.py", line 198, in post
    result = await self._request_wrapper(
             ^^^^^^^^^^^^^^^^^^^^^^^^^^^^
    ...<7 lines>...
    )
    ^
  File "C:\Users\OurPresent\Downloads\Maestría BD\Proyecto Final\GmailPointsWatcher\.venv\Lib\site-packages\telegram\request\_baserequest.py", line 375, in _request_wrapper
    raise exception
telegram.error.Conflict: Conflict: terminated by other getUpdates request; make sure that only one bot instance is running
2025-12-10 21:44:16,602 INFO HTTP Request: POST https://api.telegram.org/bot8428323516:AAElzjmSPfUeCoTGKbm7wnDLSZ5ek1-6Gvc/getUpdates "HTTP/1.1 409 Conflict"
2025-12-10 21:44:16,603 ERROR No error handlers are registered, logging exception.
Traceback (most recent call last):
  File "C:\Users\OurPresent\Downloads\Maestría BD\Proyecto Final\GmailPointsWatcher\.venv\Lib\site-packages\telegram\ext\_utils\networkloop.py", line 134, in network_retry_loop
    await do_action()
  File "C:\Users\OurPresent\Downloads\Maestría BD\Proyecto Final\GmailPointsWatcher\.venv\Lib\site-packages\telegram\ext\_utils\networkloop.py", line 127, in do_action
    action_cb_task.result()
    ~~~~~~~~~~~~~~~~~~~~~^^
  File "C:\Users\OurPresent\Downloads\Maestría BD\Proyecto Final\GmailPointsWatcher\.venv\Lib\site-packages\telegram\ext\_updater.py", line 340, in polling_action_cb
    updates = await self.bot.get_updates(
              ^^^^^^^^^^^^^^^^^^^^^^^^^^^
    ...<3 lines>...
    )
    ^
  File "C:\Users\OurPresent\Downloads\Maestría BD\Proyecto Final\GmailPointsWatcher\.venv\Lib\site-packages\telegram\ext\_extbot.py", line 676, in get_updates
    updates = await super().get_updates(
              ^^^^^^^^^^^^^^^^^^^^^^^^^^
    ...<9 lines>...
    )
    ^
  File "C:\Users\OurPresent\Downloads\Maestría BD\Proyecto Final\GmailPointsWatcher\.venv\Lib\site-packages\telegram\_bot.py", line 4780, in get_updates
    await self._post(
    ^^^^^^^^^^^^^^^^^
    ...<7 lines>...
    ),
    ^
  File "C:\Users\OurPresent\Downloads\Maestría BD\Proyecto Final\GmailPointsWatcher\.venv\Lib\site-packages\telegram\_bot.py", line 703, in _post
    return await self._do_post(
           ^^^^^^^^^^^^^^^^^^^^
    ...<6 lines>...
    )
    ^
  File "C:\Users\OurPresent\Downloads\Maestría BD\Proyecto Final\GmailPointsWatcher\.venv\Lib\site-packages\telegram\ext\_extbot.py", line 372, in _do_post
    return await super()._do_post(
           ^^^^^^^^^^^^^^^^^^^^^^^
    ...<6 lines>...
    )
    ^
  File "C:\Users\OurPresent\Downloads\Maestría BD\Proyecto Final\GmailPointsWatcher\.venv\Lib\site-packages\telegram\_bot.py", line 732, in _do_post
    result = await request.post(
             ^^^^^^^^^^^^^^^^^^^
    ...<6 lines>...
    )
    ^
  File "C:\Users\OurPresent\Downloads\Maestría BD\Proyecto Final\GmailPointsWatcher\.venv\Lib\site-packages\telegram\request\_baserequest.py", line 198, in post
    result = await self._request_wrapper(
             ^^^^^^^^^^^^^^^^^^^^^^^^^^^^
    ...<7 lines>...
    )
    ^
  File "C:\Users\OurPresent\Downloads\Maestría BD\Proyecto Final\GmailPointsWatcher\.venv\Lib\site-packages\telegram\request\_baserequest.py", line 375, in _request_wrapper
    raise exception
telegram.error.Conflict: Conflict: terminated by other getUpdates request; make sure that only one bot instance is running
2025-12-10 21:44:17,765 INFO HTTP Request: POST https://api.telegram.org/bot8428323516:AAElzjmSPfUeCoTGKbm7wnDLSZ5ek1-6Gvc/getUpdates "HTTP/1.1 409 Conflict"
2025-12-10 21:44:17,766 ERROR No error handlers are registered, logging exception.
Traceback (most recent call last):
  File "C:\Users\OurPresent\Downloads\Maestría BD\Proyecto Final\GmailPointsWatcher\.venv\Lib\site-packages\telegram\ext\_utils\networkloop.py", line 134, in network_retry_loop
    await do_action()
  File "C:\Users\OurPresent\Downloads\Maestría BD\Proyecto Final\GmailPointsWatcher\.venv\Lib\site-packages\telegram\ext\_utils\networkloop.py", line 127, in do_action
    action_cb_task.result()
    ~~~~~~~~~~~~~~~~~~~~~^^
  File "C:\Users\OurPresent\Downloads\Maestría BD\Proyecto Final\GmailPointsWatcher\.venv\Lib\site-packages\telegram\ext\_updater.py", line 340, in polling_action_cb
    updates = await self.bot.get_updates(
              ^^^^^^^^^^^^^^^^^^^^^^^^^^^
    ...<3 lines>...
    )
    ^
  File "C:\Users\OurPresent\Downloads\Maestría BD\Proyecto Final\GmailPointsWatcher\.venv\Lib\site-packages\telegram\ext\_extbot.py", line 676, in get_updates
    updates = await super().get_updates(
              ^^^^^^^^^^^^^^^^^^^^^^^^^^
    ...<9 lines>...
    )
    ^
  File "C:\Users\OurPresent\Downloads\Maestría BD\Proyecto Final\GmailPointsWatcher\.venv\Lib\site-packages\telegram\_bot.py", line 4780, in get_updates
    await self._post(
    ^^^^^^^^^^^^^^^^^
    ...<7 lines>...
    ),
    ^
  File "C:\Users\OurPresent\Downloads\Maestría BD\Proyecto Final\GmailPointsWatcher\.venv\Lib\site-packages\telegram\_bot.py", line 703, in _post
    return await self._do_post(
           ^^^^^^^^^^^^^^^^^^^^
    ...<6 lines>...
    )
    ^
  File "C:\Users\OurPresent\Downloads\Maestría BD\Proyecto Final\GmailPointsWatcher\.venv\Lib\site-packages\telegram\ext\_extbot.py", line 372, in _do_post
    return await super()._do_post(
           ^^^^^^^^^^^^^^^^^^^^^^^
    ...<6 lines>...
    )
    ^
  File "C:\Users\OurPresent\Downloads\Maestría BD\Proyecto Final\GmailPointsWatcher\.venv\Lib\site-packages\telegram\_bot.py", line 732, in _do_post
    result = await request.post(
             ^^^^^^^^^^^^^^^^^^^
    ...<6 lines>...
    )
    ^
  File "C:\Users\OurPresent\Downloads\Maestría BD\Proyecto Final\GmailPointsWatcher\.venv\Lib\site-packages\telegram\request\_baserequest.py", line 198, in post
    result = await self._request_wrapper(
             ^^^^^^^^^^^^^^^^^^^^^^^^^^^^
    ...<7 lines>...
    )
    ^
  File "C:\Users\OurPresent\Downloads\Maestría BD\Proyecto Final\GmailPointsWatcher\.venv\Lib\site-packages\telegram\request\_baserequest.py", line 375, in _request_wrapper
    raise exception
telegram.error.Conflict: Conflict: terminated by other getUpdates request; make sure that only one bot instance is running
2025-12-10 21:44:22,423 INFO HTTP Request: POST https://api.telegram.org/bot8428323516:AAElzjmSPfUeCoTGKbm7wnDLSZ5ek1-6Gvc/getUpdates "HTTP/1.1 409 Conflict"
2025-12-10 21:44:22,425 ERROR No error handlers are registered, logging exception.
Traceback (most recent call last):
  File "C:\Users\OurPresent\Downloads\Maestría BD\Proyecto Final\GmailPointsWatcher\.venv\Lib\site-packages\telegram\ext\_utils\networkloop.py", line 134, in network_retry_loop
    await do_action()
  File "C:\Users\OurPresent\Downloads\Maestría BD\Proyecto Final\GmailPointsWatcher\.venv\Lib\site-packages\telegram\ext\_utils\networkloop.py", line 127, in do_action
    action_cb_task.result()
    ~~~~~~~~~~~~~~~~~~~~~^^
  File "C:\Users\OurPresent\Downloads\Maestría BD\Proyecto Final\GmailPointsWatcher\.venv\Lib\site-packages\telegram\ext\_updater.py", line 340, in polling_action_cb
    updates = await self.bot.get_updates(
              ^^^^^^^^^^^^^^^^^^^^^^^^^^^
    ...<3 lines>...
    )
    ^
  File "C:\Users\OurPresent\Downloads\Maestría BD\Proyecto Final\GmailPointsWatcher\.venv\Lib\site-packages\telegram\ext\_extbot.py", line 676, in get_updates
    updates = await super().get_updates(
              ^^^^^^^^^^^^^^^^^^^^^^^^^^
    ...<9 lines>...
    )
    ^
  File "C:\Users\OurPresent\Downloads\Maestría BD\Proyecto Final\GmailPointsWatcher\.venv\Lib\site-packages\telegram\_bot.py", line 4780, in get_updates
    await self._post(
    ^^^^^^^^^^^^^^^^^
    ...<7 lines>...
    ),
    ^
  File "C:\Users\OurPresent\Downloads\Maestría BD\Proyecto Final\GmailPointsWatcher\.venv\Lib\site-packages\telegram\_bot.py", line 703, in _post
    return await self._do_post(
           ^^^^^^^^^^^^^^^^^^^^
    ...<6 lines>...
    )
    ^
  File "C:\Users\OurPresent\Downloads\Maestría BD\Proyecto Final\GmailPointsWatcher\.venv\Lib\site-packages\telegram\ext\_extbot.py", line 372, in _do_post
    return await super()._do_post(
           ^^^^^^^^^^^^^^^^^^^^^^^
    ...<6 lines>...
    )
    ^
  File "C:\Users\OurPresent\Downloads\Maestría BD\Proyecto Final\GmailPointsWatcher\.venv\Lib\site-packages\telegram\_bot.py", line 732, in _do_post
    result = await request.post(
             ^^^^^^^^^^^^^^^^^^^
    ...<6 lines>...
    )
    ^
  File "C:\Users\OurPresent\Downloads\Maestría BD\Proyecto Final\GmailPointsWatcher\.venv\Lib\site-packages\telegram\request\_baserequest.py", line 198, in post
    result = await self._request_wrapper(
             ^^^^^^^^^^^^^^^^^^^^^^^^^^^^
    ...<7 lines>...
    )
    ^
  File "C:\Users\OurPresent\Downloads\Maestría BD\Proyecto Final\GmailPointsWatcher\.venv\Lib\site-packages\telegram\request\_baserequest.py", line 375, in _request_wrapper
    raise exception
telegram.error.Conflict: Conflict: terminated by other getUpdates request; make sure that only one bot instance is running
2025-12-10 21:44:24,078 INFO HTTP Request: POST https://api.telegram.org/bot8428323516:AAElzjmSPfUeCoTGKbm7wnDLSZ5ek1-6Gvc/getUpdates "HTTP/1.1 409 Conflict"
2025-12-10 21:44:24,080 ERROR No error handlers are registered, logging exception.
Traceback (most recent call last):
  File "C:\Users\OurPresent\Downloads\Maestría BD\Proyecto Final\GmailPointsWatcher\.venv\Lib\site-packages\telegram\ext\_utils\networkloop.py", line 134, in network_retry_loop
    await do_action()
  File "C:\Users\OurPresent\Downloads\Maestría BD\Proyecto Final\GmailPointsWatcher\.venv\Lib\site-packages\telegram\ext\_utils\networkloop.py", line 127, in do_action
    action_cb_task.result()
    ~~~~~~~~~~~~~~~~~~~~~^^
  File "C:\Users\OurPresent\Downloads\Maestría BD\Proyecto Final\GmailPointsWatcher\.venv\Lib\site-packages\telegram\ext\_updater.py", line 340, in polling_action_cb
    updates = await self.bot.get_updates(
              ^^^^^^^^^^^^^^^^^^^^^^^^^^^
    ...<3 lines>...
    )
    ^
  File "C:\Users\OurPresent\Downloads\Maestría BD\Proyecto Final\GmailPointsWatcher\.venv\Lib\site-packages\telegram\ext\_extbot.py", line 676, in get_updates
    updates = await super().get_updates(
              ^^^^^^^^^^^^^^^^^^^^^^^^^^
    ...<9 lines>...
    )
    ^
  File "C:\Users\OurPresent\Downloads\Maestría BD\Proyecto Final\GmailPointsWatcher\.venv\Lib\site-packages\telegram\_bot.py", line 4780, in get_updates
    await self._post(
    ^^^^^^^^^^^^^^^^^
    ...<7 lines>...
    ),
    ^
  File "C:\Users\OurPresent\Downloads\Maestría BD\Proyecto Final\GmailPointsWatcher\.venv\Lib\site-packages\telegram\_bot.py", line 703, in _post
    return await self._do_post(
           ^^^^^^^^^^^^^^^^^^^^
    ...<6 lines>...
    )
    ^
  File "C:\Users\OurPresent\Downloads\Maestría BD\Proyecto Final\GmailPointsWatcher\.venv\Lib\site-packages\telegram\ext\_extbot.py", line 372, in _do_post
    return await super()._do_post(
           ^^^^^^^^^^^^^^^^^^^^^^^
    ...<6 lines>...
    )
    ^
  File "C:\Users\OurPresent\Downloads\Maestría BD\Proyecto Final\GmailPointsWatcher\.venv\Lib\site-packages\telegram\_bot.py", line 732, in _do_post
    result = await request.post(
             ^^^^^^^^^^^^^^^^^^^
    ...<6 lines>...
    )
    ^
  File "C:\Users\OurPresent\Downloads\Maestría BD\Proyecto Final\GmailPointsWatcher\.venv\Lib\site-packages\telegram\request\_baserequest.py", line 198, in post
    result = await self._request_wrapper(
             ^^^^^^^^^^^^^^^^^^^^^^^^^^^^
    ...<7 lines>...
    )
    ^
  File "C:\Users\OurPresent\Downloads\Maestría BD\Proyecto Final\GmailPointsWatcher\.venv\Lib\site-packages\telegram\request\_baserequest.py", line 375, in _request_wrapper
    raise exception
telegram.error.Conflict: Conflict: terminated by other getUpdates request; make sure that only one bot instance is running
2025-12-10 21:44:29,489 INFO HTTP Request: POST https://api.telegram.org/bot8428323516:AAElzjmSPfUeCoTGKbm7wnDLSZ5ek1-6Gvc/getUpdates "HTTP/1.1 409 Conflict"
2025-12-10 21:44:29,490 ERROR No error handlers are registered, logging exception.
Traceback (most recent call last):
  File "C:\Users\OurPresent\Downloads\Maestría BD\Proyecto Final\GmailPointsWatcher\.venv\Lib\site-packages\telegram\ext\_utils\networkloop.py", line 134, in network_retry_loop
    await do_action()
  File "C:\Users\OurPresent\Downloads\Maestría BD\Proyecto Final\GmailPointsWatcher\.venv\Lib\site-packages\telegram\ext\_utils\networkloop.py", line 127, in do_action
    action_cb_task.result()
    ~~~~~~~~~~~~~~~~~~~~~^^
  File "C:\Users\OurPresent\Downloads\Maestría BD\Proyecto Final\GmailPointsWatcher\.venv\Lib\site-packages\telegram\ext\_updater.py", line 340, in polling_action_cb
    updates = await self.bot.get_updates(
              ^^^^^^^^^^^^^^^^^^^^^^^^^^^
    ...<3 lines>...
    )
    ^
  File "C:\Users\OurPresent\Downloads\Maestría BD\Proyecto Final\GmailPointsWatcher\.venv\Lib\site-packages\telegram\ext\_extbot.py", line 676, in get_updates
    updates = await super().get_updates(
              ^^^^^^^^^^^^^^^^^^^^^^^^^^
    ...<9 lines>...
    )
    ^
  File "C:\Users\OurPresent\Downloads\Maestría BD\Proyecto Final\GmailPointsWatcher\.venv\Lib\site-packages\telegram\_bot.py", line 4780, in get_updates
    await self._post(
    ^^^^^^^^^^^^^^^^^
    ...<7 lines>...
    ),
    ^
  File "C:\Users\OurPresent\Downloads\Maestría BD\Proyecto Final\GmailPointsWatcher\.venv\Lib\site-packages\telegram\_bot.py", line 703, in _post
    return await self._do_post(
           ^^^^^^^^^^^^^^^^^^^^
    ...<6 lines>...
    )
    ^
  File "C:\Users\OurPresent\Downloads\Maestría BD\Proyecto Final\GmailPointsWatcher\.venv\Lib\site-packages\telegram\ext\_extbot.py", line 372, in _do_post
    return await super()._do_post(
           ^^^^^^^^^^^^^^^^^^^^^^^
    ...<6 lines>...
    )
    ^
  File "C:\Users\OurPresent\Downloads\Maestría BD\Proyecto Final\GmailPointsWatcher\.venv\Lib\site-packages\telegram\_bot.py", line 732, in _do_post
    result = await request.post(
             ^^^^^^^^^^^^^^^^^^^
    ...<6 lines>...
    )
    ^
  File "C:\Users\OurPresent\Downloads\Maestría BD\Proyecto Final\GmailPointsWatcher\.venv\Lib\site-packages\telegram\request\_baserequest.py", line 198, in post
    result = await self._request_wrapper(
             ^^^^^^^^^^^^^^^^^^^^^^^^^^^^
    ...<7 lines>...
    )
    ^
  File "C:\Users\OurPresent\Downloads\Maestría BD\Proyecto Final\GmailPointsWatcher\.venv\Lib\site-packages\telegram\request\_baserequest.py", line 375, in _request_wrapper
    raise exception
telegram.error.Conflict: Conflict: terminated by other getUpdates request; make sure that only one bot instance is running
2025-12-10 21:44:31,905 INFO HTTP Request: POST https://api.telegram.org/bot8428323516:AAElzjmSPfUeCoTGKbm7wnDLSZ5ek1-6Gvc/getUpdates "HTTP/1.1 409 Conflict"
2025-12-10 21:44:31,906 ERROR No error handlers are registered, logging exception.
Traceback (most recent call last):
  File "C:\Users\OurPresent\Downloads\Maestría BD\Proyecto Final\GmailPointsWatcher\.venv\Lib\site-packages\telegram\ext\_utils\networkloop.py", line 134, in network_retry_loop
    await do_action()
  File "C:\Users\OurPresent\Downloads\Maestría BD\Proyecto Final\GmailPointsWatcher\.venv\Lib\site-packages\telegram\ext\_utils\networkloop.py", line 127, in do_action
    action_cb_task.result()
    ~~~~~~~~~~~~~~~~~~~~~^^
  File "C:\Users\OurPresent\Downloads\Maestría BD\Proyecto Final\GmailPointsWatcher\.venv\Lib\site-packages\telegram\ext\_updater.py", line 340, in polling_action_cb
    updates = await self.bot.get_updates(
              ^^^^^^^^^^^^^^^^^^^^^^^^^^^
    ...<3 lines>...
    )
    ^
  File "C:\Users\OurPresent\Downloads\Maestría BD\Proyecto Final\GmailPointsWatcher\.venv\Lib\site-packages\telegram\ext\_extbot.py", line 676, in get_updates
    updates = await super().get_updates(
              ^^^^^^^^^^^^^^^^^^^^^^^^^^
    ...<9 lines>...
    )
    ^
  File "C:\Users\OurPresent\Downloads\Maestría BD\Proyecto Final\GmailPointsWatcher\.venv\Lib\site-packages\telegram\_bot.py", line 4780, in get_updates
    await self._post(
    ^^^^^^^^^^^^^^^^^
    ...<7 lines>...
    ),
    ^
  File "C:\Users\OurPresent\Downloads\Maestría BD\Proyecto Final\GmailPointsWatcher\.venv\Lib\site-packages\telegram\_bot.py", line 703, in _post
    return await self._do_post(
           ^^^^^^^^^^^^^^^^^^^^
    ...<6 lines>...
    )
    ^
  File "C:\Users\OurPresent\Downloads\Maestría BD\Proyecto Final\GmailPointsWatcher\.venv\Lib\site-packages\telegram\ext\_extbot.py", line 372, in _do_post
    return await super()._do_post(
           ^^^^^^^^^^^^^^^^^^^^^^^
    ...<6 lines>...
    )
    ^
  File "C:\Users\OurPresent\Downloads\Maestría BD\Proyecto Final\GmailPointsWatcher\.venv\Lib\site-packages\telegram\_bot.py", line 732, in _do_post
    result = await request.post(
             ^^^^^^^^^^^^^^^^^^^
    ...<6 lines>...
    )
    ^
  File "C:\Users\OurPresent\Downloads\Maestría BD\Proyecto Final\GmailPointsWatcher\.venv\Lib\site-packages\telegram\request\_baserequest.py", line 198, in post
    result = await self._request_wrapper(
             ^^^^^^^^^^^^^^^^^^^^^^^^^^^^
    ...<7 lines>...
    )
    ^
  File "C:\Users\OurPresent\Downloads\Maestría BD\Proyecto Final\GmailPointsWatcher\.venv\Lib\site-packages\telegram\request\_baserequest.py", line 375, in _request_wrapper
    raise exception
telegram.error.Conflict: Conflict: terminated by other getUpdates request; make sure that only one bot instance is running
2025-12-10 21:44:35,390 INFO HTTP Request: POST https://api.telegram.org/bot8428323516:AAElzjmSPfUeCoTGKbm7wnDLSZ5ek1-6Gvc/getUpdates "HTTP/1.1 200 OK"
2025-12-10 21:44:35,392 INFO Application is stopping. This might take a moment.
2025-12-10 21:44:35,393 INFO Scheduler has been shut down
2025-12-10 21:44:35,413 INFO Application.stop() complete
2025-12-10 21:44:45,438 INFO HTTP Request: POST https://api.telegram.org/bot8428323516:AAElzjmSPfUeCoTGKbm7wnDLSZ5ek1-6Gvc/getUpdates "HTTP/1.1 200 OK"
2025-12-10 21:44:54,785 INFO Running job "_email_job (trigger: interval[0:01:00], next run at: 2025-12-11 02:45:54 UTC)" (scheduled at 2025-12-11 02:44:54.770342+00:00)
2025-12-10 21:44:55,589 INFO HTTP Request: POST https://api.telegram.org/bot8428323516:AAElzjmSPfUeCoTGKbm7wnDLSZ5ek1-6Gvc/getUpdates "HTTP/1.1 200 OK"
2025-12-10 21:44:55,874 INFO Job "_email_job (trigger: interval[0:01:00], next run at: 2025-12-11 02:45:54 UTC)" executed successfully
2025-12-10 21:45:05,739 INFO HTTP Request: POST https://api.telegram.org/bot8428323516:AAElzjmSPfUeCoTGKbm7wnDLSZ5ek1-6Gvc/getUpdates "HTTP/1.1 200 OK"
2025-12-10 21:45:15,890 INFO HTTP Request: POST https://api.telegram.org/bot8428323516:AAElzjmSPfUeCoTGKbm7wnDLSZ5ek1-6Gvc/getUpdates "HTTP/1.1 200 OK"
2025-12-10 21:45:26,040 INFO HTTP Request: POST https://api.telegram.org/bot8428323516:AAElzjmSPfUeCoTGKbm7wnDLSZ5ek1-6Gvc/getUpdates "HTTP/1.1 200 OK"
2025-12-10 21:45:36,191 INFO HTTP Request: POST https://api.telegram.org/bot8428323516:AAElzjmSPfUeCoTGKbm7wnDLSZ5ek1-6Gvc/getUpdates "HTTP/1.1 200 OK"
2025-12-10 21:45:46,649 INFO HTTP Request: POST https://api.telegram.org/bot8428323516:AAElzjmSPfUeCoTGKbm7wnDLSZ5ek1-6Gvc/getUpdates "HTTP/1.1 200 OK"
2025-12-10 21:45:54,779 INFO Running job "_email_job (trigger: interval[0:01:00], next run at: 2025-12-11 02:46:54 UTC)" (scheduled at 2025-12-11 02:45:54.770342+00:00)
2025-12-10 21:45:56,798 INFO HTTP Request: POST https://api.telegram.org/bot8428323516:AAElzjmSPfUeCoTGKbm7wnDLSZ5ek1-6Gvc/getUpdates "HTTP/1.1 200 OK"
2025-12-10 21:46:02,845 INFO Job "_email_job (trigger: interval[0:01:00], next run at: 2025-12-11 02:46:54 UTC)" executed successfully
2025-12-10 21:46:06,949 INFO HTTP Request: POST https://api.telegram.org/bot8428323516:AAElzjmSPfUeCoTGKbm7wnDLSZ5ek1-6Gvc/getUpdates "HTTP/1.1 200 OK"
2025-12-10 21:46:17,099 INFO HTTP Request: POST https://api.telegram.org/bot8428323516:AAElzjmSPfUeCoTGKbm7wnDLSZ5ek1-6Gvc/getUpdates "HTTP/1.1 200 OK"
2025-12-10 21:46:27,259 INFO HTTP Request: POST https://api.telegram.org/bot8428323516:AAElzjmSPfUeCoTGKbm7wnDLSZ5ek1-6Gvc/getUpdates "HTTP/1.1 200 OK"
2025-12-10 21:46:37,410 INFO HTTP Request: POST https://api.telegram.org/bot8428323516:AAElzjmSPfUeCoTGKbm7wnDLSZ5ek1-6Gvc/getUpdates "HTTP/1.1 200 OK"
2025-12-10 21:46:47,559 INFO HTTP Request: POST https://api.telegram.org/bot8428323516:AAElzjmSPfUeCoTGKbm7wnDLSZ5ek1-6Gvc/getUpdates "HTTP/1.1 200 OK"
2025-12-10 21:46:54,781 INFO Running job "_email_job (trigger: interval[0:01:00], next run at: 2025-12-11 02:47:54 UTC)" (scheduled at 2025-12-11 02:46:54.770342+00:00)
2025-12-10 21:46:55,592 INFO Job "_email_job (trigger: interval[0:01:00], next run at: 2025-12-11 02:47:54 UTC)" executed successfully
2025-12-10 21:46:57,709 INFO HTTP Request: POST https://api.telegram.org/bot8428323516:AAElzjmSPfUeCoTGKbm7wnDLSZ5ek1-6Gvc/getUpdates "HTTP/1.1 200 OK"
2025-12-10 21:47:07,860 INFO HTTP Request: POST https://api.telegram.org/bot8428323516:AAElzjmSPfUeCoTGKbm7wnDLSZ5ek1-6Gvc/getUpdates "HTTP/1.1 200 OK"
2025-12-10 21:47:18,012 INFO HTTP Request: POST https://api.telegram.org/bot8428323516:AAElzjmSPfUeCoTGKbm7wnDLSZ5ek1-6Gvc/getUpdates "HTTP/1.1 200 OK"
2025-12-10 21:47:28,163 INFO HTTP Request: POST https://api.telegram.org/bot8428323516:AAElzjmSPfUeCoTGKbm7wnDLSZ5ek1-6Gvc/getUpdates "HTTP/1.1 200 OK"
2025-12-10 21:47:38,313 INFO HTTP Request: POST https://api.telegram.org/bot8428323516:AAElzjmSPfUeCoTGKbm7wnDLSZ5ek1-6Gvc/getUpdates "HTTP/1.1 200 OK"
2025-12-10 21:47:48,462 INFO HTTP Request: POST https://api.telegram.org/bot8428323516:AAElzjmSPfUeCoTGKbm7wnDLSZ5ek1-6Gvc/getUpdates "HTTP/1.1 200 OK"
2025-12-10 21:47:54,773 INFO Running job "_email_job (trigger: interval[0:01:00], next run at: 2025-12-11 02:48:54 UTC)" (scheduled at 2025-12-11 02:47:54.770342+00:00)
2025-12-10 21:47:56,919 INFO Job "_email_job (trigger: interval[0:01:00], next run at: 2025-12-11 02:48:54 UTC)" executed successfully
2025-12-10 21:47:58,612 INFO HTTP Request: POST https://api.telegram.org/bot8428323516:AAElzjmSPfUeCoTGKbm7wnDLSZ5ek1-6Gvc/getUpdates "HTTP/1.1 200 OK"
2025-12-10 21:48:08,762 INFO HTTP Request: POST https://api.telegram.org/bot8428323516:AAElzjmSPfUeCoTGKbm7wnDLSZ5ek1-6Gvc/getUpdates "HTTP/1.1 200 OK"
2025-12-10 21:48:18,915 INFO HTTP Request: POST https://api.telegram.org/bot8428323516:AAElzjmSPfUeCoTGKbm7wnDLSZ5ek1-6Gvc/getUpdates "HTTP/1.1 200 OK"
2025-12-10 21:48:29,068 INFO HTTP Request: POST https://api.telegram.org/bot8428323516:AAElzjmSPfUeCoTGKbm7wnDLSZ5ek1-6Gvc/getUpdates "HTTP/1.1 200 OK"
2025-12-10 21:48:39,217 INFO HTTP Request: POST https://api.telegram.org/bot8428323516:AAElzjmSPfUeCoTGKbm7wnDLSZ5ek1-6Gvc/getUpdates "HTTP/1.1 200 OK"
2025-12-10 21:48:49,368 INFO HTTP Request: POST https://api.telegram.org/bot8428323516:AAElzjmSPfUeCoTGKbm7wnDLSZ5ek1-6Gvc/getUpdates "HTTP/1.1 200 OK"
2025-12-10 21:48:54,785 INFO Running job "_email_job (trigger: interval[0:01:00], next run at: 2025-12-11 02:49:54 UTC)" (scheduled at 2025-12-11 02:48:54.770342+00:00)
2025-12-10 21:48:55,752 INFO Job "_email_job (trigger: interval[0:01:00], next run at: 2025-12-11 02:49:54 UTC)" executed successfully
2025-12-10 21:48:59,519 INFO HTTP Request: POST https://api.telegram.org/bot8428323516:AAElzjmSPfUeCoTGKbm7wnDLSZ5ek1-6Gvc/getUpdates "HTTP/1.1 200 OK"
2025-12-10 21:49:09,670 INFO HTTP Request: POST https://api.telegram.org/bot8428323516:AAElzjmSPfUeCoTGKbm7wnDLSZ5ek1-6Gvc/getUpdates "HTTP/1.1 200 OK"
2025-12-10 21:49:19,820 INFO HTTP Request: POST https://api.telegram.org/bot8428323516:AAElzjmSPfUeCoTGKbm7wnDLSZ5ek1-6Gvc/getUpdates "HTTP/1.1 200 OK"
2025-12-10 21:49:29,971 INFO HTTP Request: POST https://api.telegram.org/bot8428323516:AAElzjmSPfUeCoTGKbm7wnDLSZ5ek1-6Gvc/getUpdates "HTTP/1.1 200 OK"
2025-12-10 21:49:40,122 INFO HTTP Request: POST https://api.telegram.org/bot8428323516:AAElzjmSPfUeCoTGKbm7wnDLSZ5ek1-6Gvc/getUpdates "HTTP/1.1 200 OK"
2025-12-10 21:49:50,272 INFO HTTP Request: POST https://api.telegram.org/bot8428323516:AAElzjmSPfUeCoTGKbm7wnDLSZ5ek1-6Gvc/getUpdates "HTTP/1.1 200 OK"
2025-12-10 21:49:54,776 INFO Running job "_email_job (trigger: interval[0:01:00], next run at: 2025-12-11 02:50:54 UTC)" (scheduled at 2025-12-11 02:49:54.770342+00:00)
2025-12-10 21:49:55,598 INFO Job "_email_job (trigger: interval[0:01:00], next run at: 2025-12-11 02:50:54 UTC)" executed successfully
2025-12-10 21:50:00,422 INFO HTTP Request: POST https://api.telegram.org/bot8428323516:AAElzjmSPfUeCoTGKbm7wnDLSZ5ek1-6Gvc/getUpdates "HTTP/1.1 200 OK"
2025-12-10 21:50:10,571 INFO HTTP Request: POST https://api.telegram.org/bot8428323516:AAElzjmSPfUeCoTGKbm7wnDLSZ5ek1-6Gvc/getUpdates "HTTP/1.1 200 OK"
2025-12-10 21:50:20,722 INFO HTTP Request: POST https://api.telegram.org/bot8428323516:AAElzjmSPfUeCoTGKbm7wnDLSZ5ek1-6Gvc/getUpdates "HTTP/1.1 200 OK"
2025-12-10 21:50:30,872 INFO HTTP Request: POST https://api.telegram.org/bot8428323516:AAElzjmSPfUeCoTGKbm7wnDLSZ5ek1-6Gvc/getUpdates "HTTP/1.1 200 OK"
2025-12-10 21:50:41,023 INFO HTTP Request: POST https://api.telegram.org/bot8428323516:AAElzjmSPfUeCoTGKbm7wnDLSZ5ek1-6Gvc/getUpdates "HTTP/1.1 200 OK"
2025-12-10 21:50:51,173 INFO HTTP Request: POST https://api.telegram.org/bot8428323516:AAElzjmSPfUeCoTGKbm7wnDLSZ5ek1-6Gvc/getUpdates "HTTP/1.1 200 OK"
2025-12-10 21:50:54,777 INFO Running job "_email_job (trigger: interval[0:01:00], next run at: 2025-12-11 02:51:54 UTC)" (scheduled at 2025-12-11 02:50:54.770342+00:00)
2025-12-10 21:50:55,452 INFO Job "_email_job (trigger: interval[0:01:00], next run at: 2025-12-11 02:51:54 UTC)" executed successfully
2025-12-10 21:51:01,323 INFO HTTP Request: POST https://api.telegram.org/bot8428323516:AAElzjmSPfUeCoTGKbm7wnDLSZ5ek1-6Gvc/getUpdates "HTTP/1.1 200 OK"
2025-12-10 21:51:11,477 INFO HTTP Request: POST https://api.telegram.org/bot8428323516:AAElzjmSPfUeCoTGKbm7wnDLSZ5ek1-6Gvc/getUpdates "HTTP/1.1 200 OK"
2025-12-10 21:51:21,628 INFO HTTP Request: POST https://api.telegram.org/bot8428323516:AAElzjmSPfUeCoTGKbm7wnDLSZ5ek1-6Gvc/getUpdates "HTTP/1.1 200 OK"
2025-12-10 21:51:31,787 INFO HTTP Request: POST https://api.telegram.org/bot8428323516:AAElzjmSPfUeCoTGKbm7wnDLSZ5ek1-6Gvc/getUpdates "HTTP/1.1 200 OK"
2025-12-10 21:51:41,938 INFO HTTP Request: POST https://api.telegram.org/bot8428323516:AAElzjmSPfUeCoTGKbm7wnDLSZ5ek1-6Gvc/getUpdates "HTTP/1.1 200 OK"
2025-12-10 21:51:52,095 INFO HTTP Request: POST https://api.telegram.org/bot8428323516:AAElzjmSPfUeCoTGKbm7wnDLSZ5ek1-6Gvc/getUpdates "HTTP/1.1 200 OK"
2025-12-10 21:51:54,770 INFO Running job "_email_job (trigger: interval[0:01:00], next run at: 2025-12-11 02:52:54 UTC)" (scheduled at 2025-12-11 02:51:54.770342+00:00)
2025-12-10 21:51:55,502 INFO Job "_email_job (trigger: interval[0:01:00], next run at: 2025-12-11 02:52:54 UTC)" executed successfully
2025-12-10 21:52:02,244 INFO HTTP Request: POST https://api.telegram.org/bot8428323516:AAElzjmSPfUeCoTGKbm7wnDLSZ5ek1-6Gvc/getUpdates "HTTP/1.1 200 OK"
2025-12-10 21:52:12,393 INFO HTTP Request: POST https://api.telegram.org/bot8428323516:AAElzjmSPfUeCoTGKbm7wnDLSZ5ek1-6Gvc/getUpdates "HTTP/1.1 200 OK"
2025-12-10 21:52:22,543 INFO HTTP Request: POST https://api.telegram.org/bot8428323516:AAElzjmSPfUeCoTGKbm7wnDLSZ5ek1-6Gvc/getUpdates "HTTP/1.1 200 OK"
2025-12-10 21:52:32,728 INFO HTTP Request: POST https://api.telegram.org/bot8428323516:AAElzjmSPfUeCoTGKbm7wnDLSZ5ek1-6Gvc/getUpdates "HTTP/1.1 200 OK"
2025-12-10 21:52:42,878 INFO HTTP Request: POST https://api.telegram.org/bot8428323516:AAElzjmSPfUeCoTGKbm7wnDLSZ5ek1-6Gvc/getUpdates "HTTP/1.1 200 OK"
2025-12-10 21:52:53,027 INFO HTTP Request: POST https://api.telegram.org/bot8428323516:AAElzjmSPfUeCoTGKbm7wnDLSZ5ek1-6Gvc/getUpdates "HTTP/1.1 200 OK"
2025-12-10 21:52:54,772 INFO Running job "_email_job (trigger: interval[0:01:00], next run at: 2025-12-11 02:53:54 UTC)" (scheduled at 2025-12-11 02:52:54.770342+00:00)
2025-12-10 21:52:55,534 INFO Job "_email_job (trigger: interval[0:01:00], next run at: 2025-12-11 02:53:54 UTC)" executed successfully
2025-12-10 21:53:03,177 INFO HTTP Request: POST https://api.telegram.org/bot8428323516:AAElzjmSPfUeCoTGKbm7wnDLSZ5ek1-6Gvc/getUpdates "HTTP/1.1 200 OK"
2025-12-10 21:53:13,328 INFO HTTP Request: POST https://api.telegram.org/bot8428323516:AAElzjmSPfUeCoTGKbm7wnDLSZ5ek1-6Gvc/getUpdates "HTTP/1.1 200 OK"
2025-12-10 21:53:23,478 INFO HTTP Request: POST https://api.telegram.org/bot8428323516:AAElzjmSPfUeCoTGKbm7wnDLSZ5ek1-6Gvc/getUpdates "HTTP/1.1 200 OK"
2025-12-10 21:53:33,629 INFO HTTP Request: POST https://api.telegram.org/bot8428323516:AAElzjmSPfUeCoTGKbm7wnDLSZ5ek1-6Gvc/getUpdates "HTTP/1.1 200 OK"
2025-12-10 21:53:43,778 INFO HTTP Request: POST https://api.telegram.org/bot8428323516:AAElzjmSPfUeCoTGKbm7wnDLSZ5ek1-6Gvc/getUpdates "HTTP/1.1 200 OK"
2025-12-10 21:53:53,935 INFO HTTP Request: POST https://api.telegram.org/bot8428323516:AAElzjmSPfUeCoTGKbm7wnDLSZ5ek1-6Gvc/getUpdates "HTTP/1.1 200 OK"
2025-12-10 21:53:54,775 INFO Running job "_email_job (trigger: interval[0:01:00], next run at: 2025-12-11 02:54:54 UTC)" (scheduled at 2025-12-11 02:53:54.770342+00:00)
2025-12-10 21:53:55,512 INFO Job "_email_job (trigger: interval[0:01:00], next run at: 2025-12-11 02:54:54 UTC)" executed successfully
2025-12-10 21:54:04,085 INFO HTTP Request: POST https://api.telegram.org/bot8428323516:AAElzjmSPfUeCoTGKbm7wnDLSZ5ek1-6Gvc/getUpdates "HTTP/1.1 200 OK"
2025-12-10 21:54:14,235 INFO HTTP Request: POST https://api.telegram.org/bot8428323516:AAElzjmSPfUeCoTGKbm7wnDLSZ5ek1-6Gvc/getUpdates "HTTP/1.1 200 OK"
2025-12-10 21:54:24,385 INFO HTTP Request: POST https://api.telegram.org/bot8428323516:AAElzjmSPfUeCoTGKbm7wnDLSZ5ek1-6Gvc/getUpdates "HTTP/1.1 200 OK"
2025-12-10 21:54:34,538 INFO HTTP Request: POST https://api.telegram.org/bot8428323516:AAElzjmSPfUeCoTGKbm7wnDLSZ5ek1-6Gvc/getUpdates "HTTP/1.1 200 OK"
2025-12-10 21:54:44,688 INFO HTTP Request: POST https://api.telegram.org/bot8428323516:AAElzjmSPfUeCoTGKbm7wnDLSZ5ek1-6Gvc/getUpdates "HTTP/1.1 200 OK"
2025-12-10 21:54:54,778 INFO Running job "_email_job (trigger: interval[0:01:00], next run at: 2025-12-11 02:55:54 UTC)" (scheduled at 2025-12-11 02:54:54.770342+00:00)
2025-12-10 21:54:54,838 INFO HTTP Request: POST https://api.telegram.org/bot8428323516:AAElzjmSPfUeCoTGKbm7wnDLSZ5ek1-6Gvc/getUpdates "HTTP/1.1 200 OK"
2025-12-10 21:54:55,440 INFO Job "_email_job (trigger: interval[0:01:00], next run at: 2025-12-11 02:55:54 UTC)" executed successfully
2025-12-10 21:55:05,382 INFO HTTP Request: POST https://api.telegram.org/bot8428323516:AAElzjmSPfUeCoTGKbm7wnDLSZ5ek1-6Gvc/getUpdates "HTTP/1.1 200 OK"
2025-12-10 21:55:15,535 INFO HTTP Request: POST https://api.telegram.org/bot8428323516:AAElzjmSPfUeCoTGKbm7wnDLSZ5ek1-6Gvc/getUpdates "HTTP/1.1 200 OK"
2025-12-10 21:55:25,688 INFO HTTP Request: POST https://api.telegram.org/bot8428323516:AAElzjmSPfUeCoTGKbm7wnDLSZ5ek1-6Gvc/getUpdates "HTTP/1.1 200 OK"
2025-12-10 21:55:35,840 INFO HTTP Request: POST https://api.telegram.org/bot8428323516:AAElzjmSPfUeCoTGKbm7wnDLSZ5ek1-6Gvc/getUpdates "HTTP/1.1 200 OK"
2025-12-10 21:55:45,994 INFO HTTP Request: POST https://api.telegram.org/bot8428323516:AAElzjmSPfUeCoTGKbm7wnDLSZ5ek1-6Gvc/getUpdates "HTTP/1.1 200 OK"
2025-12-10 21:55:54,780 INFO Running job "_email_job (trigger: interval[0:01:00], next run at: 2025-12-11 02:56:54 UTC)" (scheduled at 2025-12-11 02:55:54.770342+00:00)
2025-12-10 21:55:56,146 INFO HTTP Request: POST https://api.telegram.org/bot8428323516:AAElzjmSPfUeCoTGKbm7wnDLSZ5ek1-6Gvc/getUpdates "HTTP/1.1 200 OK"
2025-12-10 21:56:01,092 INFO Job "_email_job (trigger: interval[0:01:00], next run at: 2025-12-11 02:56:54 UTC)" executed successfully
2025-12-10 21:56:06,298 INFO HTTP Request: POST https://api.telegram.org/bot8428323516:AAElzjmSPfUeCoTGKbm7wnDLSZ5ek1-6Gvc/getUpdates "HTTP/1.1 200 OK"
2025-12-10 21:56:16,451 INFO HTTP Request: POST https://api.telegram.org/bot8428323516:AAElzjmSPfUeCoTGKbm7wnDLSZ5ek1-6Gvc/getUpdates "HTTP/1.1 200 OK"
2025-12-10 21:56:26,610 INFO HTTP Request: POST https://api.telegram.org/bot8428323516:AAElzjmSPfUeCoTGKbm7wnDLSZ5ek1-6Gvc/getUpdates "HTTP/1.1 200 OK"
2025-12-10 21:56:36,762 INFO HTTP Request: POST https://api.telegram.org/bot8428323516:AAElzjmSPfUeCoTGKbm7wnDLSZ5ek1-6Gvc/getUpdates "HTTP/1.1 200 OK"
2025-12-10 21:56:46,914 INFO HTTP Request: POST https://api.telegram.org/bot8428323516:AAElzjmSPfUeCoTGKbm7wnDLSZ5ek1-6Gvc/getUpdates "HTTP/1.1 200 OK"
2025-12-10 21:56:54,773 INFO Running job "_email_job (trigger: interval[0:01:00], next run at: 2025-12-11 02:57:54 UTC)" (scheduled at 2025-12-11 02:56:54.770342+00:00)
2025-12-10 21:56:57,066 INFO HTTP Request: POST https://api.telegram.org/bot8428323516:AAElzjmSPfUeCoTGKbm7wnDLSZ5ek1-6Gvc/getUpdates "HTTP/1.1 200 OK"
2025-12-10 21:56:57,857 INFO Job "_email_job (trigger: interval[0:01:00], next run at: 2025-12-11 02:57:54 UTC)" executed successfully
2025-12-10 21:57:07,219 INFO HTTP Request: POST https://api.telegram.org/bot8428323516:AAElzjmSPfUeCoTGKbm7wnDLSZ5ek1-6Gvc/getUpdates "HTTP/1.1 200 OK"
2025-12-10 21:57:17,372 INFO HTTP Request: POST https://api.telegram.org/bot8428323516:AAElzjmSPfUeCoTGKbm7wnDLSZ5ek1-6Gvc/getUpdates "HTTP/1.1 200 OK"
2025-12-10 21:57:27,526 INFO HTTP Request: POST https://api.telegram.org/bot8428323516:AAElzjmSPfUeCoTGKbm7wnDLSZ5ek1-6Gvc/getUpdates "HTTP/1.1 200 OK"
2025-12-10 21:57:37,679 INFO HTTP Request: POST https://api.telegram.org/bot8428323516:AAElzjmSPfUeCoTGKbm7wnDLSZ5ek1-6Gvc/getUpdates "HTTP/1.1 200 OK"
2025-12-10 21:57:47,834 INFO HTTP Request: POST https://api.telegram.org/bot8428323516:AAElzjmSPfUeCoTGKbm7wnDLSZ5ek1-6Gvc/getUpdates "HTTP/1.1 200 OK"
2025-12-10 21:57:54,779 INFO Running job "_email_job (trigger: interval[0:01:00], next run at: 2025-12-11 02:58:54 UTC)" (scheduled at 2025-12-11 02:57:54.770342+00:00)
2025-12-10 21:57:55,489 INFO Job "_email_job (trigger: interval[0:01:00], next run at: 2025-12-11 02:58:54 UTC)" executed successfully
2025-12-10 21:57:57,988 INFO HTTP Request: POST https://api.telegram.org/bot8428323516:AAElzjmSPfUeCoTGKbm7wnDLSZ5ek1-6Gvc/getUpdates "HTTP/1.1 200 OK"
2025-12-10 21:58:08,141 INFO HTTP Request: POST https://api.telegram.org/bot8428323516:AAElzjmSPfUeCoTGKbm7wnDLSZ5ek1-6Gvc/getUpdates "HTTP/1.1 200 OK"
2025-12-10 21:58:18,294 INFO HTTP Request: POST https://api.telegram.org/bot8428323516:AAElzjmSPfUeCoTGKbm7wnDLSZ5ek1-6Gvc/getUpdates "HTTP/1.1 200 OK"
2025-12-10 21:58:28,448 INFO HTTP Request: POST https://api.telegram.org/bot8428323516:AAElzjmSPfUeCoTGKbm7wnDLSZ5ek1-6Gvc/getUpdates "HTTP/1.1 200 OK"
2025-12-10 21:58:38,603 INFO HTTP Request: POST https://api.telegram.org/bot8428323516:AAElzjmSPfUeCoTGKbm7wnDLSZ5ek1-6Gvc/getUpdates "HTTP/1.1 200 OK"
2025-12-10 21:58:48,757 INFO HTTP Request: POST https://api.telegram.org/bot8428323516:AAElzjmSPfUeCoTGKbm7wnDLSZ5ek1-6Gvc/getUpdates "HTTP/1.1 200 OK"
2025-12-10 21:58:54,780 INFO Running job "_email_job (trigger: interval[0:01:00], next run at: 2025-12-11 02:59:54 UTC)" (scheduled at 2025-12-11 02:58:54.770342+00:00)
2025-12-10 21:58:55,533 INFO Job "_email_job (trigger: interval[0:01:00], next run at: 2025-12-11 02:59:54 UTC)" executed successfully
2025-12-10 21:58:58,911 INFO HTTP Request: POST https://api.telegram.org/bot8428323516:AAElzjmSPfUeCoTGKbm7wnDLSZ5ek1-6Gvc/getUpdates "HTTP/1.1 200 OK"
2025-12-10 21:59:09,065 INFO HTTP Request: POST https://api.telegram.org/bot8428323516:AAElzjmSPfUeCoTGKbm7wnDLSZ5ek1-6Gvc/getUpdates "HTTP/1.1 200 OK"
2025-12-10 21:59:19,222 INFO HTTP Request: POST https://api.telegram.org/bot8428323516:AAElzjmSPfUeCoTGKbm7wnDLSZ5ek1-6Gvc/getUpdates "HTTP/1.1 200 OK"
2025-12-10 21:59:29,378 INFO HTTP Request: POST https://api.telegram.org/bot8428323516:AAElzjmSPfUeCoTGKbm7wnDLSZ5ek1-6Gvc/getUpdates "HTTP/1.1 200 OK"
2025-12-10 21:59:39,531 INFO HTTP Request: POST https://api.telegram.org/bot8428323516:AAElzjmSPfUeCoTGKbm7wnDLSZ5ek1-6Gvc/getUpdates "HTTP/1.1 200 OK"
2025-12-10 21:59:49,684 INFO HTTP Request: POST https://api.telegram.org/bot8428323516:AAElzjmSPfUeCoTGKbm7wnDLSZ5ek1-6Gvc/getUpdates "HTTP/1.1 200 OK"
2025-12-10 21:59:54,777 INFO Running job "_email_job (trigger: interval[0:01:00], next run at: 2025-12-11 03:00:54 UTC)" (scheduled at 2025-12-11 02:59:54.770342+00:00)
2025-12-10 21:59:55,463 INFO Job "_email_job (trigger: interval[0:01:00], next run at: 2025-12-11 03:00:54 UTC)" executed successfully
2025-12-10 21:59:59,842 INFO HTTP Request: POST https://api.telegram.org/bot8428323516:AAElzjmSPfUeCoTGKbm7wnDLSZ5ek1-6Gvc/getUpdates "HTTP/1.1 200 OK"
2025-12-10 22:00:09,996 INFO HTTP Request: POST https://api.telegram.org/bot8428323516:AAElzjmSPfUeCoTGKbm7wnDLSZ5ek1-6Gvc/getUpdates "HTTP/1.1 200 OK"
2025-12-10 22:00:20,151 INFO HTTP Request: POST https://api.telegram.org/bot8428323516:AAElzjmSPfUeCoTGKbm7wnDLSZ5ek1-6Gvc/getUpdates "HTTP/1.1 200 OK"
2025-12-10 22:00:30,305 INFO HTTP Request: POST https://api.telegram.org/bot8428323516:AAElzjmSPfUeCoTGKbm7wnDLSZ5ek1-6Gvc/getUpdates "HTTP/1.1 200 OK"
2025-12-10 22:00:40,458 INFO HTTP Request: POST https://api.telegram.org/bot8428323516:AAElzjmSPfUeCoTGKbm7wnDLSZ5ek1-6Gvc/getUpdates "HTTP/1.1 200 OK"
2025-12-10 22:00:50,612 INFO HTTP Request: POST https://api.telegram.org/bot8428323516:AAElzjmSPfUeCoTGKbm7wnDLSZ5ek1-6Gvc/getUpdates "HTTP/1.1 200 OK"
2025-12-10 22:00:54,781 INFO Running job "_email_job (trigger: interval[0:01:00], next run at: 2025-12-11 03:01:54 UTC)" (scheduled at 2025-12-11 03:00:54.770342+00:00)
2025-12-10 22:00:55,414 INFO Job "_email_job (trigger: interval[0:01:00], next run at: 2025-12-11 03:01:54 UTC)" executed successfully
2025-12-10 22:01:00,765 INFO HTTP Request: POST https://api.telegram.org/bot8428323516:AAElzjmSPfUeCoTGKbm7wnDLSZ5ek1-6Gvc/getUpdates "HTTP/1.1 200 OK"
2025-12-10 22:01:10,917 INFO HTTP Request: POST https://api.telegram.org/bot8428323516:AAElzjmSPfUeCoTGKbm7wnDLSZ5ek1-6Gvc/getUpdates "HTTP/1.1 200 OK"
2025-12-10 22:01:21,075 INFO HTTP Request: POST https://api.telegram.org/bot8428323516:AAElzjmSPfUeCoTGKbm7wnDLSZ5ek1-6Gvc/getUpdates "HTTP/1.1 200 OK"
2025-12-10 22:01:31,230 INFO HTTP Request: POST https://api.telegram.org/bot8428323516:AAElzjmSPfUeCoTGKbm7wnDLSZ5ek1-6Gvc/getUpdates "HTTP/1.1 200 OK"
2025-12-10 22:01:41,383 INFO HTTP Request: POST https://api.telegram.org/bot8428323516:AAElzjmSPfUeCoTGKbm7wnDLSZ5ek1-6Gvc/getUpdates "HTTP/1.1 200 OK"
2025-12-10 22:01:51,536 INFO HTTP Request: POST https://api.telegram.org/bot8428323516:AAElzjmSPfUeCoTGKbm7wnDLSZ5ek1-6Gvc/getUpdates "HTTP/1.1 200 OK"
2025-12-10 22:01:54,774 INFO Running job "_email_job (trigger: interval[0:01:00], next run at: 2025-12-11 03:02:54 UTC)" (scheduled at 2025-12-11 03:01:54.770342+00:00)
2025-12-10 22:01:55,471 INFO Job "_email_job (trigger: interval[0:01:00], next run at: 2025-12-11 03:02:54 UTC)" executed successfully
2025-12-10 22:02:01,689 INFO HTTP Request: POST https://api.telegram.org/bot8428323516:AAElzjmSPfUeCoTGKbm7wnDLSZ5ek1-6Gvc/getUpdates "HTTP/1.1 200 OK"
2025-12-10 22:02:11,842 INFO HTTP Request: POST https://api.telegram.org/bot8428323516:AAElzjmSPfUeCoTGKbm7wnDLSZ5ek1-6Gvc/getUpdates "HTTP/1.1 200 OK"
2025-12-10 22:02:21,995 INFO HTTP Request: POST https://api.telegram.org/bot8428323516:AAElzjmSPfUeCoTGKbm7wnDLSZ5ek1-6Gvc/getUpdates "HTTP/1.1 200 OK"
2025-12-10 22:02:32,148 INFO HTTP Request: POST https://api.telegram.org/bot8428323516:AAElzjmSPfUeCoTGKbm7wnDLSZ5ek1-6Gvc/getUpdates "HTTP/1.1 200 OK"
2025-12-10 22:02:42,301 INFO HTTP Request: POST https://api.telegram.org/bot8428323516:AAElzjmSPfUeCoTGKbm7wnDLSZ5ek1-6Gvc/getUpdates "HTTP/1.1 200 OK"
2025-12-10 22:02:52,454 INFO HTTP Request: POST https://api.telegram.org/bot8428323516:AAElzjmSPfUeCoTGKbm7wnDLSZ5ek1-6Gvc/getUpdates "HTTP/1.1 200 OK"
2025-12-10 22:02:54,780 INFO Running job "_email_job (trigger: interval[0:01:00], next run at: 2025-12-11 03:03:54 UTC)" (scheduled at 2025-12-11 03:02:54.770342+00:00)
2025-12-10 22:02:55,458 INFO Job "_email_job (trigger: interval[0:01:00], next run at: 2025-12-11 03:03:54 UTC)" executed successfully
2025-12-10 22:03:02,607 INFO HTTP Request: POST https://api.telegram.org/bot8428323516:AAElzjmSPfUeCoTGKbm7wnDLSZ5ek1-6Gvc/getUpdates "HTTP/1.1 200 OK"
2025-12-10 22:03:12,762 INFO HTTP Request: POST https://api.telegram.org/bot8428323516:AAElzjmSPfUeCoTGKbm7wnDLSZ5ek1-6Gvc/getUpdates "HTTP/1.1 200 OK"
2025-12-10 22:03:22,915 INFO HTTP Request: POST https://api.telegram.org/bot8428323516:AAElzjmSPfUeCoTGKbm7wnDLSZ5ek1-6Gvc/getUpdates "HTTP/1.1 200 OK"
2025-12-10 22:03:33,069 INFO HTTP Request: POST https://api.telegram.org/bot8428323516:AAElzjmSPfUeCoTGKbm7wnDLSZ5ek1-6Gvc/getUpdates "HTTP/1.1 200 OK"
2025-12-10 22:03:43,222 INFO HTTP Request: POST https://api.telegram.org/bot8428323516:AAElzjmSPfUeCoTGKbm7wnDLSZ5ek1-6Gvc/getUpdates "HTTP/1.1 200 OK"
2025-12-10 22:03:53,377 INFO HTTP Request: POST https://api.telegram.org/bot8428323516:AAElzjmSPfUeCoTGKbm7wnDLSZ5ek1-6Gvc/getUpdates "HTTP/1.1 200 OK"
2025-12-10 22:03:54,773 INFO Running job "_email_job (trigger: interval[0:01:00], next run at: 2025-12-11 03:04:54 UTC)" (scheduled at 2025-12-11 03:03:54.770342+00:00)
2025-12-10 22:03:55,385 INFO Job "_email_job (trigger: interval[0:01:00], next run at: 2025-12-11 03:04:54 UTC)" executed successfully
2025-12-10 22:04:03,531 INFO HTTP Request: POST https://api.telegram.org/bot8428323516:AAElzjmSPfUeCoTGKbm7wnDLSZ5ek1-6Gvc/getUpdates "HTTP/1.1 200 OK"
2025-12-10 22:04:13,688 INFO HTTP Request: POST https://api.telegram.org/bot8428323516:AAElzjmSPfUeCoTGKbm7wnDLSZ5ek1-6Gvc/getUpdates "HTTP/1.1 200 OK"
2025-12-10 22:04:23,842 INFO HTTP Request: POST https://api.telegram.org/bot8428323516:AAElzjmSPfUeCoTGKbm7wnDLSZ5ek1-6Gvc/getUpdates "HTTP/1.1 200 OK"
2025-12-10 22:04:33,999 INFO HTTP Request: POST https://api.telegram.org/bot8428323516:AAElzjmSPfUeCoTGKbm7wnDLSZ5ek1-6Gvc/getUpdates "HTTP/1.1 200 OK"
2025-12-10 22:04:44,153 INFO HTTP Request: POST https://api.telegram.org/bot8428323516:AAElzjmSPfUeCoTGKbm7wnDLSZ5ek1-6Gvc/getUpdates "HTTP/1.1 200 OK"
2025-12-10 22:04:54,306 INFO HTTP Request: POST https://api.telegram.org/bot8428323516:AAElzjmSPfUeCoTGKbm7wnDLSZ5ek1-6Gvc/getUpdates "HTTP/1.1 200 OK"
2025-12-10 22:04:54,783 INFO Running job "_email_job (trigger: interval[0:01:00], next run at: 2025-12-11 03:05:54 UTC)" (scheduled at 2025-12-11 03:04:54.770342+00:00)
2025-12-10 22:04:55,507 INFO Job "_email_job (trigger: interval[0:01:00], next run at: 2025-12-11 03:05:54 UTC)" executed successfully
2025-12-10 22:05:04,460 INFO HTTP Request: POST https://api.telegram.org/bot8428323516:AAElzjmSPfUeCoTGKbm7wnDLSZ5ek1-6Gvc/getUpdates "HTTP/1.1 200 OK"
2025-12-10 22:05:14,614 INFO HTTP Request: POST https://api.telegram.org/bot8428323516:AAElzjmSPfUeCoTGKbm7wnDLSZ5ek1-6Gvc/getUpdates "HTTP/1.1 200 OK"
2025-12-10 22:05:24,768 INFO HTTP Request: POST https://api.telegram.org/bot8428323516:AAElzjmSPfUeCoTGKbm7wnDLSZ5ek1-6Gvc/getUpdates "HTTP/1.1 200 OK"
2025-12-10 22:05:34,938 INFO HTTP Request: POST https://api.telegram.org/bot8428323516:AAElzjmSPfUeCoTGKbm7wnDLSZ5ek1-6Gvc/getUpdates "HTTP/1.1 200 OK"
2025-12-10 22:05:45,091 INFO HTTP Request: POST https://api.telegram.org/bot8428323516:AAElzjmSPfUeCoTGKbm7wnDLSZ5ek1-6Gvc/getUpdates "HTTP/1.1 200 OK"
2025-12-10 22:05:54,775 INFO Running job "_email_job (trigger: interval[0:01:00], next run at: 2025-12-11 03:06:54 UTC)" (scheduled at 2025-12-11 03:05:54.770342+00:00)
2025-12-10 22:05:55,245 INFO HTTP Request: POST https://api.telegram.org/bot8428323516:AAElzjmSPfUeCoTGKbm7wnDLSZ5ek1-6Gvc/getUpdates "HTTP/1.1 200 OK"
2025-12-10 22:05:55,488 INFO Job "_email_job (trigger: interval[0:01:00], next run at: 2025-12-11 03:06:54 UTC)" executed successfully
2025-12-10 22:06:05,398 INFO HTTP Request: POST https://api.telegram.org/bot8428323516:AAElzjmSPfUeCoTGKbm7wnDLSZ5ek1-6Gvc/getUpdates "HTTP/1.1 200 OK"
2025-12-10 22:57:34,086 WARNING ⚠️ Usando CHAT_ID por defecto (1943663667).
2025-12-10 22:57:34,091 INFO Adding job tentatively -- it will be properly scheduled when the scheduler starts
2025-12-10 22:57:34,728 INFO HTTP Request: POST https://api.telegram.org/bot8428323516:AAElzjmSPfUeCoTGKbm7wnDLSZ5ek1-6Gvc/getMe "HTTP/1.1 200 OK"
2025-12-10 22:57:34,887 INFO HTTP Request: POST https://api.telegram.org/bot8428323516:AAElzjmSPfUeCoTGKbm7wnDLSZ5ek1-6Gvc/deleteWebhook "HTTP/1.1 200 OK"
2025-12-10 22:57:34,890 INFO Added job "_email_job" to job store "default"
2025-12-10 22:57:34,890 INFO Scheduler started
2025-12-10 22:57:34,890 INFO Application started
2025-12-10 22:57:45,360 INFO HTTP Request: POST https://api.telegram.org/bot8428323516:AAElzjmSPfUeCoTGKbm7wnDLSZ5ek1-6Gvc/getUpdates "HTTP/1.1 200 OK"
2025-12-10 22:57:55,517 INFO HTTP Request: POST https://api.telegram.org/bot8428323516:AAElzjmSPfUeCoTGKbm7wnDLSZ5ek1-6Gvc/getUpdates "HTTP/1.1 200 OK"
2025-12-10 22:58:05,676 INFO HTTP Request: POST https://api.telegram.org/bot8428323516:AAElzjmSPfUeCoTGKbm7wnDLSZ5ek1-6Gvc/getUpdates "HTTP/1.1 200 OK"
2025-12-10 22:58:15,833 INFO HTTP Request: POST https://api.telegram.org/bot8428323516:AAElzjmSPfUeCoTGKbm7wnDLSZ5ek1-6Gvc/getUpdates "HTTP/1.1 200 OK"
2025-12-10 22:58:25,991 INFO HTTP Request: POST https://api.telegram.org/bot8428323516:AAElzjmSPfUeCoTGKbm7wnDLSZ5ek1-6Gvc/getUpdates "HTTP/1.1 200 OK"
2025-12-10 22:58:29,486 INFO HTTP Request: POST https://api.telegram.org/bot8428323516:AAElzjmSPfUeCoTGKbm7wnDLSZ5ek1-6Gvc/getUpdates "HTTP/1.1 200 OK"
2025-12-10 22:58:29,488 INFO Comando /start recibido del CHAT_ID: 1943663667
2025-12-10 22:58:30,232 INFO HTTP Request: POST https://api.telegram.org/bot8428323516:AAElzjmSPfUeCoTGKbm7wnDLSZ5ek1-6Gvc/sendMessage "HTTP/1.1 200 OK"
2025-12-10 22:58:33,882 INFO HTTP Request: POST https://api.telegram.org/bot8428323516:AAElzjmSPfUeCoTGKbm7wnDLSZ5ek1-6Gvc/getUpdates "HTTP/1.1 200 OK"
2025-12-10 22:58:34,097 INFO Running job "_email_job (trigger: interval[0:01:00], next run at: 2025-12-11 03:59:34 UTC)" (scheduled at 2025-12-11 03:58:34.089927+00:00)
2025-12-10 22:58:34,153 INFO HTTP Request: POST https://api.telegram.org/bot8428323516:AAElzjmSPfUeCoTGKbm7wnDLSZ5ek1-6Gvc/answerCallbackQuery "HTTP/1.1 200 OK"
2025-12-10 22:58:34,434 INFO HTTP Request: POST https://api.telegram.org/bot8428323516:AAElzjmSPfUeCoTGKbm7wnDLSZ5ek1-6Gvc/sendMessage "HTTP/1.1 200 OK"
2025-12-10 22:58:34,943 INFO Job "_email_job (trigger: interval[0:01:00], next run at: 2025-12-11 03:59:34 UTC)" executed successfully
2025-12-10 22:58:35,575 INFO HTTP Request: POST https://api.telegram.org/bot8428323516:AAElzjmSPfUeCoTGKbm7wnDLSZ5ek1-6Gvc/getUpdates "HTTP/1.1 200 OK"
2025-12-10 22:58:35,846 INFO HTTP Request: POST https://api.telegram.org/bot8428323516:AAElzjmSPfUeCoTGKbm7wnDLSZ5ek1-6Gvc/answerCallbackQuery "HTTP/1.1 200 OK"
2025-12-10 22:58:36,127 INFO HTTP Request: POST https://api.telegram.org/bot8428323516:AAElzjmSPfUeCoTGKbm7wnDLSZ5ek1-6Gvc/sendMessage "HTTP/1.1 200 OK"
2025-12-10 22:58:43,390 INFO HTTP Request: POST https://api.telegram.org/bot8428323516:AAElzjmSPfUeCoTGKbm7wnDLSZ5ek1-6Gvc/getUpdates "HTTP/1.1 200 OK"
2025-12-10 22:58:53,548 INFO HTTP Request: POST https://api.telegram.org/bot8428323516:AAElzjmSPfUeCoTGKbm7wnDLSZ5ek1-6Gvc/getUpdates "HTTP/1.1 200 OK"
2025-12-11 22:23:57,558 WARNING ⚠️ Usando CHAT_ID por defecto (1943663667).
2025-12-11 22:23:57,565 INFO Adding job tentatively -- it will be properly scheduled when the scheduler starts
2025-12-11 22:23:58,130 INFO HTTP Request: POST https://api.telegram.org/bot8428323516:AAElzjmSPfUeCoTGKbm7wnDLSZ5ek1-6Gvc/getMe "HTTP/1.1 200 OK"
2025-12-11 22:23:58,276 INFO HTTP Request: POST https://api.telegram.org/bot8428323516:AAElzjmSPfUeCoTGKbm7wnDLSZ5ek1-6Gvc/deleteWebhook "HTTP/1.1 200 OK"
2025-12-11 22:23:58,278 INFO Added job "_email_job" to job store "default"
2025-12-11 22:23:58,278 INFO Scheduler started
2025-12-11 22:23:58,278 INFO Application started
2025-12-11 22:24:08,716 INFO HTTP Request: POST https://api.telegram.org/bot8428323516:AAElzjmSPfUeCoTGKbm7wnDLSZ5ek1-6Gvc/getUpdates "HTTP/1.1 200 OK"
2025-12-11 22:24:18,865 INFO HTTP Request: POST https://api.telegram.org/bot8428323516:AAElzjmSPfUeCoTGKbm7wnDLSZ5ek1-6Gvc/getUpdates "HTTP/1.1 200 OK"
2025-12-11 22:24:29,012 INFO HTTP Request: POST https://api.telegram.org/bot8428323516:AAElzjmSPfUeCoTGKbm7wnDLSZ5ek1-6Gvc/getUpdates "HTTP/1.1 200 OK"
2025-12-11 22:24:39,160 INFO HTTP Request: POST https://api.telegram.org/bot8428323516:AAElzjmSPfUeCoTGKbm7wnDLSZ5ek1-6Gvc/getUpdates "HTTP/1.1 200 OK"
2025-12-11 22:24:49,307 INFO HTTP Request: POST https://api.telegram.org/bot8428323516:AAElzjmSPfUeCoTGKbm7wnDLSZ5ek1-6Gvc/getUpdates "HTTP/1.1 200 OK"
2025-12-11 22:24:57,581 INFO Running job "_email_job (trigger: interval[0:01:00], next run at: 2025-12-12 03:25:57 UTC)" (scheduled at 2025-12-12 03:24:57.564658+00:00)
2025-12-11 22:24:58,402 INFO Job "_email_job (trigger: interval[0:01:00], next run at: 2025-12-12 03:25:57 UTC)" executed successfully
2025-12-11 22:24:59,455 INFO HTTP Request: POST https://api.telegram.org/bot8428323516:AAElzjmSPfUeCoTGKbm7wnDLSZ5ek1-6Gvc/getUpdates "HTTP/1.1 200 OK"
2025-12-11 22:25:09,604 INFO HTTP Request: POST https://api.telegram.org/bot8428323516:AAElzjmSPfUeCoTGKbm7wnDLSZ5ek1-6Gvc/getUpdates "HTTP/1.1 200 OK"
2025-12-11 22:25:12,910 INFO HTTP Request: POST https://api.telegram.org/bot8428323516:AAElzjmSPfUeCoTGKbm7wnDLSZ5ek1-6Gvc/getUpdates "HTTP/1.1 200 OK"
2025-12-11 22:25:12,912 INFO Comando /start recibido del CHAT_ID: 1943663667
2025-12-11 22:25:13,596 INFO HTTP Request: POST https://api.telegram.org/bot8428323516:AAElzjmSPfUeCoTGKbm7wnDLSZ5ek1-6Gvc/sendMessage "HTTP/1.1 200 OK"
2025-12-11 22:25:15,769 INFO HTTP Request: POST https://api.telegram.org/bot8428323516:AAElzjmSPfUeCoTGKbm7wnDLSZ5ek1-6Gvc/getUpdates "HTTP/1.1 200 OK"
2025-12-11 22:25:16,063 INFO HTTP Request: POST https://api.telegram.org/bot8428323516:AAElzjmSPfUeCoTGKbm7wnDLSZ5ek1-6Gvc/answerCallbackQuery "HTTP/1.1 200 OK"
2025-12-11 22:25:16,338 INFO HTTP Request: POST https://api.telegram.org/bot8428323516:AAElzjmSPfUeCoTGKbm7wnDLSZ5ek1-6Gvc/sendMessage "HTTP/1.1 200 OK"
2025-12-11 22:25:20,255 INFO HTTP Request: POST https://api.telegram.org/bot8428323516:AAElzjmSPfUeCoTGKbm7wnDLSZ5ek1-6Gvc/getUpdates "HTTP/1.1 200 OK"
2025-12-11 22:25:20,529 INFO HTTP Request: POST https://api.telegram.org/bot8428323516:AAElzjmSPfUeCoTGKbm7wnDLSZ5ek1-6Gvc/answerCallbackQuery "HTTP/1.1 200 OK"
2025-12-11 22:25:21,168 INFO HTTP Request: POST https://api.telegram.org/bot8428323516:AAElzjmSPfUeCoTGKbm7wnDLSZ5ek1-6Gvc/sendMessage "HTTP/1.1 200 OK"
2025-12-11 22:25:29,781 INFO HTTP Request: POST https://api.telegram.org/bot8428323516:AAElzjmSPfUeCoTGKbm7wnDLSZ5ek1-6Gvc/getUpdates "HTTP/1.1 200 OK"
2025-12-11 22:25:30,344 INFO HTTP Request: POST https://api.telegram.org/bot8428323516:AAElzjmSPfUeCoTGKbm7wnDLSZ5ek1-6Gvc/answerCallbackQuery "HTTP/1.1 200 OK"
2025-12-11 22:25:30,632 INFO HTTP Request: POST https://api.telegram.org/bot8428323516:AAElzjmSPfUeCoTGKbm7wnDLSZ5ek1-6Gvc/sendMessage "HTTP/1.1 200 OK"
2025-12-11 22:25:34,979 INFO HTTP Request: POST https://api.telegram.org/bot8428323516:AAElzjmSPfUeCoTGKbm7wnDLSZ5ek1-6Gvc/getUpdates "HTTP/1.1 200 OK"
2025-12-11 22:25:35,245 INFO HTTP Request: POST https://api.telegram.org/bot8428323516:AAElzjmSPfUeCoTGKbm7wnDLSZ5ek1-6Gvc/answerCallbackQuery "HTTP/1.1 200 OK"
2025-12-11 22:25:35,527 INFO HTTP Request: POST https://api.telegram.org/bot8428323516:AAElzjmSPfUeCoTGKbm7wnDLSZ5ek1-6Gvc/sendMessage "HTTP/1.1 200 OK"
2025-12-11 22:25:38,350 INFO HTTP Request: POST https://api.telegram.org/bot8428323516:AAElzjmSPfUeCoTGKbm7wnDLSZ5ek1-6Gvc/getUpdates "HTTP/1.1 200 OK"
2025-12-11 22:25:38,617 INFO HTTP Request: POST https://api.telegram.org/bot8428323516:AAElzjmSPfUeCoTGKbm7wnDLSZ5ek1-6Gvc/answerCallbackQuery "HTTP/1.1 200 OK"
2025-12-11 22:25:38,894 INFO HTTP Request: POST https://api.telegram.org/bot8428323516:AAElzjmSPfUeCoTGKbm7wnDLSZ5ek1-6Gvc/sendMessage "HTTP/1.1 200 OK"
2025-12-11 22:25:39,892 INFO HTTP Request: POST https://api.telegram.org/bot8428323516:AAElzjmSPfUeCoTGKbm7wnDLSZ5ek1-6Gvc/getUpdates "HTTP/1.1 200 OK"
2025-12-11 22:25:40,160 INFO HTTP Request: POST https://api.telegram.org/bot8428323516:AAElzjmSPfUeCoTGKbm7wnDLSZ5ek1-6Gvc/answerCallbackQuery "HTTP/1.1 200 OK"
2025-12-11 22:25:40,440 INFO HTTP Request: POST https://api.telegram.org/bot8428323516:AAElzjmSPfUeCoTGKbm7wnDLSZ5ek1-6Gvc/sendMessage "HTTP/1.1 200 OK"
2025-12-11 22:25:46,980 INFO HTTP Request: POST https://api.telegram.org/bot8428323516:AAElzjmSPfUeCoTGKbm7wnDLSZ5ek1-6Gvc/getUpdates "HTTP/1.1 200 OK"
2025-12-11 22:25:47,599 INFO HTTP Request: POST https://api.telegram.org/bot8428323516:AAElzjmSPfUeCoTGKbm7wnDLSZ5ek1-6Gvc/sendMessage "HTTP/1.1 200 OK"
2025-12-11 22:25:57,129 INFO HTTP Request: POST https://api.telegram.org/bot8428323516:AAElzjmSPfUeCoTGKbm7wnDLSZ5ek1-6Gvc/getUpdates "HTTP/1.1 200 OK"
2025-12-11 22:25:57,571 INFO Running job "_email_job (trigger: interval[0:01:00], next run at: 2025-12-12 03:26:57 UTC)" (scheduled at 2025-12-12 03:25:57.564658+00:00)
2025-12-11 22:25:58,204 INFO Job "_email_job (trigger: interval[0:01:00], next run at: 2025-12-12 03:26:57 UTC)" executed successfully
2025-12-11 22:26:07,277 INFO HTTP Request: POST https://api.telegram.org/bot8428323516:AAElzjmSPfUeCoTGKbm7wnDLSZ5ek1-6Gvc/getUpdates "HTTP/1.1 200 OK"
2025-12-11 22:26:17,425 INFO HTTP Request: POST https://api.telegram.org/bot8428323516:AAElzjmSPfUeCoTGKbm7wnDLSZ5ek1-6Gvc/getUpdates "HTTP/1.1 200 OK"
2025-12-11 22:26:27,572 INFO HTTP Request: POST https://api.telegram.org/bot8428323516:AAElzjmSPfUeCoTGKbm7wnDLSZ5ek1-6Gvc/getUpdates "HTTP/1.1 200 OK"
2025-12-11 22:26:37,720 INFO HTTP Request: POST https://api.telegram.org/bot8428323516:AAElzjmSPfUeCoTGKbm7wnDLSZ5ek1-6Gvc/getUpdates "HTTP/1.1 200 OK"
2025-12-11 22:26:37,877 INFO HTTP Request: POST https://api.telegram.org/bot8428323516:AAElzjmSPfUeCoTGKbm7wnDLSZ5ek1-6Gvc/getUpdates "HTTP/1.1 200 OK"
2025-12-11 22:26:38,548 INFO HTTP Request: POST https://api.telegram.org/bot8428323516:AAElzjmSPfUeCoTGKbm7wnDLSZ5ek1-6Gvc/answerCallbackQuery "HTTP/1.1 200 OK"
2025-12-11 22:26:38,829 INFO HTTP Request: POST https://api.telegram.org/bot8428323516:AAElzjmSPfUeCoTGKbm7wnDLSZ5ek1-6Gvc/editMessageText "HTTP/1.1 200 OK"
2025-12-11 22:26:39,115 INFO HTTP Request: POST https://api.telegram.org/bot8428323516:AAElzjmSPfUeCoTGKbm7wnDLSZ5ek1-6Gvc/sendMessage "HTTP/1.1 200 OK"
2025-12-11 22:26:42,139 INFO HTTP Request: POST https://api.telegram.org/bot8428323516:AAElzjmSPfUeCoTGKbm7wnDLSZ5ek1-6Gvc/getUpdates "HTTP/1.1 200 OK"
2025-12-11 22:26:42,409 INFO HTTP Request: POST https://api.telegram.org/bot8428323516:AAElzjmSPfUeCoTGKbm7wnDLSZ5ek1-6Gvc/answerCallbackQuery "HTTP/1.1 200 OK"
2025-12-11 22:26:42,686 INFO HTTP Request: POST https://api.telegram.org/bot8428323516:AAElzjmSPfUeCoTGKbm7wnDLSZ5ek1-6Gvc/editMessageText "HTTP/1.1 200 OK"
2025-12-11 22:26:47,251 INFO HTTP Request: POST https://api.telegram.org/bot8428323516:AAElzjmSPfUeCoTGKbm7wnDLSZ5ek1-6Gvc/getUpdates "HTTP/1.1 200 OK"
2025-12-11 22:26:47,523 INFO HTTP Request: POST https://api.telegram.org/bot8428323516:AAElzjmSPfUeCoTGKbm7wnDLSZ5ek1-6Gvc/answerCallbackQuery "HTTP/1.1 200 OK"
2025-12-11 22:26:47,803 INFO HTTP Request: POST https://api.telegram.org/bot8428323516:AAElzjmSPfUeCoTGKbm7wnDLSZ5ek1-6Gvc/sendMessage "HTTP/1.1 200 OK"
2025-12-11 22:26:49,541 INFO HTTP Request: POST https://api.telegram.org/bot8428323516:AAElzjmSPfUeCoTGKbm7wnDLSZ5ek1-6Gvc/getUpdates "HTTP/1.1 200 OK"
2025-12-11 22:26:49,811 INFO HTTP Request: POST https://api.telegram.org/bot8428323516:AAElzjmSPfUeCoTGKbm7wnDLSZ5ek1-6Gvc/answerCallbackQuery "HTTP/1.1 200 OK"
2025-12-11 22:26:50,106 INFO HTTP Request: POST https://api.telegram.org/bot8428323516:AAElzjmSPfUeCoTGKbm7wnDLSZ5ek1-6Gvc/sendMessage "HTTP/1.1 200 OK"
2025-12-11 22:26:52,399 INFO HTTP Request: POST https://api.telegram.org/bot8428323516:AAElzjmSPfUeCoTGKbm7wnDLSZ5ek1-6Gvc/getUpdates "HTTP/1.1 200 OK"
2025-12-11 22:26:52,669 INFO HTTP Request: POST https://api.telegram.org/bot8428323516:AAElzjmSPfUeCoTGKbm7wnDLSZ5ek1-6Gvc/answerCallbackQuery "HTTP/1.1 200 OK"
2025-12-11 22:26:52,670 INFO Comando /start recibido del CHAT_ID: 1943663667
2025-12-11 22:26:52,951 INFO HTTP Request: POST https://api.telegram.org/bot8428323516:AAElzjmSPfUeCoTGKbm7wnDLSZ5ek1-6Gvc/sendMessage "HTTP/1.1 200 OK"
2025-12-11 22:26:54,458 INFO HTTP Request: POST https://api.telegram.org/bot8428323516:AAElzjmSPfUeCoTGKbm7wnDLSZ5ek1-6Gvc/getUpdates "HTTP/1.1 200 OK"
2025-12-11 22:26:54,728 INFO HTTP Request: POST https://api.telegram.org/bot8428323516:AAElzjmSPfUeCoTGKbm7wnDLSZ5ek1-6Gvc/answerCallbackQuery "HTTP/1.1 200 OK"
2025-12-11 22:26:55,011 INFO HTTP Request: POST https://api.telegram.org/bot8428323516:AAElzjmSPfUeCoTGKbm7wnDLSZ5ek1-6Gvc/sendMessage "HTTP/1.1 200 OK"
2025-12-11 22:26:57,189 INFO HTTP Request: POST https://api.telegram.org/bot8428323516:AAElzjmSPfUeCoTGKbm7wnDLSZ5ek1-6Gvc/getUpdates "HTTP/1.1 200 OK"
2025-12-11 22:26:57,462 INFO HTTP Request: POST https://api.telegram.org/bot8428323516:AAElzjmSPfUeCoTGKbm7wnDLSZ5ek1-6Gvc/answerCallbackQuery "HTTP/1.1 200 OK"
2025-12-11 22:26:57,571 INFO Running job "_email_job (trigger: interval[0:01:00], next run at: 2025-12-12 03:27:57 UTC)" (scheduled at 2025-12-12 03:26:57.564658+00:00)
2025-12-11 22:26:57,745 INFO HTTP Request: POST https://api.telegram.org/bot8428323516:AAElzjmSPfUeCoTGKbm7wnDLSZ5ek1-6Gvc/sendMessage "HTTP/1.1 200 OK"
2025-12-11 22:26:58,072 INFO HTTP Request: POST https://api.telegram.org/bot8428323516:AAElzjmSPfUeCoTGKbm7wnDLSZ5ek1-6Gvc/sendMessage "HTTP/1.1 200 OK"
2025-12-11 22:26:58,169 INFO Job "_email_job (trigger: interval[0:01:00], next run at: 2025-12-12 03:27:57 UTC)" executed successfully
2025-12-11 22:27:07,340 INFO HTTP Request: POST https://api.telegram.org/bot8428323516:AAElzjmSPfUeCoTGKbm7wnDLSZ5ek1-6Gvc/getUpdates "HTTP/1.1 200 OK"
2025-12-11 22:27:17,487 INFO HTTP Request: POST https://api.telegram.org/bot8428323516:AAElzjmSPfUeCoTGKbm7wnDLSZ5ek1-6Gvc/getUpdates "HTTP/1.1 200 OK"
2025-12-11 22:27:27,635 INFO HTTP Request: POST https://api.telegram.org/bot8428323516:AAElzjmSPfUeCoTGKbm7wnDLSZ5ek1-6Gvc/getUpdates "HTTP/1.1 200 OK"
2025-12-11 22:27:31,768 INFO HTTP Request: POST https://api.telegram.org/bot8428323516:AAElzjmSPfUeCoTGKbm7wnDLSZ5ek1-6Gvc/getUpdates "HTTP/1.1 200 OK"
2025-12-11 22:27:32,403 INFO HTTP Request: POST https://api.telegram.org/bot8428323516:AAElzjmSPfUeCoTGKbm7wnDLSZ5ek1-6Gvc/answerCallbackQuery "HTTP/1.1 200 OK"
2025-12-11 22:27:32,405 INFO Comando /start recibido del CHAT_ID: 1943663667
2025-12-11 22:27:32,678 INFO HTTP Request: POST https://api.telegram.org/bot8428323516:AAElzjmSPfUeCoTGKbm7wnDLSZ5ek1-6Gvc/sendMessage "HTTP/1.1 200 OK"
2025-12-11 22:30:38,737 WARNING ⚠️ Usando CHAT_ID por defecto (1943663667).
2025-12-11 22:30:38,742 INFO Adding job tentatively -- it will be properly scheduled when the scheduler starts
2025-12-11 22:30:39,319 INFO HTTP Request: POST https://api.telegram.org/bot8428323516:AAElzjmSPfUeCoTGKbm7wnDLSZ5ek1-6Gvc/getMe "HTTP/1.1 200 OK"
2025-12-11 22:30:39,471 INFO HTTP Request: POST https://api.telegram.org/bot8428323516:AAElzjmSPfUeCoTGKbm7wnDLSZ5ek1-6Gvc/deleteWebhook "HTTP/1.1 200 OK"
2025-12-11 22:30:39,474 INFO Added job "_email_job" to job store "default"
2025-12-11 22:30:39,474 INFO Scheduler started
2025-12-11 22:30:39,474 INFO Application started
2025-12-11 22:30:39,907 INFO HTTP Request: POST https://api.telegram.org/bot8428323516:AAElzjmSPfUeCoTGKbm7wnDLSZ5ek1-6Gvc/getUpdates "HTTP/1.1 200 OK"
2025-12-11 22:30:40,178 INFO HTTP Request: POST https://api.telegram.org/bot8428323516:AAElzjmSPfUeCoTGKbm7wnDLSZ5ek1-6Gvc/answerCallbackQuery "HTTP/1.1 200 OK"
2025-12-11 22:30:40,464 INFO HTTP Request: POST https://api.telegram.org/bot8428323516:AAElzjmSPfUeCoTGKbm7wnDLSZ5ek1-6Gvc/sendMessage "HTTP/1.1 200 OK"
2025-12-11 22:30:40,747 INFO HTTP Request: POST https://api.telegram.org/bot8428323516:AAElzjmSPfUeCoTGKbm7wnDLSZ5ek1-6Gvc/sendMessage "HTTP/1.1 200 OK"
2025-12-11 22:30:41,033 INFO HTTP Request: POST https://api.telegram.org/bot8428323516:AAElzjmSPfUeCoTGKbm7wnDLSZ5ek1-6Gvc/sendMessage "HTTP/1.1 200 OK"
2025-12-11 22:30:41,369 INFO HTTP Request: POST https://api.telegram.org/bot8428323516:AAElzjmSPfUeCoTGKbm7wnDLSZ5ek1-6Gvc/sendMessage "HTTP/1.1 200 OK"
2025-12-11 22:30:41,663 INFO HTTP Request: POST https://api.telegram.org/bot8428323516:AAElzjmSPfUeCoTGKbm7wnDLSZ5ek1-6Gvc/sendMessage "HTTP/1.1 200 OK"
2025-12-11 22:30:41,947 INFO HTTP Request: POST https://api.telegram.org/bot8428323516:AAElzjmSPfUeCoTGKbm7wnDLSZ5ek1-6Gvc/sendMessage "HTTP/1.1 200 OK"
2025-12-11 22:30:47,024 INFO HTTP Request: POST https://api.telegram.org/bot8428323516:AAElzjmSPfUeCoTGKbm7wnDLSZ5ek1-6Gvc/getUpdates "HTTP/1.1 200 OK"
2025-12-11 22:30:47,596 INFO HTTP Request: POST https://api.telegram.org/bot8428323516:AAElzjmSPfUeCoTGKbm7wnDLSZ5ek1-6Gvc/answerCallbackQuery "HTTP/1.1 200 OK"
2025-12-11 22:30:47,884 INFO HTTP Request: POST https://api.telegram.org/bot8428323516:AAElzjmSPfUeCoTGKbm7wnDLSZ5ek1-6Gvc/sendMessage "HTTP/1.1 200 OK"
2025-12-11 22:30:57,171 INFO HTTP Request: POST https://api.telegram.org/bot8428323516:AAElzjmSPfUeCoTGKbm7wnDLSZ5ek1-6Gvc/getUpdates "HTTP/1.1 200 OK"
2025-12-11 22:30:58,393 INFO HTTP Request: POST https://api.telegram.org/bot8428323516:AAElzjmSPfUeCoTGKbm7wnDLSZ5ek1-6Gvc/getUpdates "HTTP/1.1 200 OK"
2025-12-11 22:30:59,052 INFO HTTP Request: POST https://api.telegram.org/bot8428323516:AAElzjmSPfUeCoTGKbm7wnDLSZ5ek1-6Gvc/answerCallbackQuery "HTTP/1.1 200 OK"
2025-12-11 22:30:59,330 INFO HTTP Request: POST https://api.telegram.org/bot8428323516:AAElzjmSPfUeCoTGKbm7wnDLSZ5ek1-6Gvc/sendMessage "HTTP/1.1 200 OK"
2025-12-11 22:30:59,752 INFO HTTP Request: POST https://api.telegram.org/bot8428323516:AAElzjmSPfUeCoTGKbm7wnDLSZ5ek1-6Gvc/sendMessage "HTTP/1.1 200 OK"
2025-12-11 22:31:08,542 INFO HTTP Request: POST https://api.telegram.org/bot8428323516:AAElzjmSPfUeCoTGKbm7wnDLSZ5ek1-6Gvc/getUpdates "HTTP/1.1 200 OK"
2025-12-11 22:31:18,687 INFO HTTP Request: POST https://api.telegram.org/bot8428323516:AAElzjmSPfUeCoTGKbm7wnDLSZ5ek1-6Gvc/getUpdates "HTTP/1.1 200 OK"
2025-12-11 22:31:28,834 INFO HTTP Request: POST https://api.telegram.org/bot8428323516:AAElzjmSPfUeCoTGKbm7wnDLSZ5ek1-6Gvc/getUpdates "HTTP/1.1 200 OK"
2025-12-11 22:31:38,757 INFO Running job "_email_job (trigger: interval[0:01:00], next run at: 2025-12-12 03:32:38 UTC)" (scheduled at 2025-12-12 03:31:38.741112+00:00)
2025-12-11 22:31:38,980 INFO HTTP Request: POST https://api.telegram.org/bot8428323516:AAElzjmSPfUeCoTGKbm7wnDLSZ5ek1-6Gvc/getUpdates "HTTP/1.1 200 OK"
2025-12-11 22:31:39,519 INFO Job "_email_job (trigger: interval[0:01:00], next run at: 2025-12-12 03:32:38 UTC)" executed successfully
2025-12-11 22:31:49,125 INFO HTTP Request: POST https://api.telegram.org/bot8428323516:AAElzjmSPfUeCoTGKbm7wnDLSZ5ek1-6Gvc/getUpdates "HTTP/1.1 200 OK"
2025-12-11 22:31:59,271 INFO HTTP Request: POST https://api.telegram.org/bot8428323516:AAElzjmSPfUeCoTGKbm7wnDLSZ5ek1-6Gvc/getUpdates "HTTP/1.1 200 OK"
2025-12-11 22:32:09,419 INFO HTTP Request: POST https://api.telegram.org/bot8428323516:AAElzjmSPfUeCoTGKbm7wnDLSZ5ek1-6Gvc/getUpdates "HTTP/1.1 200 OK"
2025-12-11 22:32:19,566 INFO HTTP Request: POST https://api.telegram.org/bot8428323516:AAElzjmSPfUeCoTGKbm7wnDLSZ5ek1-6Gvc/getUpdates "HTTP/1.1 200 OK"
2025-12-11 22:32:29,712 INFO HTTP Request: POST https://api.telegram.org/bot8428323516:AAElzjmSPfUeCoTGKbm7wnDLSZ5ek1-6Gvc/getUpdates "HTTP/1.1 200 OK"
2025-12-11 22:32:38,746 INFO Running job "_email_job (trigger: interval[0:01:00], next run at: 2025-12-12 03:33:38 UTC)" (scheduled at 2025-12-12 03:32:38.741112+00:00)
2025-12-11 22:32:39,370 INFO Job "_email_job (trigger: interval[0:01:00], next run at: 2025-12-12 03:33:38 UTC)" executed successfully
2025-12-11 22:32:39,858 INFO HTTP Request: POST https://api.telegram.org/bot8428323516:AAElzjmSPfUeCoTGKbm7wnDLSZ5ek1-6Gvc/getUpdates "HTTP/1.1 200 OK"
2025-12-11 22:32:50,004 INFO HTTP Request: POST https://api.telegram.org/bot8428323516:AAElzjmSPfUeCoTGKbm7wnDLSZ5ek1-6Gvc/getUpdates "HTTP/1.1 200 OK"
2025-12-11 22:33:00,151 INFO HTTP Request: POST https://api.telegram.org/bot8428323516:AAElzjmSPfUeCoTGKbm7wnDLSZ5ek1-6Gvc/getUpdates "HTTP/1.1 200 OK"
2025-12-11 22:33:10,297 INFO HTTP Request: POST https://api.telegram.org/bot8428323516:AAElzjmSPfUeCoTGKbm7wnDLSZ5ek1-6Gvc/getUpdates "HTTP/1.1 200 OK"
2025-12-11 22:33:20,443 INFO HTTP Request: POST https://api.telegram.org/bot8428323516:AAElzjmSPfUeCoTGKbm7wnDLSZ5ek1-6Gvc/getUpdates "HTTP/1.1 200 OK"
2025-12-11 22:33:30,588 INFO HTTP Request: POST https://api.telegram.org/bot8428323516:AAElzjmSPfUeCoTGKbm7wnDLSZ5ek1-6Gvc/getUpdates "HTTP/1.1 200 OK"
2025-12-11 22:33:38,742 INFO Running job "_email_job (trigger: interval[0:01:00], next run at: 2025-12-12 03:34:38 UTC)" (scheduled at 2025-12-12 03:33:38.741112+00:00)
2025-12-11 22:33:39,467 INFO Job "_email_job (trigger: interval[0:01:00], next run at: 2025-12-12 03:34:38 UTC)" executed successfully
2025-12-11 22:33:40,734 INFO HTTP Request: POST https://api.telegram.org/bot8428323516:AAElzjmSPfUeCoTGKbm7wnDLSZ5ek1-6Gvc/getUpdates "HTTP/1.1 200 OK"
2025-12-11 22:33:50,880 INFO HTTP Request: POST https://api.telegram.org/bot8428323516:AAElzjmSPfUeCoTGKbm7wnDLSZ5ek1-6Gvc/getUpdates "HTTP/1.1 200 OK"
2025-12-11 22:34:01,026 INFO HTTP Request: POST https://api.telegram.org/bot8428323516:AAElzjmSPfUeCoTGKbm7wnDLSZ5ek1-6Gvc/getUpdates "HTTP/1.1 200 OK"
2025-12-11 22:34:11,177 INFO HTTP Request: POST https://api.telegram.org/bot8428323516:AAElzjmSPfUeCoTGKbm7wnDLSZ5ek1-6Gvc/getUpdates "HTTP/1.1 200 OK"
2025-12-11 22:34:21,323 INFO HTTP Request: POST https://api.telegram.org/bot8428323516:AAElzjmSPfUeCoTGKbm7wnDLSZ5ek1-6Gvc/getUpdates "HTTP/1.1 200 OK"
2025-12-11 22:34:31,468 INFO HTTP Request: POST https://api.telegram.org/bot8428323516:AAElzjmSPfUeCoTGKbm7wnDLSZ5ek1-6Gvc/getUpdates "HTTP/1.1 200 OK"
2025-12-11 22:34:38,754 INFO Running job "_email_job (trigger: interval[0:01:00], next run at: 2025-12-12 03:35:38 UTC)" (scheduled at 2025-12-12 03:34:38.741112+00:00)
2025-12-11 22:34:39,417 INFO Job "_email_job (trigger: interval[0:01:00], next run at: 2025-12-12 03:35:38 UTC)" executed successfully
2025-12-11 22:34:41,614 INFO HTTP Request: POST https://api.telegram.org/bot8428323516:AAElzjmSPfUeCoTGKbm7wnDLSZ5ek1-6Gvc/getUpdates "HTTP/1.1 200 OK"
2025-12-11 22:34:51,760 INFO HTTP Request: POST https://api.telegram.org/bot8428323516:AAElzjmSPfUeCoTGKbm7wnDLSZ5ek1-6Gvc/getUpdates "HTTP/1.1 200 OK"
2025-12-11 22:35:01,907 INFO HTTP Request: POST https://api.telegram.org/bot8428323516:AAElzjmSPfUeCoTGKbm7wnDLSZ5ek1-6Gvc/getUpdates "HTTP/1.1 200 OK"
2025-12-11 22:35:12,053 INFO HTTP Request: POST https://api.telegram.org/bot8428323516:AAElzjmSPfUeCoTGKbm7wnDLSZ5ek1-6Gvc/getUpdates "HTTP/1.1 200 OK"
2025-12-11 22:35:22,199 INFO HTTP Request: POST https://api.telegram.org/bot8428323516:AAElzjmSPfUeCoTGKbm7wnDLSZ5ek1-6Gvc/getUpdates "HTTP/1.1 200 OK"
2025-12-11 22:35:32,344 INFO HTTP Request: POST https://api.telegram.org/bot8428323516:AAElzjmSPfUeCoTGKbm7wnDLSZ5ek1-6Gvc/getUpdates "HTTP/1.1 200 OK"
2025-12-11 22:35:38,744 INFO Running job "_email_job (trigger: interval[0:01:00], next run at: 2025-12-12 03:36:38 UTC)" (scheduled at 2025-12-12 03:35:38.741112+00:00)
2025-12-11 22:35:39,435 INFO Job "_email_job (trigger: interval[0:01:00], next run at: 2025-12-12 03:36:38 UTC)" executed successfully
2025-12-11 22:35:42,490 INFO HTTP Request: POST https://api.telegram.org/bot8428323516:AAElzjmSPfUeCoTGKbm7wnDLSZ5ek1-6Gvc/getUpdates "HTTP/1.1 200 OK"
2025-12-11 22:35:52,636 INFO HTTP Request: POST https://api.telegram.org/bot8428323516:AAElzjmSPfUeCoTGKbm7wnDLSZ5ek1-6Gvc/getUpdates "HTTP/1.1 200 OK"
2025-12-11 22:36:02,782 INFO HTTP Request: POST https://api.telegram.org/bot8428323516:AAElzjmSPfUeCoTGKbm7wnDLSZ5ek1-6Gvc/getUpdates "HTTP/1.1 200 OK"
2025-12-11 22:36:12,927 INFO HTTP Request: POST https://api.telegram.org/bot8428323516:AAElzjmSPfUeCoTGKbm7wnDLSZ5ek1-6Gvc/getUpdates "HTTP/1.1 200 OK"
2025-12-11 22:36:23,073 INFO HTTP Request: POST https://api.telegram.org/bot8428323516:AAElzjmSPfUeCoTGKbm7wnDLSZ5ek1-6Gvc/getUpdates "HTTP/1.1 200 OK"
2025-12-11 22:36:33,218 INFO HTTP Request: POST https://api.telegram.org/bot8428323516:AAElzjmSPfUeCoTGKbm7wnDLSZ5ek1-6Gvc/getUpdates "HTTP/1.1 200 OK"
2025-12-11 22:36:38,753 INFO Running job "_email_job (trigger: interval[0:01:00], next run at: 2025-12-12 03:37:38 UTC)" (scheduled at 2025-12-12 03:36:38.741112+00:00)
2025-12-11 22:36:39,584 INFO Job "_email_job (trigger: interval[0:01:00], next run at: 2025-12-12 03:37:38 UTC)" executed successfully
2025-12-11 22:36:43,367 INFO HTTP Request: POST https://api.telegram.org/bot8428323516:AAElzjmSPfUeCoTGKbm7wnDLSZ5ek1-6Gvc/getUpdates "HTTP/1.1 200 OK"
2025-12-11 22:36:53,513 INFO HTTP Request: POST https://api.telegram.org/bot8428323516:AAElzjmSPfUeCoTGKbm7wnDLSZ5ek1-6Gvc/getUpdates "HTTP/1.1 200 OK"
2025-12-11 22:37:03,660 INFO HTTP Request: POST https://api.telegram.org/bot8428323516:AAElzjmSPfUeCoTGKbm7wnDLSZ5ek1-6Gvc/getUpdates "HTTP/1.1 200 OK"
2025-12-11 22:37:13,806 INFO HTTP Request: POST https://api.telegram.org/bot8428323516:AAElzjmSPfUeCoTGKbm7wnDLSZ5ek1-6Gvc/getUpdates "HTTP/1.1 200 OK"
2025-12-11 22:37:23,951 INFO HTTP Request: POST https://api.telegram.org/bot8428323516:AAElzjmSPfUeCoTGKbm7wnDLSZ5ek1-6Gvc/getUpdates "HTTP/1.1 200 OK"
2025-12-11 22:37:34,096 INFO HTTP Request: POST https://api.telegram.org/bot8428323516:AAElzjmSPfUeCoTGKbm7wnDLSZ5ek1-6Gvc/getUpdates "HTTP/1.1 200 OK"
2025-12-11 22:37:38,754 INFO Running job "_email_job (trigger: interval[0:01:00], next run at: 2025-12-12 03:38:38 UTC)" (scheduled at 2025-12-12 03:37:38.741112+00:00)
2025-12-11 22:37:39,348 INFO Job "_email_job (trigger: interval[0:01:00], next run at: 2025-12-12 03:38:38 UTC)" executed successfully
2025-12-11 22:37:44,242 INFO HTTP Request: POST https://api.telegram.org/bot8428323516:AAElzjmSPfUeCoTGKbm7wnDLSZ5ek1-6Gvc/getUpdates "HTTP/1.1 200 OK"
2025-12-11 22:37:54,389 INFO HTTP Request: POST https://api.telegram.org/bot8428323516:AAElzjmSPfUeCoTGKbm7wnDLSZ5ek1-6Gvc/getUpdates "HTTP/1.1 200 OK"
2025-12-11 22:38:04,535 INFO HTTP Request: POST https://api.telegram.org/bot8428323516:AAElzjmSPfUeCoTGKbm7wnDLSZ5ek1-6Gvc/getUpdates "HTTP/1.1 200 OK"
2025-12-11 22:38:14,681 INFO HTTP Request: POST https://api.telegram.org/bot8428323516:AAElzjmSPfUeCoTGKbm7wnDLSZ5ek1-6Gvc/getUpdates "HTTP/1.1 200 OK"
2025-12-11 22:38:24,826 INFO HTTP Request: POST https://api.telegram.org/bot8428323516:AAElzjmSPfUeCoTGKbm7wnDLSZ5ek1-6Gvc/getUpdates "HTTP/1.1 200 OK"
2025-12-11 22:38:34,972 INFO HTTP Request: POST https://api.telegram.org/bot8428323516:AAElzjmSPfUeCoTGKbm7wnDLSZ5ek1-6Gvc/getUpdates "HTTP/1.1 200 OK"
2025-12-11 22:38:38,750 INFO Running job "_email_job (trigger: interval[0:01:00], next run at: 2025-12-12 03:39:38 UTC)" (scheduled at 2025-12-12 03:38:38.741112+00:00)
2025-12-11 22:38:39,458 INFO Job "_email_job (trigger: interval[0:01:00], next run at: 2025-12-12 03:39:38 UTC)" executed successfully
2025-12-11 22:38:45,118 INFO HTTP Request: POST https://api.telegram.org/bot8428323516:AAElzjmSPfUeCoTGKbm7wnDLSZ5ek1-6Gvc/getUpdates "HTTP/1.1 200 OK"
2025-12-11 22:38:55,263 INFO HTTP Request: POST https://api.telegram.org/bot8428323516:AAElzjmSPfUeCoTGKbm7wnDLSZ5ek1-6Gvc/getUpdates "HTTP/1.1 200 OK"
2025-12-11 22:39:05,409 INFO HTTP Request: POST https://api.telegram.org/bot8428323516:AAElzjmSPfUeCoTGKbm7wnDLSZ5ek1-6Gvc/getUpdates "HTTP/1.1 200 OK"
2025-12-11 22:39:15,555 INFO HTTP Request: POST https://api.telegram.org/bot8428323516:AAElzjmSPfUeCoTGKbm7wnDLSZ5ek1-6Gvc/getUpdates "HTTP/1.1 200 OK"
2025-12-11 22:39:25,701 INFO HTTP Request: POST https://api.telegram.org/bot8428323516:AAElzjmSPfUeCoTGKbm7wnDLSZ5ek1-6Gvc/getUpdates "HTTP/1.1 200 OK"
2025-12-11 22:39:35,846 INFO HTTP Request: POST https://api.telegram.org/bot8428323516:AAElzjmSPfUeCoTGKbm7wnDLSZ5ek1-6Gvc/getUpdates "HTTP/1.1 200 OK"
2025-12-11 22:39:38,744 INFO Running job "_email_job (trigger: interval[0:01:00], next run at: 2025-12-12 03:40:38 UTC)" (scheduled at 2025-12-12 03:39:38.741112+00:00)
2025-12-11 22:39:39,524 INFO Job "_email_job (trigger: interval[0:01:00], next run at: 2025-12-12 03:40:38 UTC)" executed successfully
2025-12-11 22:39:45,993 INFO HTTP Request: POST https://api.telegram.org/bot8428323516:AAElzjmSPfUeCoTGKbm7wnDLSZ5ek1-6Gvc/getUpdates "HTTP/1.1 200 OK"
2025-12-11 22:39:56,138 INFO HTTP Request: POST https://api.telegram.org/bot8428323516:AAElzjmSPfUeCoTGKbm7wnDLSZ5ek1-6Gvc/getUpdates "HTTP/1.1 200 OK"
2025-12-11 22:40:06,285 INFO HTTP Request: POST https://api.telegram.org/bot8428323516:AAElzjmSPfUeCoTGKbm7wnDLSZ5ek1-6Gvc/getUpdates "HTTP/1.1 200 OK"
2025-12-11 22:40:16,432 INFO HTTP Request: POST https://api.telegram.org/bot8428323516:AAElzjmSPfUeCoTGKbm7wnDLSZ5ek1-6Gvc/getUpdates "HTTP/1.1 200 OK"
2025-12-11 22:40:26,578 INFO HTTP Request: POST https://api.telegram.org/bot8428323516:AAElzjmSPfUeCoTGKbm7wnDLSZ5ek1-6Gvc/getUpdates "HTTP/1.1 200 OK"
2025-12-11 22:40:36,724 INFO HTTP Request: POST https://api.telegram.org/bot8428323516:AAElzjmSPfUeCoTGKbm7wnDLSZ5ek1-6Gvc/getUpdates "HTTP/1.1 200 OK"
2025-12-11 22:40:38,751 INFO Running job "_email_job (trigger: interval[0:01:00], next run at: 2025-12-12 03:41:38 UTC)" (scheduled at 2025-12-12 03:40:38.741112+00:00)
2025-12-11 22:40:41,035 INFO Job "_email_job (trigger: interval[0:01:00], next run at: 2025-12-12 03:41:38 UTC)" executed successfully
2025-12-11 22:40:46,871 INFO HTTP Request: POST https://api.telegram.org/bot8428323516:AAElzjmSPfUeCoTGKbm7wnDLSZ5ek1-6Gvc/getUpdates "HTTP/1.1 200 OK"
2025-12-11 22:40:57,016 INFO HTTP Request: POST https://api.telegram.org/bot8428323516:AAElzjmSPfUeCoTGKbm7wnDLSZ5ek1-6Gvc/getUpdates "HTTP/1.1 200 OK"
2025-12-11 22:41:07,163 INFO HTTP Request: POST https://api.telegram.org/bot8428323516:AAElzjmSPfUeCoTGKbm7wnDLSZ5ek1-6Gvc/getUpdates "HTTP/1.1 200 OK"
2025-12-11 22:41:17,308 INFO HTTP Request: POST https://api.telegram.org/bot8428323516:AAElzjmSPfUeCoTGKbm7wnDLSZ5ek1-6Gvc/getUpdates "HTTP/1.1 200 OK"
2025-12-11 22:41:27,454 INFO HTTP Request: POST https://api.telegram.org/bot8428323516:AAElzjmSPfUeCoTGKbm7wnDLSZ5ek1-6Gvc/getUpdates "HTTP/1.1 200 OK"
2025-12-11 22:41:37,600 INFO HTTP Request: POST https://api.telegram.org/bot8428323516:AAElzjmSPfUeCoTGKbm7wnDLSZ5ek1-6Gvc/getUpdates "HTTP/1.1 200 OK"
2025-12-11 22:41:38,745 INFO Running job "_email_job (trigger: interval[0:01:00], next run at: 2025-12-12 03:42:38 UTC)" (scheduled at 2025-12-12 03:41:38.741112+00:00)
2025-12-11 22:41:39,466 INFO Job "_email_job (trigger: interval[0:01:00], next run at: 2025-12-12 03:42:38 UTC)" executed successfully
2025-12-11 22:41:47,746 INFO HTTP Request: POST https://api.telegram.org/bot8428323516:AAElzjmSPfUeCoTGKbm7wnDLSZ5ek1-6Gvc/getUpdates "HTTP/1.1 200 OK"
2025-12-11 22:41:57,897 INFO HTTP Request: POST https://api.telegram.org/bot8428323516:AAElzjmSPfUeCoTGKbm7wnDLSZ5ek1-6Gvc/getUpdates "HTTP/1.1 200 OK"
2025-12-11 22:42:08,044 INFO HTTP Request: POST https://api.telegram.org/bot8428323516:AAElzjmSPfUeCoTGKbm7wnDLSZ5ek1-6Gvc/getUpdates "HTTP/1.1 200 OK"
2025-12-11 22:42:18,190 INFO HTTP Request: POST https://api.telegram.org/bot8428323516:AAElzjmSPfUeCoTGKbm7wnDLSZ5ek1-6Gvc/getUpdates "HTTP/1.1 200 OK"
2025-12-11 22:42:28,336 INFO HTTP Request: POST https://api.telegram.org/bot8428323516:AAElzjmSPfUeCoTGKbm7wnDLSZ5ek1-6Gvc/getUpdates "HTTP/1.1 200 OK"
2025-12-11 22:42:38,483 INFO HTTP Request: POST https://api.telegram.org/bot8428323516:AAElzjmSPfUeCoTGKbm7wnDLSZ5ek1-6Gvc/getUpdates "HTTP/1.1 200 OK"
2025-12-11 22:42:38,750 INFO Running job "_email_job (trigger: interval[0:01:00], next run at: 2025-12-12 03:43:38 UTC)" (scheduled at 2025-12-12 03:42:38.741112+00:00)
2025-12-11 22:42:39,541 INFO Job "_email_job (trigger: interval[0:01:00], next run at: 2025-12-12 03:43:38 UTC)" executed successfully
2025-12-11 22:42:48,628 INFO HTTP Request: POST https://api.telegram.org/bot8428323516:AAElzjmSPfUeCoTGKbm7wnDLSZ5ek1-6Gvc/getUpdates "HTTP/1.1 200 OK"
2025-12-11 22:42:58,774 INFO HTTP Request: POST https://api.telegram.org/bot8428323516:AAElzjmSPfUeCoTGKbm7wnDLSZ5ek1-6Gvc/getUpdates "HTTP/1.1 200 OK"
2025-12-11 22:43:08,920 INFO HTTP Request: POST https://api.telegram.org/bot8428323516:AAElzjmSPfUeCoTGKbm7wnDLSZ5ek1-6Gvc/getUpdates "HTTP/1.1 200 OK"
2025-12-11 22:43:19,065 INFO HTTP Request: POST https://api.telegram.org/bot8428323516:AAElzjmSPfUeCoTGKbm7wnDLSZ5ek1-6Gvc/getUpdates "HTTP/1.1 200 OK"
2025-12-11 22:43:29,210 INFO HTTP Request: POST https://api.telegram.org/bot8428323516:AAElzjmSPfUeCoTGKbm7wnDLSZ5ek1-6Gvc/getUpdates "HTTP/1.1 200 OK"
2025-12-11 22:43:38,746 INFO Running job "_email_job (trigger: interval[0:01:00], next run at: 2025-12-12 03:44:38 UTC)" (scheduled at 2025-12-12 03:43:38.741112+00:00)
2025-12-11 22:43:39,336 INFO Job "_email_job (trigger: interval[0:01:00], next run at: 2025-12-12 03:44:38 UTC)" executed successfully
2025-12-11 22:43:39,355 INFO HTTP Request: POST https://api.telegram.org/bot8428323516:AAElzjmSPfUeCoTGKbm7wnDLSZ5ek1-6Gvc/getUpdates "HTTP/1.1 200 OK"
2025-12-11 22:43:49,501 INFO HTTP Request: POST https://api.telegram.org/bot8428323516:AAElzjmSPfUeCoTGKbm7wnDLSZ5ek1-6Gvc/getUpdates "HTTP/1.1 200 OK"
2025-12-11 22:43:59,647 INFO HTTP Request: POST https://api.telegram.org/bot8428323516:AAElzjmSPfUeCoTGKbm7wnDLSZ5ek1-6Gvc/getUpdates "HTTP/1.1 200 OK"
2025-12-11 22:44:09,793 INFO HTTP Request: POST https://api.telegram.org/bot8428323516:AAElzjmSPfUeCoTGKbm7wnDLSZ5ek1-6Gvc/getUpdates "HTTP/1.1 200 OK"
2025-12-11 22:44:19,939 INFO HTTP Request: POST https://api.telegram.org/bot8428323516:AAElzjmSPfUeCoTGKbm7wnDLSZ5ek1-6Gvc/getUpdates "HTTP/1.1 200 OK"
2025-12-11 22:44:30,085 INFO HTTP Request: POST https://api.telegram.org/bot8428323516:AAElzjmSPfUeCoTGKbm7wnDLSZ5ek1-6Gvc/getUpdates "HTTP/1.1 200 OK"
2025-12-11 22:44:38,754 INFO Running job "_email_job (trigger: interval[0:01:00], next run at: 2025-12-12 03:45:38 UTC)" (scheduled at 2025-12-12 03:44:38.741112+00:00)
2025-12-11 22:44:39,367 INFO Job "_email_job (trigger: interval[0:01:00], next run at: 2025-12-12 03:45:38 UTC)" executed successfully
2025-12-11 22:44:40,231 INFO HTTP Request: POST https://api.telegram.org/bot8428323516:AAElzjmSPfUeCoTGKbm7wnDLSZ5ek1-6Gvc/getUpdates "HTTP/1.1 200 OK"
2025-12-11 22:44:50,376 INFO HTTP Request: POST https://api.telegram.org/bot8428323516:AAElzjmSPfUeCoTGKbm7wnDLSZ5ek1-6Gvc/getUpdates "HTTP/1.1 200 OK"
2025-12-11 22:45:00,523 INFO HTTP Request: POST https://api.telegram.org/bot8428323516:AAElzjmSPfUeCoTGKbm7wnDLSZ5ek1-6Gvc/getUpdates "HTTP/1.1 200 OK"
2025-12-11 22:45:10,669 INFO HTTP Request: POST https://api.telegram.org/bot8428323516:AAElzjmSPfUeCoTGKbm7wnDLSZ5ek1-6Gvc/getUpdates "HTTP/1.1 200 OK"
2025-12-11 22:45:20,815 INFO HTTP Request: POST https://api.telegram.org/bot8428323516:AAElzjmSPfUeCoTGKbm7wnDLSZ5ek1-6Gvc/getUpdates "HTTP/1.1 200 OK"
2025-12-11 22:45:30,960 INFO HTTP Request: POST https://api.telegram.org/bot8428323516:AAElzjmSPfUeCoTGKbm7wnDLSZ5ek1-6Gvc/getUpdates "HTTP/1.1 200 OK"
2025-12-11 22:45:38,744 INFO Running job "_email_job (trigger: interval[0:01:00], next run at: 2025-12-12 03:46:38 UTC)" (scheduled at 2025-12-12 03:45:38.741112+00:00)
2025-12-11 22:45:39,526 INFO Job "_email_job (trigger: interval[0:01:00], next run at: 2025-12-12 03:46:38 UTC)" executed successfully
2025-12-11 22:45:41,107 INFO HTTP Request: POST https://api.telegram.org/bot8428323516:AAElzjmSPfUeCoTGKbm7wnDLSZ5ek1-6Gvc/getUpdates "HTTP/1.1 200 OK"
2025-12-11 22:45:51,253 INFO HTTP Request: POST https://api.telegram.org/bot8428323516:AAElzjmSPfUeCoTGKbm7wnDLSZ5ek1-6Gvc/getUpdates "HTTP/1.1 200 OK"
2025-12-11 22:46:01,399 INFO HTTP Request: POST https://api.telegram.org/bot8428323516:AAElzjmSPfUeCoTGKbm7wnDLSZ5ek1-6Gvc/getUpdates "HTTP/1.1 200 OK"
2025-12-11 22:46:11,545 INFO HTTP Request: POST https://api.telegram.org/bot8428323516:AAElzjmSPfUeCoTGKbm7wnDLSZ5ek1-6Gvc/getUpdates "HTTP/1.1 200 OK"
2025-12-11 22:46:21,691 INFO HTTP Request: POST https://api.telegram.org/bot8428323516:AAElzjmSPfUeCoTGKbm7wnDLSZ5ek1-6Gvc/getUpdates "HTTP/1.1 200 OK"
2025-12-11 22:46:31,837 INFO HTTP Request: POST https://api.telegram.org/bot8428323516:AAElzjmSPfUeCoTGKbm7wnDLSZ5ek1-6Gvc/getUpdates "HTTP/1.1 200 OK"
2025-12-11 22:46:38,754 INFO Running job "_email_job (trigger: interval[0:01:00], next run at: 2025-12-12 03:47:38 UTC)" (scheduled at 2025-12-12 03:46:38.741112+00:00)
2025-12-11 22:46:39,458 INFO Job "_email_job (trigger: interval[0:01:00], next run at: 2025-12-12 03:47:38 UTC)" executed successfully
2025-12-11 22:46:41,984 INFO HTTP Request: POST https://api.telegram.org/bot8428323516:AAElzjmSPfUeCoTGKbm7wnDLSZ5ek1-6Gvc/getUpdates "HTTP/1.1 200 OK"
2025-12-11 22:46:52,131 INFO HTTP Request: POST https://api.telegram.org/bot8428323516:AAElzjmSPfUeCoTGKbm7wnDLSZ5ek1-6Gvc/getUpdates "HTTP/1.1 200 OK"
2025-12-11 22:47:02,278 INFO HTTP Request: POST https://api.telegram.org/bot8428323516:AAElzjmSPfUeCoTGKbm7wnDLSZ5ek1-6Gvc/getUpdates "HTTP/1.1 200 OK"
2025-12-11 22:47:12,423 INFO HTTP Request: POST https://api.telegram.org/bot8428323516:AAElzjmSPfUeCoTGKbm7wnDLSZ5ek1-6Gvc/getUpdates "HTTP/1.1 200 OK"
2025-12-11 22:47:22,976 INFO HTTP Request: POST https://api.telegram.org/bot8428323516:AAElzjmSPfUeCoTGKbm7wnDLSZ5ek1-6Gvc/getUpdates "HTTP/1.1 200 OK"
2025-12-11 22:47:33,124 INFO HTTP Request: POST https://api.telegram.org/bot8428323516:AAElzjmSPfUeCoTGKbm7wnDLSZ5ek1-6Gvc/getUpdates "HTTP/1.1 200 OK"
2025-12-11 22:47:38,746 INFO Running job "_email_job (trigger: interval[0:01:00], next run at: 2025-12-12 03:48:38 UTC)" (scheduled at 2025-12-12 03:47:38.741112+00:00)
2025-12-11 22:47:39,330 INFO Job "_email_job (trigger: interval[0:01:00], next run at: 2025-12-12 03:48:38 UTC)" executed successfully
2025-12-11 22:47:43,270 INFO HTTP Request: POST https://api.telegram.org/bot8428323516:AAElzjmSPfUeCoTGKbm7wnDLSZ5ek1-6Gvc/getUpdates "HTTP/1.1 200 OK"
2025-12-11 22:47:53,417 INFO HTTP Request: POST https://api.telegram.org/bot8428323516:AAElzjmSPfUeCoTGKbm7wnDLSZ5ek1-6Gvc/getUpdates "HTTP/1.1 200 OK"
2025-12-11 22:48:03,564 INFO HTTP Request: POST https://api.telegram.org/bot8428323516:AAElzjmSPfUeCoTGKbm7wnDLSZ5ek1-6Gvc/getUpdates "HTTP/1.1 200 OK"
2025-12-11 22:48:13,722 INFO HTTP Request: POST https://api.telegram.org/bot8428323516:AAElzjmSPfUeCoTGKbm7wnDLSZ5ek1-6Gvc/getUpdates "HTTP/1.1 200 OK"
2025-12-11 22:48:23,869 INFO HTTP Request: POST https://api.telegram.org/bot8428323516:AAElzjmSPfUeCoTGKbm7wnDLSZ5ek1-6Gvc/getUpdates "HTTP/1.1 200 OK"
2025-12-11 22:48:34,016 INFO HTTP Request: POST https://api.telegram.org/bot8428323516:AAElzjmSPfUeCoTGKbm7wnDLSZ5ek1-6Gvc/getUpdates "HTTP/1.1 200 OK"
2025-12-11 22:48:38,742 INFO Running job "_email_job (trigger: interval[0:01:00], next run at: 2025-12-12 03:49:38 UTC)" (scheduled at 2025-12-12 03:48:38.741112+00:00)
2025-12-11 22:48:39,299 INFO Job "_email_job (trigger: interval[0:01:00], next run at: 2025-12-12 03:49:38 UTC)" executed successfully
2025-12-11 22:48:44,169 INFO HTTP Request: POST https://api.telegram.org/bot8428323516:AAElzjmSPfUeCoTGKbm7wnDLSZ5ek1-6Gvc/getUpdates "HTTP/1.1 200 OK"
2025-12-11 22:48:54,317 INFO HTTP Request: POST https://api.telegram.org/bot8428323516:AAElzjmSPfUeCoTGKbm7wnDLSZ5ek1-6Gvc/getUpdates "HTTP/1.1 200 OK"
2025-12-11 22:49:04,465 INFO HTTP Request: POST https://api.telegram.org/bot8428323516:AAElzjmSPfUeCoTGKbm7wnDLSZ5ek1-6Gvc/getUpdates "HTTP/1.1 200 OK"
2025-12-11 22:49:14,613 INFO HTTP Request: POST https://api.telegram.org/bot8428323516:AAElzjmSPfUeCoTGKbm7wnDLSZ5ek1-6Gvc/getUpdates "HTTP/1.1 200 OK"
2025-12-11 22:49:24,763 INFO HTTP Request: POST https://api.telegram.org/bot8428323516:AAElzjmSPfUeCoTGKbm7wnDLSZ5ek1-6Gvc/getUpdates "HTTP/1.1 200 OK"
2025-12-11 22:49:34,467 INFO HTTP Request: POST https://api.telegram.org/bot8428323516:AAElzjmSPfUeCoTGKbm7wnDLSZ5ek1-6Gvc/getUpdates "HTTP/1.1 200 OK"
2025-12-11 22:49:35,156 INFO HTTP Request: POST https://api.telegram.org/bot8428323516:AAElzjmSPfUeCoTGKbm7wnDLSZ5ek1-6Gvc/answerCallbackQuery "HTTP/1.1 200 OK"
2025-12-11 22:49:35,435 INFO HTTP Request: POST https://api.telegram.org/bot8428323516:AAElzjmSPfUeCoTGKbm7wnDLSZ5ek1-6Gvc/sendMessage "HTTP/1.1 200 OK"
2025-12-11 22:49:35,814 INFO HTTP Request: POST https://api.telegram.org/bot8428323516:AAElzjmSPfUeCoTGKbm7wnDLSZ5ek1-6Gvc/sendMessage "HTTP/1.1 200 OK"
2025-12-11 22:49:38,756 INFO Running job "_email_job (trigger: interval[0:01:00], next run at: 2025-12-12 03:50:38 UTC)" (scheduled at 2025-12-12 03:49:38.741112+00:00)
2025-12-11 22:49:39,456 INFO Job "_email_job (trigger: interval[0:01:00], next run at: 2025-12-12 03:50:38 UTC)" executed successfully
2025-12-11 22:49:44,616 INFO HTTP Request: POST https://api.telegram.org/bot8428323516:AAElzjmSPfUeCoTGKbm7wnDLSZ5ek1-6Gvc/getUpdates "HTTP/1.1 200 OK"
2025-12-11 22:49:54,763 INFO HTTP Request: POST https://api.telegram.org/bot8428323516:AAElzjmSPfUeCoTGKbm7wnDLSZ5ek1-6Gvc/getUpdates "HTTP/1.1 200 OK"
2025-12-11 22:50:04,910 INFO HTTP Request: POST https://api.telegram.org/bot8428323516:AAElzjmSPfUeCoTGKbm7wnDLSZ5ek1-6Gvc/getUpdates "HTTP/1.1 200 OK"
2025-12-11 22:50:15,058 INFO HTTP Request: POST https://api.telegram.org/bot8428323516:AAElzjmSPfUeCoTGKbm7wnDLSZ5ek1-6Gvc/getUpdates "HTTP/1.1 200 OK"
2025-12-11 22:50:25,205 INFO HTTP Request: POST https://api.telegram.org/bot8428323516:AAElzjmSPfUeCoTGKbm7wnDLSZ5ek1-6Gvc/getUpdates "HTTP/1.1 200 OK"
2025-12-11 22:50:35,354 INFO HTTP Request: POST https://api.telegram.org/bot8428323516:AAElzjmSPfUeCoTGKbm7wnDLSZ5ek1-6Gvc/getUpdates "HTTP/1.1 200 OK"
2025-12-11 22:50:38,751 INFO Running job "_email_job (trigger: interval[0:01:00], next run at: 2025-12-12 03:51:38 UTC)" (scheduled at 2025-12-12 03:50:38.741112+00:00)
2025-12-11 22:50:39,359 INFO Job "_email_job (trigger: interval[0:01:00], next run at: 2025-12-12 03:51:38 UTC)" executed successfully
2025-12-11 22:50:45,503 INFO HTTP Request: POST https://api.telegram.org/bot8428323516:AAElzjmSPfUeCoTGKbm7wnDLSZ5ek1-6Gvc/getUpdates "HTTP/1.1 200 OK"
2025-12-11 22:50:55,649 INFO HTTP Request: POST https://api.telegram.org/bot8428323516:AAElzjmSPfUeCoTGKbm7wnDLSZ5ek1-6Gvc/getUpdates "HTTP/1.1 200 OK"
2025-12-11 22:51:05,797 INFO HTTP Request: POST https://api.telegram.org/bot8428323516:AAElzjmSPfUeCoTGKbm7wnDLSZ5ek1-6Gvc/getUpdates "HTTP/1.1 200 OK"
2025-12-11 22:51:15,945 INFO HTTP Request: POST https://api.telegram.org/bot8428323516:AAElzjmSPfUeCoTGKbm7wnDLSZ5ek1-6Gvc/getUpdates "HTTP/1.1 200 OK"
2025-12-11 22:51:26,093 INFO HTTP Request: POST https://api.telegram.org/bot8428323516:AAElzjmSPfUeCoTGKbm7wnDLSZ5ek1-6Gvc/getUpdates "HTTP/1.1 200 OK"
2025-12-11 22:51:36,241 INFO HTTP Request: POST https://api.telegram.org/bot8428323516:AAElzjmSPfUeCoTGKbm7wnDLSZ5ek1-6Gvc/getUpdates "HTTP/1.1 200 OK"
2025-12-11 22:51:38,755 INFO Running job "_email_job (trigger: interval[0:01:00], next run at: 2025-12-12 03:52:38 UTC)" (scheduled at 2025-12-12 03:51:38.741112+00:00)
2025-12-11 22:51:39,307 INFO Job "_email_job (trigger: interval[0:01:00], next run at: 2025-12-12 03:52:38 UTC)" executed successfully
2025-12-11 22:51:46,388 INFO HTTP Request: POST https://api.telegram.org/bot8428323516:AAElzjmSPfUeCoTGKbm7wnDLSZ5ek1-6Gvc/getUpdates "HTTP/1.1 200 OK"
2025-12-11 22:51:56,535 INFO HTTP Request: POST https://api.telegram.org/bot8428323516:AAElzjmSPfUeCoTGKbm7wnDLSZ5ek1-6Gvc/getUpdates "HTTP/1.1 200 OK"
2025-12-11 22:52:06,682 INFO HTTP Request: POST https://api.telegram.org/bot8428323516:AAElzjmSPfUeCoTGKbm7wnDLSZ5ek1-6Gvc/getUpdates "HTTP/1.1 200 OK"
2025-12-11 22:52:16,832 INFO HTTP Request: POST https://api.telegram.org/bot8428323516:AAElzjmSPfUeCoTGKbm7wnDLSZ5ek1-6Gvc/getUpdates "HTTP/1.1 200 OK"
2025-12-11 22:52:26,981 INFO HTTP Request: POST https://api.telegram.org/bot8428323516:AAElzjmSPfUeCoTGKbm7wnDLSZ5ek1-6Gvc/getUpdates "HTTP/1.1 200 OK"
2025-12-11 22:52:37,128 INFO HTTP Request: POST https://api.telegram.org/bot8428323516:AAElzjmSPfUeCoTGKbm7wnDLSZ5ek1-6Gvc/getUpdates "HTTP/1.1 200 OK"
2025-12-11 22:52:38,749 INFO Running job "_email_job (trigger: interval[0:01:00], next run at: 2025-12-12 03:53:38 UTC)" (scheduled at 2025-12-12 03:52:38.741112+00:00)
2025-12-11 22:52:39,395 INFO Job "_email_job (trigger: interval[0:01:00], next run at: 2025-12-12 03:53:38 UTC)" executed successfully
2025-12-11 22:52:47,276 INFO HTTP Request: POST https://api.telegram.org/bot8428323516:AAElzjmSPfUeCoTGKbm7wnDLSZ5ek1-6Gvc/getUpdates "HTTP/1.1 200 OK"
2025-12-11 22:52:57,428 INFO HTTP Request: POST https://api.telegram.org/bot8428323516:AAElzjmSPfUeCoTGKbm7wnDLSZ5ek1-6Gvc/getUpdates "HTTP/1.1 200 OK"
2025-12-11 22:53:07,575 INFO HTTP Request: POST https://api.telegram.org/bot8428323516:AAElzjmSPfUeCoTGKbm7wnDLSZ5ek1-6Gvc/getUpdates "HTTP/1.1 200 OK"
2025-12-11 22:53:17,723 INFO HTTP Request: POST https://api.telegram.org/bot8428323516:AAElzjmSPfUeCoTGKbm7wnDLSZ5ek1-6Gvc/getUpdates "HTTP/1.1 200 OK"
2025-12-11 22:53:27,870 INFO HTTP Request: POST https://api.telegram.org/bot8428323516:AAElzjmSPfUeCoTGKbm7wnDLSZ5ek1-6Gvc/getUpdates "HTTP/1.1 200 OK"
2025-12-11 22:53:38,021 INFO HTTP Request: POST https://api.telegram.org/bot8428323516:AAElzjmSPfUeCoTGKbm7wnDLSZ5ek1-6Gvc/getUpdates "HTTP/1.1 200 OK"
2025-12-11 22:53:38,756 INFO Running job "_email_job (trigger: interval[0:01:00], next run at: 2025-12-12 03:54:38 UTC)" (scheduled at 2025-12-12 03:53:38.741112+00:00)
2025-12-11 22:53:39,334 INFO Job "_email_job (trigger: interval[0:01:00], next run at: 2025-12-12 03:54:38 UTC)" executed successfully
2025-12-11 22:53:48,168 INFO HTTP Request: POST https://api.telegram.org/bot8428323516:AAElzjmSPfUeCoTGKbm7wnDLSZ5ek1-6Gvc/getUpdates "HTTP/1.1 200 OK"
2025-12-11 22:53:58,315 INFO HTTP Request: POST https://api.telegram.org/bot8428323516:AAElzjmSPfUeCoTGKbm7wnDLSZ5ek1-6Gvc/getUpdates "HTTP/1.1 200 OK"
2025-12-11 22:54:08,466 INFO HTTP Request: POST https://api.telegram.org/bot8428323516:AAElzjmSPfUeCoTGKbm7wnDLSZ5ek1-6Gvc/getUpdates "HTTP/1.1 200 OK"
2025-12-11 22:54:18,613 INFO HTTP Request: POST https://api.telegram.org/bot8428323516:AAElzjmSPfUeCoTGKbm7wnDLSZ5ek1-6Gvc/getUpdates "HTTP/1.1 200 OK"
2025-12-11 22:54:28,768 INFO HTTP Request: POST https://api.telegram.org/bot8428323516:AAElzjmSPfUeCoTGKbm7wnDLSZ5ek1-6Gvc/getUpdates "HTTP/1.1 200 OK"
2025-12-11 22:54:38,750 INFO Running job "_email_job (trigger: interval[0:01:00], next run at: 2025-12-12 03:55:38 UTC)" (scheduled at 2025-12-12 03:54:38.741112+00:00)
2025-12-11 22:54:38,916 INFO HTTP Request: POST https://api.telegram.org/bot8428323516:AAElzjmSPfUeCoTGKbm7wnDLSZ5ek1-6Gvc/getUpdates "HTTP/1.1 200 OK"
2025-12-11 22:54:39,382 INFO Job "_email_job (trigger: interval[0:01:00], next run at: 2025-12-12 03:55:38 UTC)" executed successfully
2025-12-11 22:54:49,063 INFO HTTP Request: POST https://api.telegram.org/bot8428323516:AAElzjmSPfUeCoTGKbm7wnDLSZ5ek1-6Gvc/getUpdates "HTTP/1.1 200 OK"
2025-12-11 22:54:59,211 INFO HTTP Request: POST https://api.telegram.org/bot8428323516:AAElzjmSPfUeCoTGKbm7wnDLSZ5ek1-6Gvc/getUpdates "HTTP/1.1 200 OK"
2025-12-11 22:55:09,358 INFO HTTP Request: POST https://api.telegram.org/bot8428323516:AAElzjmSPfUeCoTGKbm7wnDLSZ5ek1-6Gvc/getUpdates "HTTP/1.1 200 OK"
2025-12-11 22:55:19,505 INFO HTTP Request: POST https://api.telegram.org/bot8428323516:AAElzjmSPfUeCoTGKbm7wnDLSZ5ek1-6Gvc/getUpdates "HTTP/1.1 200 OK"
2025-12-11 22:55:29,652 INFO HTTP Request: POST https://api.telegram.org/bot8428323516:AAElzjmSPfUeCoTGKbm7wnDLSZ5ek1-6Gvc/getUpdates "HTTP/1.1 200 OK"
2025-12-11 22:55:38,754 INFO Running job "_email_job (trigger: interval[0:01:00], next run at: 2025-12-12 03:56:38 UTC)" (scheduled at 2025-12-12 03:55:38.741112+00:00)
2025-12-11 22:55:39,411 INFO Job "_email_job (trigger: interval[0:01:00], next run at: 2025-12-12 03:56:38 UTC)" executed successfully
2025-12-11 22:55:39,804 INFO HTTP Request: POST https://api.telegram.org/bot8428323516:AAElzjmSPfUeCoTGKbm7wnDLSZ5ek1-6Gvc/getUpdates "HTTP/1.1 200 OK"
2025-12-11 22:55:49,951 INFO HTTP Request: POST https://api.telegram.org/bot8428323516:AAElzjmSPfUeCoTGKbm7wnDLSZ5ek1-6Gvc/getUpdates "HTTP/1.1 200 OK"
2025-12-11 22:56:00,101 INFO HTTP Request: POST https://api.telegram.org/bot8428323516:AAElzjmSPfUeCoTGKbm7wnDLSZ5ek1-6Gvc/getUpdates "HTTP/1.1 200 OK"
2025-12-11 22:56:10,249 INFO HTTP Request: POST https://api.telegram.org/bot8428323516:AAElzjmSPfUeCoTGKbm7wnDLSZ5ek1-6Gvc/getUpdates "HTTP/1.1 200 OK"
2025-12-11 22:56:20,397 INFO HTTP Request: POST https://api.telegram.org/bot8428323516:AAElzjmSPfUeCoTGKbm7wnDLSZ5ek1-6Gvc/getUpdates "HTTP/1.1 200 OK"
2025-12-11 22:56:30,544 INFO HTTP Request: POST https://api.telegram.org/bot8428323516:AAElzjmSPfUeCoTGKbm7wnDLSZ5ek1-6Gvc/getUpdates "HTTP/1.1 200 OK"
2025-12-11 22:56:38,748 INFO Running job "_email_job (trigger: interval[0:01:00], next run at: 2025-12-12 03:57:38 UTC)" (scheduled at 2025-12-12 03:56:38.741112+00:00)
2025-12-11 22:56:39,322 INFO Job "_email_job (trigger: interval[0:01:00], next run at: 2025-12-12 03:57:38 UTC)" executed successfully
2025-12-11 22:56:40,692 INFO HTTP Request: POST https://api.telegram.org/bot8428323516:AAElzjmSPfUeCoTGKbm7wnDLSZ5ek1-6Gvc/getUpdates "HTTP/1.1 200 OK"
2025-12-11 22:56:50,839 INFO HTTP Request: POST https://api.telegram.org/bot8428323516:AAElzjmSPfUeCoTGKbm7wnDLSZ5ek1-6Gvc/getUpdates "HTTP/1.1 200 OK"
2025-12-11 22:57:00,993 INFO HTTP Request: POST https://api.telegram.org/bot8428323516:AAElzjmSPfUeCoTGKbm7wnDLSZ5ek1-6Gvc/getUpdates "HTTP/1.1 200 OK"
2025-12-11 22:57:11,140 INFO HTTP Request: POST https://api.telegram.org/bot8428323516:AAElzjmSPfUeCoTGKbm7wnDLSZ5ek1-6Gvc/getUpdates "HTTP/1.1 200 OK"
2025-12-11 22:57:21,287 INFO HTTP Request: POST https://api.telegram.org/bot8428323516:AAElzjmSPfUeCoTGKbm7wnDLSZ5ek1-6Gvc/getUpdates "HTTP/1.1 200 OK"
2025-12-11 22:57:31,434 INFO HTTP Request: POST https://api.telegram.org/bot8428323516:AAElzjmSPfUeCoTGKbm7wnDLSZ5ek1-6Gvc/getUpdates "HTTP/1.1 200 OK"
2025-12-11 22:57:38,744 INFO Running job "_email_job (trigger: interval[0:01:00], next run at: 2025-12-12 03:58:38 UTC)" (scheduled at 2025-12-12 03:57:38.741112+00:00)
2025-12-11 22:57:39,309 INFO Job "_email_job (trigger: interval[0:01:00], next run at: 2025-12-12 03:58:38 UTC)" executed successfully
2025-12-11 22:57:41,582 INFO HTTP Request: POST https://api.telegram.org/bot8428323516:AAElzjmSPfUeCoTGKbm7wnDLSZ5ek1-6Gvc/getUpdates "HTTP/1.1 200 OK"
2025-12-11 22:57:51,729 INFO HTTP Request: POST https://api.telegram.org/bot8428323516:AAElzjmSPfUeCoTGKbm7wnDLSZ5ek1-6Gvc/getUpdates "HTTP/1.1 200 OK"
2025-12-11 22:58:01,877 INFO HTTP Request: POST https://api.telegram.org/bot8428323516:AAElzjmSPfUeCoTGKbm7wnDLSZ5ek1-6Gvc/getUpdates "HTTP/1.1 200 OK"
2025-12-11 22:58:12,025 INFO HTTP Request: POST https://api.telegram.org/bot8428323516:AAElzjmSPfUeCoTGKbm7wnDLSZ5ek1-6Gvc/getUpdates "HTTP/1.1 200 OK"
2025-12-11 22:58:22,172 INFO HTTP Request: POST https://api.telegram.org/bot8428323516:AAElzjmSPfUeCoTGKbm7wnDLSZ5ek1-6Gvc/getUpdates "HTTP/1.1 200 OK"
2025-12-11 22:58:32,320 INFO HTTP Request: POST https://api.telegram.org/bot8428323516:AAElzjmSPfUeCoTGKbm7wnDLSZ5ek1-6Gvc/getUpdates "HTTP/1.1 200 OK"
2025-12-11 22:58:38,754 INFO Running job "_email_job (trigger: interval[0:01:00], next run at: 2025-12-12 03:59:38 UTC)" (scheduled at 2025-12-12 03:58:38.741112+00:00)
2025-12-11 22:58:39,439 INFO Job "_email_job (trigger: interval[0:01:00], next run at: 2025-12-12 03:59:38 UTC)" executed successfully
2025-12-11 22:58:42,469 INFO HTTP Request: POST https://api.telegram.org/bot8428323516:AAElzjmSPfUeCoTGKbm7wnDLSZ5ek1-6Gvc/getUpdates "HTTP/1.1 200 OK"
2025-12-11 22:58:52,616 INFO HTTP Request: POST https://api.telegram.org/bot8428323516:AAElzjmSPfUeCoTGKbm7wnDLSZ5ek1-6Gvc/getUpdates "HTTP/1.1 200 OK"
2025-12-11 22:59:02,763 INFO HTTP Request: POST https://api.telegram.org/bot8428323516:AAElzjmSPfUeCoTGKbm7wnDLSZ5ek1-6Gvc/getUpdates "HTTP/1.1 200 OK"
2025-12-11 22:59:12,911 INFO HTTP Request: POST https://api.telegram.org/bot8428323516:AAElzjmSPfUeCoTGKbm7wnDLSZ5ek1-6Gvc/getUpdates "HTTP/1.1 200 OK"
2025-12-11 22:59:23,058 INFO HTTP Request: POST https://api.telegram.org/bot8428323516:AAElzjmSPfUeCoTGKbm7wnDLSZ5ek1-6Gvc/getUpdates "HTTP/1.1 200 OK"
2025-12-11 22:59:33,207 INFO HTTP Request: POST https://api.telegram.org/bot8428323516:AAElzjmSPfUeCoTGKbm7wnDLSZ5ek1-6Gvc/getUpdates "HTTP/1.1 200 OK"
2025-12-11 22:59:38,754 INFO Running job "_email_job (trigger: interval[0:01:00], next run at: 2025-12-12 04:00:38 UTC)" (scheduled at 2025-12-12 03:59:38.741112+00:00)
2025-12-11 22:59:39,456 INFO Job "_email_job (trigger: interval[0:01:00], next run at: 2025-12-12 04:00:38 UTC)" executed successfully
2025-12-11 22:59:43,355 INFO HTTP Request: POST https://api.telegram.org/bot8428323516:AAElzjmSPfUeCoTGKbm7wnDLSZ5ek1-6Gvc/getUpdates "HTTP/1.1 200 OK"
2025-12-11 22:59:53,505 INFO HTTP Request: POST https://api.telegram.org/bot8428323516:AAElzjmSPfUeCoTGKbm7wnDLSZ5ek1-6Gvc/getUpdates "HTTP/1.1 200 OK"
2025-12-11 23:00:03,653 INFO HTTP Request: POST https://api.telegram.org/bot8428323516:AAElzjmSPfUeCoTGKbm7wnDLSZ5ek1-6Gvc/getUpdates "HTTP/1.1 200 OK"
2025-12-11 23:00:13,800 INFO HTTP Request: POST https://api.telegram.org/bot8428323516:AAElzjmSPfUeCoTGKbm7wnDLSZ5ek1-6Gvc/getUpdates "HTTP/1.1 200 OK"
2025-12-11 23:00:23,948 INFO HTTP Request: POST https://api.telegram.org/bot8428323516:AAElzjmSPfUeCoTGKbm7wnDLSZ5ek1-6Gvc/getUpdates "HTTP/1.1 200 OK"
2025-12-11 23:00:34,096 INFO HTTP Request: POST https://api.telegram.org/bot8428323516:AAElzjmSPfUeCoTGKbm7wnDLSZ5ek1-6Gvc/getUpdates "HTTP/1.1 200 OK"
2025-12-11 23:00:38,742 INFO Running job "_email_job (trigger: interval[0:01:00], next run at: 2025-12-12 04:01:38 UTC)" (scheduled at 2025-12-12 04:00:38.741112+00:00)
2025-12-11 23:00:43,884 INFO Job "_email_job (trigger: interval[0:01:00], next run at: 2025-12-12 04:01:38 UTC)" executed successfully
2025-12-11 23:00:44,245 INFO HTTP Request: POST https://api.telegram.org/bot8428323516:AAElzjmSPfUeCoTGKbm7wnDLSZ5ek1-6Gvc/getUpdates "HTTP/1.1 200 OK"
2025-12-11 23:00:54,392 INFO HTTP Request: POST https://api.telegram.org/bot8428323516:AAElzjmSPfUeCoTGKbm7wnDLSZ5ek1-6Gvc/getUpdates "HTTP/1.1 200 OK"
2025-12-11 23:01:04,541 INFO HTTP Request: POST https://api.telegram.org/bot8428323516:AAElzjmSPfUeCoTGKbm7wnDLSZ5ek1-6Gvc/getUpdates "HTTP/1.1 200 OK"
2025-12-11 23:01:14,689 INFO HTTP Request: POST https://api.telegram.org/bot8428323516:AAElzjmSPfUeCoTGKbm7wnDLSZ5ek1-6Gvc/getUpdates "HTTP/1.1 200 OK"
2025-12-11 23:01:24,837 INFO HTTP Request: POST https://api.telegram.org/bot8428323516:AAElzjmSPfUeCoTGKbm7wnDLSZ5ek1-6Gvc/getUpdates "HTTP/1.1 200 OK"
2025-12-11 23:01:34,984 INFO HTTP Request: POST https://api.telegram.org/bot8428323516:AAElzjmSPfUeCoTGKbm7wnDLSZ5ek1-6Gvc/getUpdates "HTTP/1.1 200 OK"
2025-12-11 23:01:38,748 INFO Running job "_email_job (trigger: interval[0:01:00], next run at: 2025-12-12 04:02:38 UTC)" (scheduled at 2025-12-12 04:01:38.741112+00:00)
2025-12-11 23:01:45,132 INFO HTTP Request: POST https://api.telegram.org/bot8428323516:AAElzjmSPfUeCoTGKbm7wnDLSZ5ek1-6Gvc/getUpdates "HTTP/1.1 200 OK"
2025-12-11 23:01:55,280 INFO HTTP Request: POST https://api.telegram.org/bot8428323516:AAElzjmSPfUeCoTGKbm7wnDLSZ5ek1-6Gvc/getUpdates "HTTP/1.1 200 OK"
2025-12-11 23:02:05,428 INFO HTTP Request: POST https://api.telegram.org/bot8428323516:AAElzjmSPfUeCoTGKbm7wnDLSZ5ek1-6Gvc/getUpdates "HTTP/1.1 200 OK"
2025-12-11 23:02:15,574 INFO HTTP Request: POST https://api.telegram.org/bot8428323516:AAElzjmSPfUeCoTGKbm7wnDLSZ5ek1-6Gvc/getUpdates "HTTP/1.1 200 OK"
2025-12-11 23:02:18,276 INFO Job "_email_job (trigger: interval[0:01:00], next run at: 2025-12-12 04:02:38 UTC)" executed successfully
2025-12-11 23:02:25,722 INFO HTTP Request: POST https://api.telegram.org/bot8428323516:AAElzjmSPfUeCoTGKbm7wnDLSZ5ek1-6Gvc/getUpdates "HTTP/1.1 200 OK"
2025-12-11 23:02:35,871 INFO HTTP Request: POST https://api.telegram.org/bot8428323516:AAElzjmSPfUeCoTGKbm7wnDLSZ5ek1-6Gvc/getUpdates "HTTP/1.1 200 OK"
2025-12-11 23:02:38,752 INFO Running job "_email_job (trigger: interval[0:01:00], next run at: 2025-12-12 04:03:38 UTC)" (scheduled at 2025-12-12 04:02:38.741112+00:00)
2025-12-11 23:02:46,018 INFO HTTP Request: POST https://api.telegram.org/bot8428323516:AAElzjmSPfUeCoTGKbm7wnDLSZ5ek1-6Gvc/getUpdates "HTTP/1.1 200 OK"
2025-12-11 23:02:56,166 INFO HTTP Request: POST https://api.telegram.org/bot8428323516:AAElzjmSPfUeCoTGKbm7wnDLSZ5ek1-6Gvc/getUpdates "HTTP/1.1 200 OK"
2025-12-11 23:02:58,030 INFO Job "_email_job (trigger: interval[0:01:00], next run at: 2025-12-12 04:03:38 UTC)" executed successfully
2025-12-11 23:03:06,313 INFO HTTP Request: POST https://api.telegram.org/bot8428323516:AAElzjmSPfUeCoTGKbm7wnDLSZ5ek1-6Gvc/getUpdates "HTTP/1.1 200 OK"
2025-12-11 23:03:16,462 INFO HTTP Request: POST https://api.telegram.org/bot8428323516:AAElzjmSPfUeCoTGKbm7wnDLSZ5ek1-6Gvc/getUpdates "HTTP/1.1 200 OK"
2025-12-11 23:03:26,609 INFO HTTP Request: POST https://api.telegram.org/bot8428323516:AAElzjmSPfUeCoTGKbm7wnDLSZ5ek1-6Gvc/getUpdates "HTTP/1.1 200 OK"
2025-12-11 23:03:36,756 INFO HTTP Request: POST https://api.telegram.org/bot8428323516:AAElzjmSPfUeCoTGKbm7wnDLSZ5ek1-6Gvc/getUpdates "HTTP/1.1 200 OK"
2025-12-11 23:03:38,748 INFO Running job "_email_job (trigger: interval[0:01:00], next run at: 2025-12-12 04:04:38 UTC)" (scheduled at 2025-12-12 04:03:38.741112+00:00)
2025-12-11 23:03:46,904 INFO HTTP Request: POST https://api.telegram.org/bot8428323516:AAElzjmSPfUeCoTGKbm7wnDLSZ5ek1-6Gvc/getUpdates "HTTP/1.1 200 OK"
2025-12-11 23:03:55,833 INFO Job "_email_job (trigger: interval[0:01:00], next run at: 2025-12-12 04:04:38 UTC)" executed successfully
2025-12-11 23:03:57,051 INFO HTTP Request: POST https://api.telegram.org/bot8428323516:AAElzjmSPfUeCoTGKbm7wnDLSZ5ek1-6Gvc/getUpdates "HTTP/1.1 200 OK"
2025-12-11 23:04:07,198 INFO HTTP Request: POST https://api.telegram.org/bot8428323516:AAElzjmSPfUeCoTGKbm7wnDLSZ5ek1-6Gvc/getUpdates "HTTP/1.1 200 OK"
2025-12-11 23:04:17,755 INFO HTTP Request: POST https://api.telegram.org/bot8428323516:AAElzjmSPfUeCoTGKbm7wnDLSZ5ek1-6Gvc/getUpdates "HTTP/1.1 200 OK"
2025-12-11 23:04:27,901 INFO HTTP Request: POST https://api.telegram.org/bot8428323516:AAElzjmSPfUeCoTGKbm7wnDLSZ5ek1-6Gvc/getUpdates "HTTP/1.1 200 OK"
2025-12-11 23:04:38,050 INFO HTTP Request: POST https://api.telegram.org/bot8428323516:AAElzjmSPfUeCoTGKbm7wnDLSZ5ek1-6Gvc/getUpdates "HTTP/1.1 200 OK"
2025-12-11 23:04:38,755 INFO Running job "_email_job (trigger: interval[0:01:00], next run at: 2025-12-12 04:05:38 UTC)" (scheduled at 2025-12-12 04:04:38.741112+00:00)
2025-12-11 23:04:44,967 INFO Job "_email_job (trigger: interval[0:01:00], next run at: 2025-12-12 04:05:38 UTC)" executed successfully
2025-12-11 23:04:48,195 INFO HTTP Request: POST https://api.telegram.org/bot8428323516:AAElzjmSPfUeCoTGKbm7wnDLSZ5ek1-6Gvc/getUpdates "HTTP/1.1 200 OK"
2025-12-11 23:04:58,342 INFO HTTP Request: POST https://api.telegram.org/bot8428323516:AAElzjmSPfUeCoTGKbm7wnDLSZ5ek1-6Gvc/getUpdates "HTTP/1.1 200 OK"
2025-12-11 23:05:08,489 INFO HTTP Request: POST https://api.telegram.org/bot8428323516:AAElzjmSPfUeCoTGKbm7wnDLSZ5ek1-6Gvc/getUpdates "HTTP/1.1 200 OK"
2025-12-11 23:05:18,636 INFO HTTP Request: POST https://api.telegram.org/bot8428323516:AAElzjmSPfUeCoTGKbm7wnDLSZ5ek1-6Gvc/getUpdates "HTTP/1.1 200 OK"
2025-12-11 23:05:28,781 INFO HTTP Request: POST https://api.telegram.org/bot8428323516:AAElzjmSPfUeCoTGKbm7wnDLSZ5ek1-6Gvc/getUpdates "HTTP/1.1 200 OK"
2025-12-11 23:05:38,756 INFO Running job "_email_job (trigger: interval[0:01:00], next run at: 2025-12-12 04:06:38 UTC)" (scheduled at 2025-12-12 04:05:38.741112+00:00)
2025-12-11 23:05:38,927 INFO HTTP Request: POST https://api.telegram.org/bot8428323516:AAElzjmSPfUeCoTGKbm7wnDLSZ5ek1-6Gvc/getUpdates "HTTP/1.1 200 OK"
2025-12-11 23:05:43,539 INFO Job "_email_job (trigger: interval[0:01:00], next run at: 2025-12-12 04:06:38 UTC)" executed successfully
2025-12-11 23:05:49,075 INFO HTTP Request: POST https://api.telegram.org/bot8428323516:AAElzjmSPfUeCoTGKbm7wnDLSZ5ek1-6Gvc/getUpdates "HTTP/1.1 200 OK"
2025-12-11 23:05:59,220 INFO HTTP Request: POST https://api.telegram.org/bot8428323516:AAElzjmSPfUeCoTGKbm7wnDLSZ5ek1-6Gvc/getUpdates "HTTP/1.1 200 OK"
2025-12-11 23:06:09,367 INFO HTTP Request: POST https://api.telegram.org/bot8428323516:AAElzjmSPfUeCoTGKbm7wnDLSZ5ek1-6Gvc/getUpdates "HTTP/1.1 200 OK"
2025-12-11 23:06:19,513 INFO HTTP Request: POST https://api.telegram.org/bot8428323516:AAElzjmSPfUeCoTGKbm7wnDLSZ5ek1-6Gvc/getUpdates "HTTP/1.1 200 OK"
2025-12-11 23:06:29,659 INFO HTTP Request: POST https://api.telegram.org/bot8428323516:AAElzjmSPfUeCoTGKbm7wnDLSZ5ek1-6Gvc/getUpdates "HTTP/1.1 200 OK"
2025-12-11 23:06:38,748 INFO Running job "_email_job (trigger: interval[0:01:00], next run at: 2025-12-12 04:07:38 UTC)" (scheduled at 2025-12-12 04:06:38.741112+00:00)
2025-12-11 23:06:39,809 INFO HTTP Request: POST https://api.telegram.org/bot8428323516:AAElzjmSPfUeCoTGKbm7wnDLSZ5ek1-6Gvc/getUpdates "HTTP/1.1 200 OK"
2025-12-11 23:06:44,207 INFO Job "_email_job (trigger: interval[0:01:00], next run at: 2025-12-12 04:07:38 UTC)" executed successfully
2025-12-11 23:06:49,959 INFO HTTP Request: POST https://api.telegram.org/bot8428323516:AAElzjmSPfUeCoTGKbm7wnDLSZ5ek1-6Gvc/getUpdates "HTTP/1.1 200 OK"
2025-12-11 23:07:00,105 INFO HTTP Request: POST https://api.telegram.org/bot8428323516:AAElzjmSPfUeCoTGKbm7wnDLSZ5ek1-6Gvc/getUpdates "HTTP/1.1 200 OK"
2025-12-11 23:07:10,251 INFO HTTP Request: POST https://api.telegram.org/bot8428323516:AAElzjmSPfUeCoTGKbm7wnDLSZ5ek1-6Gvc/getUpdates "HTTP/1.1 200 OK"
2025-12-11 23:07:20,396 INFO HTTP Request: POST https://api.telegram.org/bot8428323516:AAElzjmSPfUeCoTGKbm7wnDLSZ5ek1-6Gvc/getUpdates "HTTP/1.1 200 OK"
2025-12-11 23:07:30,541 INFO HTTP Request: POST https://api.telegram.org/bot8428323516:AAElzjmSPfUeCoTGKbm7wnDLSZ5ek1-6Gvc/getUpdates "HTTP/1.1 200 OK"
2025-12-11 23:07:38,742 INFO Running job "_email_job (trigger: interval[0:01:00], next run at: 2025-12-12 04:08:38 UTC)" (scheduled at 2025-12-12 04:07:38.741112+00:00)
2025-12-11 23:07:40,686 INFO HTTP Request: POST https://api.telegram.org/bot8428323516:AAElzjmSPfUeCoTGKbm7wnDLSZ5ek1-6Gvc/getUpdates "HTTP/1.1 200 OK"
2025-12-11 23:07:50,811 INFO Job "_email_job (trigger: interval[0:01:00], next run at: 2025-12-12 04:08:38 UTC)" executed successfully
2025-12-11 23:07:50,831 INFO HTTP Request: POST https://api.telegram.org/bot8428323516:AAElzjmSPfUeCoTGKbm7wnDLSZ5ek1-6Gvc/getUpdates "HTTP/1.1 200 OK"
2025-12-11 23:08:00,978 INFO HTTP Request: POST https://api.telegram.org/bot8428323516:AAElzjmSPfUeCoTGKbm7wnDLSZ5ek1-6Gvc/getUpdates "HTTP/1.1 200 OK"
2025-12-11 23:08:11,125 INFO HTTP Request: POST https://api.telegram.org/bot8428323516:AAElzjmSPfUeCoTGKbm7wnDLSZ5ek1-6Gvc/getUpdates "HTTP/1.1 200 OK"
2025-12-11 23:08:21,270 INFO HTTP Request: POST https://api.telegram.org/bot8428323516:AAElzjmSPfUeCoTGKbm7wnDLSZ5ek1-6Gvc/getUpdates "HTTP/1.1 200 OK"
2025-12-11 23:08:31,416 INFO HTTP Request: POST https://api.telegram.org/bot8428323516:AAElzjmSPfUeCoTGKbm7wnDLSZ5ek1-6Gvc/getUpdates "HTTP/1.1 200 OK"
2025-12-11 23:08:38,753 INFO Running job "_email_job (trigger: interval[0:01:00], next run at: 2025-12-12 04:09:38 UTC)" (scheduled at 2025-12-12 04:08:38.741112+00:00)
2025-12-11 23:08:41,561 INFO HTTP Request: POST https://api.telegram.org/bot8428323516:AAElzjmSPfUeCoTGKbm7wnDLSZ5ek1-6Gvc/getUpdates "HTTP/1.1 200 OK"
2025-12-11 23:08:47,468 INFO Job "_email_job (trigger: interval[0:01:00], next run at: 2025-12-12 04:09:38 UTC)" executed successfully
2025-12-11 23:08:51,707 INFO HTTP Request: POST https://api.telegram.org/bot8428323516:AAElzjmSPfUeCoTGKbm7wnDLSZ5ek1-6Gvc/getUpdates "HTTP/1.1 200 OK"
2025-12-11 23:09:01,853 INFO HTTP Request: POST https://api.telegram.org/bot8428323516:AAElzjmSPfUeCoTGKbm7wnDLSZ5ek1-6Gvc/getUpdates "HTTP/1.1 200 OK"
2025-12-11 23:09:12,002 INFO HTTP Request: POST https://api.telegram.org/bot8428323516:AAElzjmSPfUeCoTGKbm7wnDLSZ5ek1-6Gvc/getUpdates "HTTP/1.1 200 OK"
2025-12-11 23:09:22,148 INFO HTTP Request: POST https://api.telegram.org/bot8428323516:AAElzjmSPfUeCoTGKbm7wnDLSZ5ek1-6Gvc/getUpdates "HTTP/1.1 200 OK"
2025-12-11 23:09:32,294 INFO HTTP Request: POST https://api.telegram.org/bot8428323516:AAElzjmSPfUeCoTGKbm7wnDLSZ5ek1-6Gvc/getUpdates "HTTP/1.1 200 OK"
2025-12-11 23:09:38,746 INFO Running job "_email_job (trigger: interval[0:01:00], next run at: 2025-12-12 04:10:38 UTC)" (scheduled at 2025-12-12 04:09:38.741112+00:00)
2025-12-11 23:09:39,436 INFO Job "_email_job (trigger: interval[0:01:00], next run at: 2025-12-12 04:10:38 UTC)" executed successfully
2025-12-11 23:09:42,444 INFO HTTP Request: POST https://api.telegram.org/bot8428323516:AAElzjmSPfUeCoTGKbm7wnDLSZ5ek1-6Gvc/getUpdates "HTTP/1.1 200 OK"
2025-12-11 23:09:50,280 INFO HTTP Request: POST https://api.telegram.org/bot8428323516:AAElzjmSPfUeCoTGKbm7wnDLSZ5ek1-6Gvc/getUpdates "HTTP/1.1 200 OK"
2025-12-11 23:09:50,281 INFO Application is stopping. This might take a moment.
2025-12-11 23:09:50,281 INFO Scheduler has been shut down
2025-12-11 23:09:50,298 INFO Application.stop() complete
2025-12-12 18:51:48,316 WARNING ⚠️ Usando CHAT_ID por defecto (1943663667).
2025-12-12 18:51:48,322 INFO Adding job tentatively -- it will be properly scheduled when the scheduler starts
2025-12-12 18:51:48,869 INFO HTTP Request: POST https://api.telegram.org/bot8428323516:AAElzjmSPfUeCoTGKbm7wnDLSZ5ek1-6Gvc/getMe "HTTP/1.1 200 OK"
2025-12-12 18:51:49,028 INFO HTTP Request: POST https://api.telegram.org/bot8428323516:AAElzjmSPfUeCoTGKbm7wnDLSZ5ek1-6Gvc/deleteWebhook "HTTP/1.1 200 OK"
2025-12-12 18:51:49,030 INFO Added job "_email_job" to job store "default"
2025-12-12 18:51:49,030 INFO Scheduler started
2025-12-12 18:51:49,031 INFO Application started
2025-12-12 18:51:49,495 INFO HTTP Request: POST https://api.telegram.org/bot8428323516:AAElzjmSPfUeCoTGKbm7wnDLSZ5ek1-6Gvc/getUpdates "HTTP/1.1 200 OK"
2025-12-12 18:51:49,496 INFO Comando /start recibido del CHAT_ID: 1589893691
2025-12-12 18:51:49,820 INFO HTTP Request: POST https://api.telegram.org/bot8428323516:AAElzjmSPfUeCoTGKbm7wnDLSZ5ek1-6Gvc/sendMessage "HTTP/1.1 200 OK"
2025-12-12 18:51:59,652 INFO HTTP Request: POST https://api.telegram.org/bot8428323516:AAElzjmSPfUeCoTGKbm7wnDLSZ5ek1-6Gvc/getUpdates "HTTP/1.1 200 OK"
2025-12-12 18:52:09,811 INFO HTTP Request: POST https://api.telegram.org/bot8428323516:AAElzjmSPfUeCoTGKbm7wnDLSZ5ek1-6Gvc/getUpdates "HTTP/1.1 200 OK"
2025-12-12 18:52:19,968 INFO HTTP Request: POST https://api.telegram.org/bot8428323516:AAElzjmSPfUeCoTGKbm7wnDLSZ5ek1-6Gvc/getUpdates "HTTP/1.1 200 OK"
2025-12-12 18:52:30,124 INFO HTTP Request: POST https://api.telegram.org/bot8428323516:AAElzjmSPfUeCoTGKbm7wnDLSZ5ek1-6Gvc/getUpdates "HTTP/1.1 200 OK"
2025-12-12 18:52:40,282 INFO HTTP Request: POST https://api.telegram.org/bot8428323516:AAElzjmSPfUeCoTGKbm7wnDLSZ5ek1-6Gvc/getUpdates "HTTP/1.1 200 OK"
2025-12-12 18:52:48,333 INFO Running job "_email_job (trigger: interval[0:01:00], next run at: 2025-12-12 23:53:48 UTC)" (scheduled at 2025-12-12 23:52:48.319770+00:00)
2025-12-12 18:52:49,372 INFO Job "_email_job (trigger: interval[0:01:00], next run at: 2025-12-12 23:53:48 UTC)" executed successfully
2025-12-12 18:52:50,438 INFO HTTP Request: POST https://api.telegram.org/bot8428323516:AAElzjmSPfUeCoTGKbm7wnDLSZ5ek1-6Gvc/getUpdates "HTTP/1.1 200 OK"
2025-12-12 18:53:00,595 INFO HTTP Request: POST https://api.telegram.org/bot8428323516:AAElzjmSPfUeCoTGKbm7wnDLSZ5ek1-6Gvc/getUpdates "HTTP/1.1 200 OK"
2025-12-12 18:53:10,750 INFO HTTP Request: POST https://api.telegram.org/bot8428323516:AAElzjmSPfUeCoTGKbm7wnDLSZ5ek1-6Gvc/getUpdates "HTTP/1.1 200 OK"
2025-12-12 18:53:11,190 INFO HTTP Request: POST https://api.telegram.org/bot8428323516:AAElzjmSPfUeCoTGKbm7wnDLSZ5ek1-6Gvc/getUpdates "HTTP/1.1 200 OK"
2025-12-12 18:53:11,191 INFO Comando /start recibido del CHAT_ID: 1943663667
2025-12-12 18:53:11,810 INFO HTTP Request: POST https://api.telegram.org/bot8428323516:AAElzjmSPfUeCoTGKbm7wnDLSZ5ek1-6Gvc/sendMessage "HTTP/1.1 200 OK"
2025-12-12 18:53:16,947 INFO HTTP Request: POST https://api.telegram.org/bot8428323516:AAElzjmSPfUeCoTGKbm7wnDLSZ5ek1-6Gvc/getUpdates "HTTP/1.1 200 OK"
2025-12-12 18:53:17,554 INFO HTTP Request: POST https://api.telegram.org/bot8428323516:AAElzjmSPfUeCoTGKbm7wnDLSZ5ek1-6Gvc/answerCallbackQuery "HTTP/1.1 200 OK"
2025-12-12 18:53:17,854 INFO HTTP Request: POST https://api.telegram.org/bot8428323516:AAElzjmSPfUeCoTGKbm7wnDLSZ5ek1-6Gvc/sendMessage "HTTP/1.1 200 OK"
2025-12-12 18:53:24,162 INFO HTTP Request: POST https://api.telegram.org/bot8428323516:AAElzjmSPfUeCoTGKbm7wnDLSZ5ek1-6Gvc/getUpdates "HTTP/1.1 200 OK"
2025-12-12 18:53:24,753 INFO HTTP Request: POST https://api.telegram.org/bot8428323516:AAElzjmSPfUeCoTGKbm7wnDLSZ5ek1-6Gvc/answerCallbackQuery "HTTP/1.1 200 OK"
2025-12-12 18:53:25,038 INFO HTTP Request: POST https://api.telegram.org/bot8428323516:AAElzjmSPfUeCoTGKbm7wnDLSZ5ek1-6Gvc/sendMessage "HTTP/1.1 200 OK"
2025-12-12 18:53:25,328 INFO HTTP Request: POST https://api.telegram.org/bot8428323516:AAElzjmSPfUeCoTGKbm7wnDLSZ5ek1-6Gvc/sendMessage "HTTP/1.1 200 OK"
2025-12-12 18:53:28,622 INFO HTTP Request: POST https://api.telegram.org/bot8428323516:AAElzjmSPfUeCoTGKbm7wnDLSZ5ek1-6Gvc/getUpdates "HTTP/1.1 200 OK"
2025-12-12 18:53:28,896 INFO HTTP Request: POST https://api.telegram.org/bot8428323516:AAElzjmSPfUeCoTGKbm7wnDLSZ5ek1-6Gvc/answerCallbackQuery "HTTP/1.1 200 OK"
2025-12-12 18:53:28,897 INFO Comando /start recibido del CHAT_ID: 1943663667
2025-12-12 18:53:29,181 INFO HTTP Request: POST https://api.telegram.org/bot8428323516:AAElzjmSPfUeCoTGKbm7wnDLSZ5ek1-6Gvc/sendMessage "HTTP/1.1 200 OK"
2025-12-12 18:53:30,712 INFO HTTP Request: POST https://api.telegram.org/bot8428323516:AAElzjmSPfUeCoTGKbm7wnDLSZ5ek1-6Gvc/getUpdates "HTTP/1.1 200 OK"
2025-12-12 18:53:30,988 INFO HTTP Request: POST https://api.telegram.org/bot8428323516:AAElzjmSPfUeCoTGKbm7wnDLSZ5ek1-6Gvc/answerCallbackQuery "HTTP/1.1 200 OK"
2025-12-12 18:53:31,285 INFO HTTP Request: POST https://api.telegram.org/bot8428323516:AAElzjmSPfUeCoTGKbm7wnDLSZ5ek1-6Gvc/sendMessage "HTTP/1.1 200 OK"
2025-12-12 18:53:31,570 INFO HTTP Request: POST https://api.telegram.org/bot8428323516:AAElzjmSPfUeCoTGKbm7wnDLSZ5ek1-6Gvc/sendMessage "HTTP/1.1 200 OK"
2025-12-12 18:53:31,859 INFO HTTP Request: POST https://api.telegram.org/bot8428323516:AAElzjmSPfUeCoTGKbm7wnDLSZ5ek1-6Gvc/sendMessage "HTTP/1.1 200 OK"
2025-12-12 18:53:32,146 INFO HTTP Request: POST https://api.telegram.org/bot8428323516:AAElzjmSPfUeCoTGKbm7wnDLSZ5ek1-6Gvc/sendMessage "HTTP/1.1 200 OK"
2025-12-12 18:53:32,447 INFO HTTP Request: POST https://api.telegram.org/bot8428323516:AAElzjmSPfUeCoTGKbm7wnDLSZ5ek1-6Gvc/sendMessage "HTTP/1.1 200 OK"
2025-12-12 18:53:32,735 INFO HTTP Request: POST https://api.telegram.org/bot8428323516:AAElzjmSPfUeCoTGKbm7wnDLSZ5ek1-6Gvc/sendMessage "HTTP/1.1 200 OK"
2025-12-12 18:53:40,870 INFO HTTP Request: POST https://api.telegram.org/bot8428323516:AAElzjmSPfUeCoTGKbm7wnDLSZ5ek1-6Gvc/getUpdates "HTTP/1.1 200 OK"
2025-12-12 18:53:48,330 INFO Running job "_email_job (trigger: interval[0:01:00], next run at: 2025-12-12 23:54:48 UTC)" (scheduled at 2025-12-12 23:53:48.319770+00:00)
2025-12-12 18:53:49,291 INFO Job "_email_job (trigger: interval[0:01:00], next run at: 2025-12-12 23:54:48 UTC)" executed successfully
2025-12-12 18:53:51,026 INFO HTTP Request: POST https://api.telegram.org/bot8428323516:AAElzjmSPfUeCoTGKbm7wnDLSZ5ek1-6Gvc/getUpdates "HTTP/1.1 200 OK"
2025-12-12 18:54:01,182 INFO HTTP Request: POST https://api.telegram.org/bot8428323516:AAElzjmSPfUeCoTGKbm7wnDLSZ5ek1-6Gvc/getUpdates "HTTP/1.1 200 OK"
2025-12-12 18:54:11,339 INFO HTTP Request: POST https://api.telegram.org/bot8428323516:AAElzjmSPfUeCoTGKbm7wnDLSZ5ek1-6Gvc/getUpdates "HTTP/1.1 200 OK"
2025-12-12 18:54:21,495 INFO HTTP Request: POST https://api.telegram.org/bot8428323516:AAElzjmSPfUeCoTGKbm7wnDLSZ5ek1-6Gvc/getUpdates "HTTP/1.1 200 OK"
2025-12-12 18:54:31,651 INFO HTTP Request: POST https://api.telegram.org/bot8428323516:AAElzjmSPfUeCoTGKbm7wnDLSZ5ek1-6Gvc/getUpdates "HTTP/1.1 200 OK"
2025-12-12 18:54:41,808 INFO HTTP Request: POST https://api.telegram.org/bot8428323516:AAElzjmSPfUeCoTGKbm7wnDLSZ5ek1-6Gvc/getUpdates "HTTP/1.1 200 OK"
2025-12-12 18:54:48,324 INFO Running job "_email_job (trigger: interval[0:01:00], next run at: 2025-12-12 23:55:48 UTC)" (scheduled at 2025-12-12 23:54:48.319770+00:00)
2025-12-12 18:54:49,152 INFO Job "_email_job (trigger: interval[0:01:00], next run at: 2025-12-12 23:55:48 UTC)" executed successfully
2025-12-12 18:54:51,964 INFO HTTP Request: POST https://api.telegram.org/bot8428323516:AAElzjmSPfUeCoTGKbm7wnDLSZ5ek1-6Gvc/getUpdates "HTTP/1.1 200 OK"
2025-12-12 18:55:02,123 INFO HTTP Request: POST https://api.telegram.org/bot8428323516:AAElzjmSPfUeCoTGKbm7wnDLSZ5ek1-6Gvc/getUpdates "HTTP/1.1 200 OK"
2025-12-12 18:55:12,279 INFO HTTP Request: POST https://api.telegram.org/bot8428323516:AAElzjmSPfUeCoTGKbm7wnDLSZ5ek1-6Gvc/getUpdates "HTTP/1.1 200 OK"
2025-12-12 18:55:22,436 INFO HTTP Request: POST https://api.telegram.org/bot8428323516:AAElzjmSPfUeCoTGKbm7wnDLSZ5ek1-6Gvc/getUpdates "HTTP/1.1 200 OK"
2025-12-12 18:55:32,593 INFO HTTP Request: POST https://api.telegram.org/bot8428323516:AAElzjmSPfUeCoTGKbm7wnDLSZ5ek1-6Gvc/getUpdates "HTTP/1.1 200 OK"
2025-12-12 18:55:42,750 INFO HTTP Request: POST https://api.telegram.org/bot8428323516:AAElzjmSPfUeCoTGKbm7wnDLSZ5ek1-6Gvc/getUpdates "HTTP/1.1 200 OK"
2025-12-12 18:55:48,332 INFO Running job "_email_job (trigger: interval[0:01:00], next run at: 2025-12-12 23:56:48 UTC)" (scheduled at 2025-12-12 23:55:48.319770+00:00)
2025-12-12 18:55:49,031 INFO Job "_email_job (trigger: interval[0:01:00], next run at: 2025-12-12 23:56:48 UTC)" executed successfully
2025-12-12 18:55:52,908 INFO HTTP Request: POST https://api.telegram.org/bot8428323516:AAElzjmSPfUeCoTGKbm7wnDLSZ5ek1-6Gvc/getUpdates "HTTP/1.1 200 OK"
2025-12-12 18:56:03,066 INFO HTTP Request: POST https://api.telegram.org/bot8428323516:AAElzjmSPfUeCoTGKbm7wnDLSZ5ek1-6Gvc/getUpdates "HTTP/1.1 200 OK"
2025-12-12 18:56:13,223 INFO HTTP Request: POST https://api.telegram.org/bot8428323516:AAElzjmSPfUeCoTGKbm7wnDLSZ5ek1-6Gvc/getUpdates "HTTP/1.1 200 OK"
2025-12-12 18:56:23,380 INFO HTTP Request: POST https://api.telegram.org/bot8428323516:AAElzjmSPfUeCoTGKbm7wnDLSZ5ek1-6Gvc/getUpdates "HTTP/1.1 200 OK"
2025-12-12 18:56:33,544 INFO HTTP Request: POST https://api.telegram.org/bot8428323516:AAElzjmSPfUeCoTGKbm7wnDLSZ5ek1-6Gvc/getUpdates "HTTP/1.1 200 OK"
2025-12-12 18:56:43,700 INFO HTTP Request: POST https://api.telegram.org/bot8428323516:AAElzjmSPfUeCoTGKbm7wnDLSZ5ek1-6Gvc/getUpdates "HTTP/1.1 200 OK"
2025-12-12 18:56:48,330 INFO Running job "_email_job (trigger: interval[0:01:00], next run at: 2025-12-12 23:57:48 UTC)" (scheduled at 2025-12-12 23:56:48.319770+00:00)
2025-12-12 18:56:48,949 INFO Job "_email_job (trigger: interval[0:01:00], next run at: 2025-12-12 23:57:48 UTC)" executed successfully
2025-12-12 18:56:53,857 INFO HTTP Request: POST https://api.telegram.org/bot8428323516:AAElzjmSPfUeCoTGKbm7wnDLSZ5ek1-6Gvc/getUpdates "HTTP/1.1 200 OK"
2025-12-12 18:57:04,013 INFO HTTP Request: POST https://api.telegram.org/bot8428323516:AAElzjmSPfUeCoTGKbm7wnDLSZ5ek1-6Gvc/getUpdates "HTTP/1.1 200 OK"
2025-12-12 18:57:14,170 INFO HTTP Request: POST https://api.telegram.org/bot8428323516:AAElzjmSPfUeCoTGKbm7wnDLSZ5ek1-6Gvc/getUpdates "HTTP/1.1 200 OK"
2025-12-12 18:57:24,327 INFO HTTP Request: POST https://api.telegram.org/bot8428323516:AAElzjmSPfUeCoTGKbm7wnDLSZ5ek1-6Gvc/getUpdates "HTTP/1.1 200 OK"
2025-12-12 18:57:34,486 INFO HTTP Request: POST https://api.telegram.org/bot8428323516:AAElzjmSPfUeCoTGKbm7wnDLSZ5ek1-6Gvc/getUpdates "HTTP/1.1 200 OK"
2025-12-12 18:57:44,642 INFO HTTP Request: POST https://api.telegram.org/bot8428323516:AAElzjmSPfUeCoTGKbm7wnDLSZ5ek1-6Gvc/getUpdates "HTTP/1.1 200 OK"
2025-12-12 18:57:48,326 INFO Running job "_email_job (trigger: interval[0:01:00], next run at: 2025-12-12 23:58:48 UTC)" (scheduled at 2025-12-12 23:57:48.319770+00:00)
2025-12-12 18:57:48,919 INFO Job "_email_job (trigger: interval[0:01:00], next run at: 2025-12-12 23:58:48 UTC)" executed successfully
2025-12-12 18:57:54,799 INFO HTTP Request: POST https://api.telegram.org/bot8428323516:AAElzjmSPfUeCoTGKbm7wnDLSZ5ek1-6Gvc/getUpdates "HTTP/1.1 200 OK"
2025-12-12 18:58:04,955 INFO HTTP Request: POST https://api.telegram.org/bot8428323516:AAElzjmSPfUeCoTGKbm7wnDLSZ5ek1-6Gvc/getUpdates "HTTP/1.1 200 OK"
2025-12-12 18:58:15,111 INFO HTTP Request: POST https://api.telegram.org/bot8428323516:AAElzjmSPfUeCoTGKbm7wnDLSZ5ek1-6Gvc/getUpdates "HTTP/1.1 200 OK"
2025-12-12 18:58:25,268 INFO HTTP Request: POST https://api.telegram.org/bot8428323516:AAElzjmSPfUeCoTGKbm7wnDLSZ5ek1-6Gvc/getUpdates "HTTP/1.1 200 OK"
2025-12-12 18:58:35,424 INFO HTTP Request: POST https://api.telegram.org/bot8428323516:AAElzjmSPfUeCoTGKbm7wnDLSZ5ek1-6Gvc/getUpdates "HTTP/1.1 200 OK"
2025-12-12 18:58:45,581 INFO HTTP Request: POST https://api.telegram.org/bot8428323516:AAElzjmSPfUeCoTGKbm7wnDLSZ5ek1-6Gvc/getUpdates "HTTP/1.1 200 OK"
2025-12-12 18:58:48,330 INFO Running job "_email_job (trigger: interval[0:01:00], next run at: 2025-12-12 23:59:48 UTC)" (scheduled at 2025-12-12 23:58:48.319770+00:00)
2025-12-12 18:58:48,968 INFO Job "_email_job (trigger: interval[0:01:00], next run at: 2025-12-12 23:59:48 UTC)" executed successfully
2025-12-12 18:58:55,739 INFO HTTP Request: POST https://api.telegram.org/bot8428323516:AAElzjmSPfUeCoTGKbm7wnDLSZ5ek1-6Gvc/getUpdates "HTTP/1.1 200 OK"
2025-12-12 18:59:05,895 INFO HTTP Request: POST https://api.telegram.org/bot8428323516:AAElzjmSPfUeCoTGKbm7wnDLSZ5ek1-6Gvc/getUpdates "HTTP/1.1 200 OK"
2025-12-12 18:59:16,052 INFO HTTP Request: POST https://api.telegram.org/bot8428323516:AAElzjmSPfUeCoTGKbm7wnDLSZ5ek1-6Gvc/getUpdates "HTTP/1.1 200 OK"
2025-12-12 18:59:26,213 INFO HTTP Request: POST https://api.telegram.org/bot8428323516:AAElzjmSPfUeCoTGKbm7wnDLSZ5ek1-6Gvc/getUpdates "HTTP/1.1 200 OK"
2025-12-12 18:59:36,379 INFO HTTP Request: POST https://api.telegram.org/bot8428323516:AAElzjmSPfUeCoTGKbm7wnDLSZ5ek1-6Gvc/getUpdates "HTTP/1.1 200 OK"
2025-12-12 18:59:46,535 INFO HTTP Request: POST https://api.telegram.org/bot8428323516:AAElzjmSPfUeCoTGKbm7wnDLSZ5ek1-6Gvc/getUpdates "HTTP/1.1 200 OK"
2025-12-12 18:59:48,321 INFO Running job "_email_job (trigger: interval[0:01:00], next run at: 2025-12-13 00:00:48 UTC)" (scheduled at 2025-12-12 23:59:48.319770+00:00)
2025-12-12 18:59:49,010 INFO Job "_email_job (trigger: interval[0:01:00], next run at: 2025-12-13 00:00:48 UTC)" executed successfully
2025-12-12 18:59:56,692 INFO HTTP Request: POST https://api.telegram.org/bot8428323516:AAElzjmSPfUeCoTGKbm7wnDLSZ5ek1-6Gvc/getUpdates "HTTP/1.1 200 OK"
2025-12-12 19:00:06,849 INFO HTTP Request: POST https://api.telegram.org/bot8428323516:AAElzjmSPfUeCoTGKbm7wnDLSZ5ek1-6Gvc/getUpdates "HTTP/1.1 200 OK"
2025-12-12 19:00:17,005 INFO HTTP Request: POST https://api.telegram.org/bot8428323516:AAElzjmSPfUeCoTGKbm7wnDLSZ5ek1-6Gvc/getUpdates "HTTP/1.1 200 OK"
2025-12-12 19:00:27,164 INFO HTTP Request: POST https://api.telegram.org/bot8428323516:AAElzjmSPfUeCoTGKbm7wnDLSZ5ek1-6Gvc/getUpdates "HTTP/1.1 200 OK"
2025-12-12 19:00:37,321 INFO HTTP Request: POST https://api.telegram.org/bot8428323516:AAElzjmSPfUeCoTGKbm7wnDLSZ5ek1-6Gvc/getUpdates "HTTP/1.1 200 OK"
2025-12-12 19:00:47,477 INFO HTTP Request: POST https://api.telegram.org/bot8428323516:AAElzjmSPfUeCoTGKbm7wnDLSZ5ek1-6Gvc/getUpdates "HTTP/1.1 200 OK"
2025-12-12 19:00:48,328 INFO Running job "_email_job (trigger: interval[0:01:00], next run at: 2025-12-13 00:01:48 UTC)" (scheduled at 2025-12-13 00:00:48.319770+00:00)
2025-12-12 19:00:49,010 INFO Job "_email_job (trigger: interval[0:01:00], next run at: 2025-12-13 00:01:48 UTC)" executed successfully
2025-12-12 19:00:57,634 INFO HTTP Request: POST https://api.telegram.org/bot8428323516:AAElzjmSPfUeCoTGKbm7wnDLSZ5ek1-6Gvc/getUpdates "HTTP/1.1 200 OK"
2025-12-12 19:01:07,790 INFO HTTP Request: POST https://api.telegram.org/bot8428323516:AAElzjmSPfUeCoTGKbm7wnDLSZ5ek1-6Gvc/getUpdates "HTTP/1.1 200 OK"
2025-12-12 19:01:17,947 INFO HTTP Request: POST https://api.telegram.org/bot8428323516:AAElzjmSPfUeCoTGKbm7wnDLSZ5ek1-6Gvc/getUpdates "HTTP/1.1 200 OK"
2025-12-12 19:01:28,103 INFO HTTP Request: POST https://api.telegram.org/bot8428323516:AAElzjmSPfUeCoTGKbm7wnDLSZ5ek1-6Gvc/getUpdates "HTTP/1.1 200 OK"
2025-12-12 19:01:38,260 INFO HTTP Request: POST https://api.telegram.org/bot8428323516:AAElzjmSPfUeCoTGKbm7wnDLSZ5ek1-6Gvc/getUpdates "HTTP/1.1 200 OK"
2025-12-12 19:01:48,328 INFO Running job "_email_job (trigger: interval[0:01:00], next run at: 2025-12-13 00:02:48 UTC)" (scheduled at 2025-12-13 00:01:48.319770+00:00)
2025-12-12 19:01:48,417 INFO HTTP Request: POST https://api.telegram.org/bot8428323516:AAElzjmSPfUeCoTGKbm7wnDLSZ5ek1-6Gvc/getUpdates "HTTP/1.1 200 OK"
2025-12-12 19:01:49,039 INFO Job "_email_job (trigger: interval[0:01:00], next run at: 2025-12-13 00:02:48 UTC)" executed successfully
2025-12-12 19:01:58,574 INFO HTTP Request: POST https://api.telegram.org/bot8428323516:AAElzjmSPfUeCoTGKbm7wnDLSZ5ek1-6Gvc/getUpdates "HTTP/1.1 200 OK"
2025-12-12 19:02:08,733 INFO HTTP Request: POST https://api.telegram.org/bot8428323516:AAElzjmSPfUeCoTGKbm7wnDLSZ5ek1-6Gvc/getUpdates "HTTP/1.1 200 OK"
2025-12-12 19:02:18,890 INFO HTTP Request: POST https://api.telegram.org/bot8428323516:AAElzjmSPfUeCoTGKbm7wnDLSZ5ek1-6Gvc/getUpdates "HTTP/1.1 200 OK"
2025-12-12 19:02:29,048 INFO HTTP Request: POST https://api.telegram.org/bot8428323516:AAElzjmSPfUeCoTGKbm7wnDLSZ5ek1-6Gvc/getUpdates "HTTP/1.1 200 OK"
2025-12-12 19:02:39,204 INFO HTTP Request: POST https://api.telegram.org/bot8428323516:AAElzjmSPfUeCoTGKbm7wnDLSZ5ek1-6Gvc/getUpdates "HTTP/1.1 200 OK"
2025-12-12 19:02:48,331 INFO Running job "_email_job (trigger: interval[0:01:00], next run at: 2025-12-13 00:03:48 UTC)" (scheduled at 2025-12-13 00:02:48.319770+00:00)
2025-12-12 19:02:48,925 INFO Job "_email_job (trigger: interval[0:01:00], next run at: 2025-12-13 00:03:48 UTC)" executed successfully
2025-12-12 19:02:49,362 INFO HTTP Request: POST https://api.telegram.org/bot8428323516:AAElzjmSPfUeCoTGKbm7wnDLSZ5ek1-6Gvc/getUpdates "HTTP/1.1 200 OK"
2025-12-12 19:02:59,519 INFO HTTP Request: POST https://api.telegram.org/bot8428323516:AAElzjmSPfUeCoTGKbm7wnDLSZ5ek1-6Gvc/getUpdates "HTTP/1.1 200 OK"
2025-12-12 19:03:09,677 INFO HTTP Request: POST https://api.telegram.org/bot8428323516:AAElzjmSPfUeCoTGKbm7wnDLSZ5ek1-6Gvc/getUpdates "HTTP/1.1 200 OK"
2025-12-12 19:03:19,833 INFO HTTP Request: POST https://api.telegram.org/bot8428323516:AAElzjmSPfUeCoTGKbm7wnDLSZ5ek1-6Gvc/getUpdates "HTTP/1.1 200 OK"
2025-12-12 19:03:29,989 INFO HTTP Request: POST https://api.telegram.org/bot8428323516:AAElzjmSPfUeCoTGKbm7wnDLSZ5ek1-6Gvc/getUpdates "HTTP/1.1 200 OK"
2025-12-12 19:03:40,145 INFO HTTP Request: POST https://api.telegram.org/bot8428323516:AAElzjmSPfUeCoTGKbm7wnDLSZ5ek1-6Gvc/getUpdates "HTTP/1.1 200 OK"
2025-12-12 19:03:48,323 INFO Running job "_email_job (trigger: interval[0:01:00], next run at: 2025-12-13 00:04:48 UTC)" (scheduled at 2025-12-13 00:03:48.319770+00:00)
2025-12-12 19:03:48,998 INFO Job "_email_job (trigger: interval[0:01:00], next run at: 2025-12-13 00:04:48 UTC)" executed successfully
2025-12-12 19:03:50,302 INFO HTTP Request: POST https://api.telegram.org/bot8428323516:AAElzjmSPfUeCoTGKbm7wnDLSZ5ek1-6Gvc/getUpdates "HTTP/1.1 200 OK"
2025-12-12 19:04:00,459 INFO HTTP Request: POST https://api.telegram.org/bot8428323516:AAElzjmSPfUeCoTGKbm7wnDLSZ5ek1-6Gvc/getUpdates "HTTP/1.1 200 OK"
2025-12-12 19:04:10,614 INFO HTTP Request: POST https://api.telegram.org/bot8428323516:AAElzjmSPfUeCoTGKbm7wnDLSZ5ek1-6Gvc/getUpdates "HTTP/1.1 200 OK"
2025-12-12 19:04:20,771 INFO HTTP Request: POST https://api.telegram.org/bot8428323516:AAElzjmSPfUeCoTGKbm7wnDLSZ5ek1-6Gvc/getUpdates "HTTP/1.1 200 OK"
2025-12-12 19:04:30,927 INFO HTTP Request: POST https://api.telegram.org/bot8428323516:AAElzjmSPfUeCoTGKbm7wnDLSZ5ek1-6Gvc/getUpdates "HTTP/1.1 200 OK"
2025-12-12 19:04:41,084 INFO HTTP Request: POST https://api.telegram.org/bot8428323516:AAElzjmSPfUeCoTGKbm7wnDLSZ5ek1-6Gvc/getUpdates "HTTP/1.1 200 OK"
2025-12-12 19:04:48,325 INFO Running job "_email_job (trigger: interval[0:01:00], next run at: 2025-12-13 00:05:48 UTC)" (scheduled at 2025-12-13 00:04:48.319770+00:00)
2025-12-12 19:04:48,922 INFO Job "_email_job (trigger: interval[0:01:00], next run at: 2025-12-13 00:05:48 UTC)" executed successfully
2025-12-12 19:04:51,241 INFO HTTP Request: POST https://api.telegram.org/bot8428323516:AAElzjmSPfUeCoTGKbm7wnDLSZ5ek1-6Gvc/getUpdates "HTTP/1.1 200 OK"
2025-12-12 19:05:01,399 INFO HTTP Request: POST https://api.telegram.org/bot8428323516:AAElzjmSPfUeCoTGKbm7wnDLSZ5ek1-6Gvc/getUpdates "HTTP/1.1 200 OK"
2025-12-12 19:05:11,555 INFO HTTP Request: POST https://api.telegram.org/bot8428323516:AAElzjmSPfUeCoTGKbm7wnDLSZ5ek1-6Gvc/getUpdates "HTTP/1.1 200 OK"
2025-12-12 19:05:21,713 INFO HTTP Request: POST https://api.telegram.org/bot8428323516:AAElzjmSPfUeCoTGKbm7wnDLSZ5ek1-6Gvc/getUpdates "HTTP/1.1 200 OK"
2025-12-12 19:05:31,871 INFO HTTP Request: POST https://api.telegram.org/bot8428323516:AAElzjmSPfUeCoTGKbm7wnDLSZ5ek1-6Gvc/getUpdates "HTTP/1.1 200 OK"
2025-12-12 19:05:42,028 INFO HTTP Request: POST https://api.telegram.org/bot8428323516:AAElzjmSPfUeCoTGKbm7wnDLSZ5ek1-6Gvc/getUpdates "HTTP/1.1 200 OK"
2025-12-12 19:05:48,326 INFO Running job "_email_job (trigger: interval[0:01:00], next run at: 2025-12-13 00:06:48 UTC)" (scheduled at 2025-12-13 00:05:48.319770+00:00)
2025-12-12 19:05:49,093 INFO Job "_email_job (trigger: interval[0:01:00], next run at: 2025-12-13 00:06:48 UTC)" executed successfully
2025-12-12 19:05:52,185 INFO HTTP Request: POST https://api.telegram.org/bot8428323516:AAElzjmSPfUeCoTGKbm7wnDLSZ5ek1-6Gvc/getUpdates "HTTP/1.1 200 OK"
2025-12-12 19:06:02,341 INFO HTTP Request: POST https://api.telegram.org/bot8428323516:AAElzjmSPfUeCoTGKbm7wnDLSZ5ek1-6Gvc/getUpdates "HTTP/1.1 200 OK"
2025-12-12 19:06:12,498 INFO HTTP Request: POST https://api.telegram.org/bot8428323516:AAElzjmSPfUeCoTGKbm7wnDLSZ5ek1-6Gvc/getUpdates "HTTP/1.1 200 OK"
2025-12-12 19:06:22,657 INFO HTTP Request: POST https://api.telegram.org/bot8428323516:AAElzjmSPfUeCoTGKbm7wnDLSZ5ek1-6Gvc/getUpdates "HTTP/1.1 200 OK"
2025-12-12 19:06:32,819 INFO HTTP Request: POST https://api.telegram.org/bot8428323516:AAElzjmSPfUeCoTGKbm7wnDLSZ5ek1-6Gvc/getUpdates "HTTP/1.1 200 OK"
2025-12-12 19:06:42,977 INFO HTTP Request: POST https://api.telegram.org/bot8428323516:AAElzjmSPfUeCoTGKbm7wnDLSZ5ek1-6Gvc/getUpdates "HTTP/1.1 200 OK"
2025-12-12 19:06:48,321 INFO Running job "_email_job (trigger: interval[0:01:00], next run at: 2025-12-13 00:07:48 UTC)" (scheduled at 2025-12-13 00:06:48.319770+00:00)
2025-12-12 19:06:48,943 INFO Job "_email_job (trigger: interval[0:01:00], next run at: 2025-12-13 00:07:48 UTC)" executed successfully
2025-12-12 19:06:53,136 INFO HTTP Request: POST https://api.telegram.org/bot8428323516:AAElzjmSPfUeCoTGKbm7wnDLSZ5ek1-6Gvc/getUpdates "HTTP/1.1 200 OK"
2025-12-12 19:07:03,291 INFO HTTP Request: POST https://api.telegram.org/bot8428323516:AAElzjmSPfUeCoTGKbm7wnDLSZ5ek1-6Gvc/getUpdates "HTTP/1.1 200 OK"
2025-12-12 19:07:13,450 INFO HTTP Request: POST https://api.telegram.org/bot8428323516:AAElzjmSPfUeCoTGKbm7wnDLSZ5ek1-6Gvc/getUpdates "HTTP/1.1 200 OK"
2025-12-12 19:07:23,606 INFO HTTP Request: POST https://api.telegram.org/bot8428323516:AAElzjmSPfUeCoTGKbm7wnDLSZ5ek1-6Gvc/getUpdates "HTTP/1.1 200 OK"
2025-12-12 19:07:33,763 INFO HTTP Request: POST https://api.telegram.org/bot8428323516:AAElzjmSPfUeCoTGKbm7wnDLSZ5ek1-6Gvc/getUpdates "HTTP/1.1 200 OK"
2025-12-12 19:07:43,921 INFO HTTP Request: POST https://api.telegram.org/bot8428323516:AAElzjmSPfUeCoTGKbm7wnDLSZ5ek1-6Gvc/getUpdates "HTTP/1.1 200 OK"
2025-12-12 19:07:48,328 INFO Running job "_email_job (trigger: interval[0:01:00], next run at: 2025-12-13 00:08:48 UTC)" (scheduled at 2025-12-13 00:07:48.319770+00:00)
2025-12-12 19:07:48,962 INFO Job "_email_job (trigger: interval[0:01:00], next run at: 2025-12-13 00:08:48 UTC)" executed successfully
2025-12-12 19:07:54,079 INFO HTTP Request: POST https://api.telegram.org/bot8428323516:AAElzjmSPfUeCoTGKbm7wnDLSZ5ek1-6Gvc/getUpdates "HTTP/1.1 200 OK"
2025-12-12 19:08:04,235 INFO HTTP Request: POST https://api.telegram.org/bot8428323516:AAElzjmSPfUeCoTGKbm7wnDLSZ5ek1-6Gvc/getUpdates "HTTP/1.1 200 OK"
2025-12-12 19:08:14,788 INFO HTTP Request: POST https://api.telegram.org/bot8428323516:AAElzjmSPfUeCoTGKbm7wnDLSZ5ek1-6Gvc/getUpdates "HTTP/1.1 200 OK"
2025-12-12 19:08:24,948 INFO HTTP Request: POST https://api.telegram.org/bot8428323516:AAElzjmSPfUeCoTGKbm7wnDLSZ5ek1-6Gvc/getUpdates "HTTP/1.1 200 OK"
2025-12-12 19:08:35,103 INFO HTTP Request: POST https://api.telegram.org/bot8428323516:AAElzjmSPfUeCoTGKbm7wnDLSZ5ek1-6Gvc/getUpdates "HTTP/1.1 200 OK"
2025-12-12 19:08:45,258 INFO HTTP Request: POST https://api.telegram.org/bot8428323516:AAElzjmSPfUeCoTGKbm7wnDLSZ5ek1-6Gvc/getUpdates "HTTP/1.1 200 OK"
2025-12-12 19:08:48,326 INFO Running job "_email_job (trigger: interval[0:01:00], next run at: 2025-12-13 00:09:48 UTC)" (scheduled at 2025-12-13 00:08:48.319770+00:00)
2025-12-12 19:08:49,007 INFO Job "_email_job (trigger: interval[0:01:00], next run at: 2025-12-13 00:09:48 UTC)" executed successfully
2025-12-12 19:08:55,416 INFO HTTP Request: POST https://api.telegram.org/bot8428323516:AAElzjmSPfUeCoTGKbm7wnDLSZ5ek1-6Gvc/getUpdates "HTTP/1.1 200 OK"
2025-12-12 19:09:05,571 INFO HTTP Request: POST https://api.telegram.org/bot8428323516:AAElzjmSPfUeCoTGKbm7wnDLSZ5ek1-6Gvc/getUpdates "HTTP/1.1 200 OK"
2025-12-12 19:09:15,731 INFO HTTP Request: POST https://api.telegram.org/bot8428323516:AAElzjmSPfUeCoTGKbm7wnDLSZ5ek1-6Gvc/getUpdates "HTTP/1.1 200 OK"
2025-12-12 19:09:25,886 INFO HTTP Request: POST https://api.telegram.org/bot8428323516:AAElzjmSPfUeCoTGKbm7wnDLSZ5ek1-6Gvc/getUpdates "HTTP/1.1 200 OK"
2025-12-12 19:09:36,042 INFO HTTP Request: POST https://api.telegram.org/bot8428323516:AAElzjmSPfUeCoTGKbm7wnDLSZ5ek1-6Gvc/getUpdates "HTTP/1.1 200 OK"
2025-12-12 19:09:46,197 INFO HTTP Request: POST https://api.telegram.org/bot8428323516:AAElzjmSPfUeCoTGKbm7wnDLSZ5ek1-6Gvc/getUpdates "HTTP/1.1 200 OK"
2025-12-12 19:09:48,331 INFO Running job "_email_job (trigger: interval[0:01:00], next run at: 2025-12-13 00:10:48 UTC)" (scheduled at 2025-12-13 00:09:48.319770+00:00)
2025-12-12 19:09:48,942 INFO Job "_email_job (trigger: interval[0:01:00], next run at: 2025-12-13 00:10:48 UTC)" executed successfully
2025-12-12 19:09:56,353 INFO HTTP Request: POST https://api.telegram.org/bot8428323516:AAElzjmSPfUeCoTGKbm7wnDLSZ5ek1-6Gvc/getUpdates "HTTP/1.1 200 OK"
2025-12-12 19:10:06,509 INFO HTTP Request: POST https://api.telegram.org/bot8428323516:AAElzjmSPfUeCoTGKbm7wnDLSZ5ek1-6Gvc/getUpdates "HTTP/1.1 200 OK"
2025-12-12 19:10:16,667 INFO HTTP Request: POST https://api.telegram.org/bot8428323516:AAElzjmSPfUeCoTGKbm7wnDLSZ5ek1-6Gvc/getUpdates "HTTP/1.1 200 OK"
2025-12-12 19:10:26,825 INFO HTTP Request: POST https://api.telegram.org/bot8428323516:AAElzjmSPfUeCoTGKbm7wnDLSZ5ek1-6Gvc/getUpdates "HTTP/1.1 200 OK"
2025-12-12 19:10:36,981 INFO HTTP Request: POST https://api.telegram.org/bot8428323516:AAElzjmSPfUeCoTGKbm7wnDLSZ5ek1-6Gvc/getUpdates "HTTP/1.1 200 OK"
2025-12-12 19:10:47,137 INFO HTTP Request: POST https://api.telegram.org/bot8428323516:AAElzjmSPfUeCoTGKbm7wnDLSZ5ek1-6Gvc/getUpdates "HTTP/1.1 200 OK"
2025-12-12 19:10:48,328 INFO Running job "_email_job (trigger: interval[0:01:00], next run at: 2025-12-13 00:11:48 UTC)" (scheduled at 2025-12-13 00:10:48.319770+00:00)
2025-12-12 19:10:49,040 INFO Job "_email_job (trigger: interval[0:01:00], next run at: 2025-12-13 00:11:48 UTC)" executed successfully
2025-12-12 19:10:57,297 INFO HTTP Request: POST https://api.telegram.org/bot8428323516:AAElzjmSPfUeCoTGKbm7wnDLSZ5ek1-6Gvc/getUpdates "HTTP/1.1 200 OK"
2025-12-12 19:11:07,453 INFO HTTP Request: POST https://api.telegram.org/bot8428323516:AAElzjmSPfUeCoTGKbm7wnDLSZ5ek1-6Gvc/getUpdates "HTTP/1.1 200 OK"
2025-12-12 19:11:17,609 INFO HTTP Request: POST https://api.telegram.org/bot8428323516:AAElzjmSPfUeCoTGKbm7wnDLSZ5ek1-6Gvc/getUpdates "HTTP/1.1 200 OK"
2025-12-12 19:11:27,766 INFO HTTP Request: POST https://api.telegram.org/bot8428323516:AAElzjmSPfUeCoTGKbm7wnDLSZ5ek1-6Gvc/getUpdates "HTTP/1.1 200 OK"
2025-12-12 19:11:37,922 INFO HTTP Request: POST https://api.telegram.org/bot8428323516:AAElzjmSPfUeCoTGKbm7wnDLSZ5ek1-6Gvc/getUpdates "HTTP/1.1 200 OK"
2025-12-12 19:11:48,077 INFO HTTP Request: POST https://api.telegram.org/bot8428323516:AAElzjmSPfUeCoTGKbm7wnDLSZ5ek1-6Gvc/getUpdates "HTTP/1.1 200 OK"
2025-12-12 19:11:48,330 INFO Running job "_email_job (trigger: interval[0:01:00], next run at: 2025-12-13 00:12:48 UTC)" (scheduled at 2025-12-13 00:11:48.319770+00:00)
2025-12-12 19:11:48,744 WARNING ⚠️ Usando CHAT_ID por defecto (1943663667).
2025-12-12 19:11:48,747 INFO Adding job tentatively -- it will be properly scheduled when the scheduler starts
2025-12-12 19:11:49,115 INFO Job "_email_job (trigger: interval[0:01:00], next run at: 2025-12-13 00:12:48 UTC)" executed successfully
2025-12-12 19:11:49,337 INFO HTTP Request: POST https://api.telegram.org/bot8428323516:AAElzjmSPfUeCoTGKbm7wnDLSZ5ek1-6Gvc/getMe "HTTP/1.1 200 OK"
2025-12-12 19:11:49,494 INFO HTTP Request: POST https://api.telegram.org/bot8428323516:AAElzjmSPfUeCoTGKbm7wnDLSZ5ek1-6Gvc/deleteWebhook "HTTP/1.1 200 OK"
2025-12-12 19:11:49,497 INFO Added job "_email_job" to job store "default"
2025-12-12 19:11:49,497 INFO Scheduler started
2025-12-12 19:11:49,497 INFO Application started
2025-12-12 19:11:49,961 INFO HTTP Request: POST https://api.telegram.org/bot8428323516:AAElzjmSPfUeCoTGKbm7wnDLSZ5ek1-6Gvc/getUpdates "HTTP/1.1 409 Conflict"
2025-12-12 19:11:49,962 ERROR No error handlers are registered, logging exception.
Traceback (most recent call last):
  File "C:\Users\OurPresent\Downloads\Maestría BD\Proyecto Final\GmailPointsWatcher\.venv\Lib\site-packages\telegram\ext\_utils\networkloop.py", line 134, in network_retry_loop
    await do_action()
  File "C:\Users\OurPresent\Downloads\Maestría BD\Proyecto Final\GmailPointsWatcher\.venv\Lib\site-packages\telegram\ext\_utils\networkloop.py", line 127, in do_action
    action_cb_task.result()
    ~~~~~~~~~~~~~~~~~~~~~^^
  File "C:\Users\OurPresent\Downloads\Maestría BD\Proyecto Final\GmailPointsWatcher\.venv\Lib\site-packages\telegram\ext\_updater.py", line 340, in polling_action_cb
    updates = await self.bot.get_updates(
              ^^^^^^^^^^^^^^^^^^^^^^^^^^^
    ...<3 lines>...
    )
    ^
  File "C:\Users\OurPresent\Downloads\Maestría BD\Proyecto Final\GmailPointsWatcher\.venv\Lib\site-packages\telegram\ext\_extbot.py", line 676, in get_updates
    updates = await super().get_updates(
              ^^^^^^^^^^^^^^^^^^^^^^^^^^
    ...<9 lines>...
    )
    ^
  File "C:\Users\OurPresent\Downloads\Maestría BD\Proyecto Final\GmailPointsWatcher\.venv\Lib\site-packages\telegram\_bot.py", line 4780, in get_updates
    await self._post(
    ^^^^^^^^^^^^^^^^^
    ...<7 lines>...
    ),
    ^
  File "C:\Users\OurPresent\Downloads\Maestría BD\Proyecto Final\GmailPointsWatcher\.venv\Lib\site-packages\telegram\_bot.py", line 703, in _post
    return await self._do_post(
           ^^^^^^^^^^^^^^^^^^^^
    ...<6 lines>...
    )
    ^
  File "C:\Users\OurPresent\Downloads\Maestría BD\Proyecto Final\GmailPointsWatcher\.venv\Lib\site-packages\telegram\ext\_extbot.py", line 372, in _do_post
    return await super()._do_post(
           ^^^^^^^^^^^^^^^^^^^^^^^
    ...<6 lines>...
    )
    ^
  File "C:\Users\OurPresent\Downloads\Maestría BD\Proyecto Final\GmailPointsWatcher\.venv\Lib\site-packages\telegram\_bot.py", line 732, in _do_post
    result = await request.post(
             ^^^^^^^^^^^^^^^^^^^
    ...<6 lines>...
    )
    ^
  File "C:\Users\OurPresent\Downloads\Maestría BD\Proyecto Final\GmailPointsWatcher\.venv\Lib\site-packages\telegram\request\_baserequest.py", line 198, in post
    result = await self._request_wrapper(
             ^^^^^^^^^^^^^^^^^^^^^^^^^^^^
    ...<7 lines>...
    )
    ^
  File "C:\Users\OurPresent\Downloads\Maestría BD\Proyecto Final\GmailPointsWatcher\.venv\Lib\site-packages\telegram\request\_baserequest.py", line 375, in _request_wrapper
    raise exception
telegram.error.Conflict: Conflict: terminated by other getUpdates request; make sure that only one bot instance is running
2025-12-12 19:11:54,122 INFO HTTP Request: POST https://api.telegram.org/bot8428323516:AAElzjmSPfUeCoTGKbm7wnDLSZ5ek1-6Gvc/getUpdates "HTTP/1.1 409 Conflict"
2025-12-12 19:11:54,123 ERROR No error handlers are registered, logging exception.
Traceback (most recent call last):
  File "C:\Users\OurPresent\Downloads\Maestría BD\Proyecto Final\GmailPointsWatcher\.venv\Lib\site-packages\telegram\ext\_utils\networkloop.py", line 134, in network_retry_loop
    await do_action()
  File "C:\Users\OurPresent\Downloads\Maestría BD\Proyecto Final\GmailPointsWatcher\.venv\Lib\site-packages\telegram\ext\_utils\networkloop.py", line 127, in do_action
    action_cb_task.result()
    ~~~~~~~~~~~~~~~~~~~~~^^
  File "C:\Users\OurPresent\Downloads\Maestría BD\Proyecto Final\GmailPointsWatcher\.venv\Lib\site-packages\telegram\ext\_updater.py", line 340, in polling_action_cb
    updates = await self.bot.get_updates(
              ^^^^^^^^^^^^^^^^^^^^^^^^^^^
    ...<3 lines>...
    )
    ^
  File "C:\Users\OurPresent\Downloads\Maestría BD\Proyecto Final\GmailPointsWatcher\.venv\Lib\site-packages\telegram\ext\_extbot.py", line 676, in get_updates
    updates = await super().get_updates(
              ^^^^^^^^^^^^^^^^^^^^^^^^^^
    ...<9 lines>...
    )
    ^
  File "C:\Users\OurPresent\Downloads\Maestría BD\Proyecto Final\GmailPointsWatcher\.venv\Lib\site-packages\telegram\_bot.py", line 4780, in get_updates
    await self._post(
    ^^^^^^^^^^^^^^^^^
    ...<7 lines>...
    ),
    ^
  File "C:\Users\OurPresent\Downloads\Maestría BD\Proyecto Final\GmailPointsWatcher\.venv\Lib\site-packages\telegram\_bot.py", line 703, in _post
    return await self._do_post(
           ^^^^^^^^^^^^^^^^^^^^
    ...<6 lines>...
    )
    ^
  File "C:\Users\OurPresent\Downloads\Maestría BD\Proyecto Final\GmailPointsWatcher\.venv\Lib\site-packages\telegram\ext\_extbot.py", line 372, in _do_post
    return await super()._do_post(
           ^^^^^^^^^^^^^^^^^^^^^^^
    ...<6 lines>...
    )
    ^
  File "C:\Users\OurPresent\Downloads\Maestría BD\Proyecto Final\GmailPointsWatcher\.venv\Lib\site-packages\telegram\_bot.py", line 732, in _do_post
    result = await request.post(
             ^^^^^^^^^^^^^^^^^^^
    ...<6 lines>...
    )
    ^
  File "C:\Users\OurPresent\Downloads\Maestría BD\Proyecto Final\GmailPointsWatcher\.venv\Lib\site-packages\telegram\request\_baserequest.py", line 198, in post
    result = await self._request_wrapper(
             ^^^^^^^^^^^^^^^^^^^^^^^^^^^^
    ...<7 lines>...
    )
    ^
  File "C:\Users\OurPresent\Downloads\Maestría BD\Proyecto Final\GmailPointsWatcher\.venv\Lib\site-packages\telegram\request\_baserequest.py", line 375, in _request_wrapper
    raise exception
telegram.error.Conflict: Conflict: terminated by other getUpdates request; make sure that only one bot instance is running
2025-12-12 19:11:55,282 INFO HTTP Request: POST https://api.telegram.org/bot8428323516:AAElzjmSPfUeCoTGKbm7wnDLSZ5ek1-6Gvc/getUpdates "HTTP/1.1 409 Conflict"
2025-12-12 19:11:55,284 ERROR No error handlers are registered, logging exception.
Traceback (most recent call last):
  File "C:\Users\OurPresent\Downloads\Maestría BD\Proyecto Final\GmailPointsWatcher\.venv\Lib\site-packages\telegram\ext\_utils\networkloop.py", line 134, in network_retry_loop
    await do_action()
  File "C:\Users\OurPresent\Downloads\Maestría BD\Proyecto Final\GmailPointsWatcher\.venv\Lib\site-packages\telegram\ext\_utils\networkloop.py", line 127, in do_action
    action_cb_task.result()
    ~~~~~~~~~~~~~~~~~~~~~^^
  File "C:\Users\OurPresent\Downloads\Maestría BD\Proyecto Final\GmailPointsWatcher\.venv\Lib\site-packages\telegram\ext\_updater.py", line 340, in polling_action_cb
    updates = await self.bot.get_updates(
              ^^^^^^^^^^^^^^^^^^^^^^^^^^^
    ...<3 lines>...
    )
    ^
  File "C:\Users\OurPresent\Downloads\Maestría BD\Proyecto Final\GmailPointsWatcher\.venv\Lib\site-packages\telegram\ext\_extbot.py", line 676, in get_updates
    updates = await super().get_updates(
              ^^^^^^^^^^^^^^^^^^^^^^^^^^
    ...<9 lines>...
    )
    ^
  File "C:\Users\OurPresent\Downloads\Maestría BD\Proyecto Final\GmailPointsWatcher\.venv\Lib\site-packages\telegram\_bot.py", line 4780, in get_updates
    await self._post(
    ^^^^^^^^^^^^^^^^^
    ...<7 lines>...
    ),
    ^
  File "C:\Users\OurPresent\Downloads\Maestría BD\Proyecto Final\GmailPointsWatcher\.venv\Lib\site-packages\telegram\_bot.py", line 703, in _post
    return await self._do_post(
           ^^^^^^^^^^^^^^^^^^^^
    ...<6 lines>...
    )
    ^
  File "C:\Users\OurPresent\Downloads\Maestría BD\Proyecto Final\GmailPointsWatcher\.venv\Lib\site-packages\telegram\ext\_extbot.py", line 372, in _do_post
    return await super()._do_post(
           ^^^^^^^^^^^^^^^^^^^^^^^
    ...<6 lines>...
    )
    ^
  File "C:\Users\OurPresent\Downloads\Maestría BD\Proyecto Final\GmailPointsWatcher\.venv\Lib\site-packages\telegram\_bot.py", line 732, in _do_post
    result = await request.post(
             ^^^^^^^^^^^^^^^^^^^
    ...<6 lines>...
    )
    ^
  File "C:\Users\OurPresent\Downloads\Maestría BD\Proyecto Final\GmailPointsWatcher\.venv\Lib\site-packages\telegram\request\_baserequest.py", line 198, in post
    result = await self._request_wrapper(
             ^^^^^^^^^^^^^^^^^^^^^^^^^^^^
    ...<7 lines>...
    )
    ^
  File "C:\Users\OurPresent\Downloads\Maestría BD\Proyecto Final\GmailPointsWatcher\.venv\Lib\site-packages\telegram\request\_baserequest.py", line 375, in _request_wrapper
    raise exception
telegram.error.Conflict: Conflict: terminated by other getUpdates request; make sure that only one bot instance is running
2025-12-12 19:11:59,946 INFO HTTP Request: POST https://api.telegram.org/bot8428323516:AAElzjmSPfUeCoTGKbm7wnDLSZ5ek1-6Gvc/getUpdates "HTTP/1.1 409 Conflict"
2025-12-12 19:11:59,947 ERROR No error handlers are registered, logging exception.
Traceback (most recent call last):
  File "C:\Users\OurPresent\Downloads\Maestría BD\Proyecto Final\GmailPointsWatcher\.venv\Lib\site-packages\telegram\ext\_utils\networkloop.py", line 134, in network_retry_loop
    await do_action()
  File "C:\Users\OurPresent\Downloads\Maestría BD\Proyecto Final\GmailPointsWatcher\.venv\Lib\site-packages\telegram\ext\_utils\networkloop.py", line 127, in do_action
    action_cb_task.result()
    ~~~~~~~~~~~~~~~~~~~~~^^
  File "C:\Users\OurPresent\Downloads\Maestría BD\Proyecto Final\GmailPointsWatcher\.venv\Lib\site-packages\telegram\ext\_updater.py", line 340, in polling_action_cb
    updates = await self.bot.get_updates(
              ^^^^^^^^^^^^^^^^^^^^^^^^^^^
    ...<3 lines>...
    )
    ^
  File "C:\Users\OurPresent\Downloads\Maestría BD\Proyecto Final\GmailPointsWatcher\.venv\Lib\site-packages\telegram\ext\_extbot.py", line 676, in get_updates
    updates = await super().get_updates(
              ^^^^^^^^^^^^^^^^^^^^^^^^^^
    ...<9 lines>...
    )
    ^
  File "C:\Users\OurPresent\Downloads\Maestría BD\Proyecto Final\GmailPointsWatcher\.venv\Lib\site-packages\telegram\_bot.py", line 4780, in get_updates
    await self._post(
    ^^^^^^^^^^^^^^^^^
    ...<7 lines>...
    ),
    ^
  File "C:\Users\OurPresent\Downloads\Maestría BD\Proyecto Final\GmailPointsWatcher\.venv\Lib\site-packages\telegram\_bot.py", line 703, in _post
    return await self._do_post(
           ^^^^^^^^^^^^^^^^^^^^
    ...<6 lines>...
    )
    ^
  File "C:\Users\OurPresent\Downloads\Maestría BD\Proyecto Final\GmailPointsWatcher\.venv\Lib\site-packages\telegram\ext\_extbot.py", line 372, in _do_post
    return await super()._do_post(
           ^^^^^^^^^^^^^^^^^^^^^^^
    ...<6 lines>...
    )
    ^
  File "C:\Users\OurPresent\Downloads\Maestría BD\Proyecto Final\GmailPointsWatcher\.venv\Lib\site-packages\telegram\_bot.py", line 732, in _do_post
    result = await request.post(
             ^^^^^^^^^^^^^^^^^^^
    ...<6 lines>...
    )
    ^
  File "C:\Users\OurPresent\Downloads\Maestría BD\Proyecto Final\GmailPointsWatcher\.venv\Lib\site-packages\telegram\request\_baserequest.py", line 198, in post
    result = await self._request_wrapper(
             ^^^^^^^^^^^^^^^^^^^^^^^^^^^^
    ...<7 lines>...
    )
    ^
  File "C:\Users\OurPresent\Downloads\Maestría BD\Proyecto Final\GmailPointsWatcher\.venv\Lib\site-packages\telegram\request\_baserequest.py", line 375, in _request_wrapper
    raise exception
telegram.error.Conflict: Conflict: terminated by other getUpdates request; make sure that only one bot instance is running
2025-12-12 19:12:01,613 INFO HTTP Request: POST https://api.telegram.org/bot8428323516:AAElzjmSPfUeCoTGKbm7wnDLSZ5ek1-6Gvc/getUpdates "HTTP/1.1 409 Conflict"
2025-12-12 19:12:01,614 ERROR No error handlers are registered, logging exception.
Traceback (most recent call last):
  File "C:\Users\OurPresent\Downloads\Maestría BD\Proyecto Final\GmailPointsWatcher\.venv\Lib\site-packages\telegram\ext\_utils\networkloop.py", line 134, in network_retry_loop
    await do_action()
  File "C:\Users\OurPresent\Downloads\Maestría BD\Proyecto Final\GmailPointsWatcher\.venv\Lib\site-packages\telegram\ext\_utils\networkloop.py", line 127, in do_action
    action_cb_task.result()
    ~~~~~~~~~~~~~~~~~~~~~^^
  File "C:\Users\OurPresent\Downloads\Maestría BD\Proyecto Final\GmailPointsWatcher\.venv\Lib\site-packages\telegram\ext\_updater.py", line 340, in polling_action_cb
    updates = await self.bot.get_updates(
              ^^^^^^^^^^^^^^^^^^^^^^^^^^^
    ...<3 lines>...
    )
    ^
  File "C:\Users\OurPresent\Downloads\Maestría BD\Proyecto Final\GmailPointsWatcher\.venv\Lib\site-packages\telegram\ext\_extbot.py", line 676, in get_updates
    updates = await super().get_updates(
              ^^^^^^^^^^^^^^^^^^^^^^^^^^
    ...<9 lines>...
    )
    ^
  File "C:\Users\OurPresent\Downloads\Maestría BD\Proyecto Final\GmailPointsWatcher\.venv\Lib\site-packages\telegram\_bot.py", line 4780, in get_updates
    await self._post(
    ^^^^^^^^^^^^^^^^^
    ...<7 lines>...
    ),
    ^
  File "C:\Users\OurPresent\Downloads\Maestría BD\Proyecto Final\GmailPointsWatcher\.venv\Lib\site-packages\telegram\_bot.py", line 703, in _post
    return await self._do_post(
           ^^^^^^^^^^^^^^^^^^^^
    ...<6 lines>...
    )
    ^
  File "C:\Users\OurPresent\Downloads\Maestría BD\Proyecto Final\GmailPointsWatcher\.venv\Lib\site-packages\telegram\ext\_extbot.py", line 372, in _do_post
    return await super()._do_post(
           ^^^^^^^^^^^^^^^^^^^^^^^
    ...<6 lines>...
    )
    ^
  File "C:\Users\OurPresent\Downloads\Maestría BD\Proyecto Final\GmailPointsWatcher\.venv\Lib\site-packages\telegram\_bot.py", line 732, in _do_post
    result = await request.post(
             ^^^^^^^^^^^^^^^^^^^
    ...<6 lines>...
    )
    ^
  File "C:\Users\OurPresent\Downloads\Maestría BD\Proyecto Final\GmailPointsWatcher\.venv\Lib\site-packages\telegram\request\_baserequest.py", line 198, in post
    result = await self._request_wrapper(
             ^^^^^^^^^^^^^^^^^^^^^^^^^^^^
    ...<7 lines>...
    )
    ^
  File "C:\Users\OurPresent\Downloads\Maestría BD\Proyecto Final\GmailPointsWatcher\.venv\Lib\site-packages\telegram\request\_baserequest.py", line 375, in _request_wrapper
    raise exception
telegram.error.Conflict: Conflict: terminated by other getUpdates request; make sure that only one bot instance is running
2025-12-12 19:12:07,029 INFO HTTP Request: POST https://api.telegram.org/bot8428323516:AAElzjmSPfUeCoTGKbm7wnDLSZ5ek1-6Gvc/getUpdates "HTTP/1.1 409 Conflict"
2025-12-12 19:12:07,030 ERROR No error handlers are registered, logging exception.
Traceback (most recent call last):
  File "C:\Users\OurPresent\Downloads\Maestría BD\Proyecto Final\GmailPointsWatcher\.venv\Lib\site-packages\telegram\ext\_utils\networkloop.py", line 134, in network_retry_loop
    await do_action()
  File "C:\Users\OurPresent\Downloads\Maestría BD\Proyecto Final\GmailPointsWatcher\.venv\Lib\site-packages\telegram\ext\_utils\networkloop.py", line 127, in do_action
    action_cb_task.result()
    ~~~~~~~~~~~~~~~~~~~~~^^
  File "C:\Users\OurPresent\Downloads\Maestría BD\Proyecto Final\GmailPointsWatcher\.venv\Lib\site-packages\telegram\ext\_updater.py", line 340, in polling_action_cb
    updates = await self.bot.get_updates(
              ^^^^^^^^^^^^^^^^^^^^^^^^^^^
    ...<3 lines>...
    )
    ^
  File "C:\Users\OurPresent\Downloads\Maestría BD\Proyecto Final\GmailPointsWatcher\.venv\Lib\site-packages\telegram\ext\_extbot.py", line 676, in get_updates
    updates = await super().get_updates(
              ^^^^^^^^^^^^^^^^^^^^^^^^^^
    ...<9 lines>...
    )
    ^
  File "C:\Users\OurPresent\Downloads\Maestría BD\Proyecto Final\GmailPointsWatcher\.venv\Lib\site-packages\telegram\_bot.py", line 4780, in get_updates
    await self._post(
    ^^^^^^^^^^^^^^^^^
    ...<7 lines>...
    ),
    ^
  File "C:\Users\OurPresent\Downloads\Maestría BD\Proyecto Final\GmailPointsWatcher\.venv\Lib\site-packages\telegram\_bot.py", line 703, in _post
    return await self._do_post(
           ^^^^^^^^^^^^^^^^^^^^
    ...<6 lines>...
    )
    ^
  File "C:\Users\OurPresent\Downloads\Maestría BD\Proyecto Final\GmailPointsWatcher\.venv\Lib\site-packages\telegram\ext\_extbot.py", line 372, in _do_post
    return await super()._do_post(
           ^^^^^^^^^^^^^^^^^^^^^^^
    ...<6 lines>...
    )
    ^
  File "C:\Users\OurPresent\Downloads\Maestría BD\Proyecto Final\GmailPointsWatcher\.venv\Lib\site-packages\telegram\_bot.py", line 732, in _do_post
    result = await request.post(
             ^^^^^^^^^^^^^^^^^^^
    ...<6 lines>...
    )
    ^
  File "C:\Users\OurPresent\Downloads\Maestría BD\Proyecto Final\GmailPointsWatcher\.venv\Lib\site-packages\telegram\request\_baserequest.py", line 198, in post
    result = await self._request_wrapper(
             ^^^^^^^^^^^^^^^^^^^^^^^^^^^^
    ...<7 lines>...
    )
    ^
  File "C:\Users\OurPresent\Downloads\Maestría BD\Proyecto Final\GmailPointsWatcher\.venv\Lib\site-packages\telegram\request\_baserequest.py", line 375, in _request_wrapper
    raise exception
telegram.error.Conflict: Conflict: terminated by other getUpdates request; make sure that only one bot instance is running
2025-12-12 19:12:09,441 INFO HTTP Request: POST https://api.telegram.org/bot8428323516:AAElzjmSPfUeCoTGKbm7wnDLSZ5ek1-6Gvc/getUpdates "HTTP/1.1 409 Conflict"
2025-12-12 19:12:09,442 ERROR No error handlers are registered, logging exception.
Traceback (most recent call last):
  File "C:\Users\OurPresent\Downloads\Maestría BD\Proyecto Final\GmailPointsWatcher\.venv\Lib\site-packages\telegram\ext\_utils\networkloop.py", line 134, in network_retry_loop
    await do_action()
  File "C:\Users\OurPresent\Downloads\Maestría BD\Proyecto Final\GmailPointsWatcher\.venv\Lib\site-packages\telegram\ext\_utils\networkloop.py", line 127, in do_action
    action_cb_task.result()
    ~~~~~~~~~~~~~~~~~~~~~^^
  File "C:\Users\OurPresent\Downloads\Maestría BD\Proyecto Final\GmailPointsWatcher\.venv\Lib\site-packages\telegram\ext\_updater.py", line 340, in polling_action_cb
    updates = await self.bot.get_updates(
              ^^^^^^^^^^^^^^^^^^^^^^^^^^^
    ...<3 lines>...
    )
    ^
  File "C:\Users\OurPresent\Downloads\Maestría BD\Proyecto Final\GmailPointsWatcher\.venv\Lib\site-packages\telegram\ext\_extbot.py", line 676, in get_updates
    updates = await super().get_updates(
              ^^^^^^^^^^^^^^^^^^^^^^^^^^
    ...<9 lines>...
    )
    ^
  File "C:\Users\OurPresent\Downloads\Maestría BD\Proyecto Final\GmailPointsWatcher\.venv\Lib\site-packages\telegram\_bot.py", line 4780, in get_updates
    await self._post(
    ^^^^^^^^^^^^^^^^^
    ...<7 lines>...
    ),
    ^
  File "C:\Users\OurPresent\Downloads\Maestría BD\Proyecto Final\GmailPointsWatcher\.venv\Lib\site-packages\telegram\_bot.py", line 703, in _post
    return await self._do_post(
           ^^^^^^^^^^^^^^^^^^^^
    ...<6 lines>...
    )
    ^
  File "C:\Users\OurPresent\Downloads\Maestría BD\Proyecto Final\GmailPointsWatcher\.venv\Lib\site-packages\telegram\ext\_extbot.py", line 372, in _do_post
    return await super()._do_post(
           ^^^^^^^^^^^^^^^^^^^^^^^
    ...<6 lines>...
    )
    ^
  File "C:\Users\OurPresent\Downloads\Maestría BD\Proyecto Final\GmailPointsWatcher\.venv\Lib\site-packages\telegram\_bot.py", line 732, in _do_post
    result = await request.post(
             ^^^^^^^^^^^^^^^^^^^
    ...<6 lines>...
    )
    ^
  File "C:\Users\OurPresent\Downloads\Maestría BD\Proyecto Final\GmailPointsWatcher\.venv\Lib\site-packages\telegram\request\_baserequest.py", line 198, in post
    result = await self._request_wrapper(
             ^^^^^^^^^^^^^^^^^^^^^^^^^^^^
    ...<7 lines>...
    )
    ^
  File "C:\Users\OurPresent\Downloads\Maestría BD\Proyecto Final\GmailPointsWatcher\.venv\Lib\site-packages\telegram\request\_baserequest.py", line 375, in _request_wrapper
    raise exception
telegram.error.Conflict: Conflict: terminated by other getUpdates request; make sure that only one bot instance is running
2025-12-12 19:12:12,984 INFO HTTP Request: POST https://api.telegram.org/bot8428323516:AAElzjmSPfUeCoTGKbm7wnDLSZ5ek1-6Gvc/getUpdates "HTTP/1.1 409 Conflict"
2025-12-12 19:12:12,985 ERROR No error handlers are registered, logging exception.
Traceback (most recent call last):
  File "C:\Users\OurPresent\Downloads\Maestría BD\Proyecto Final\GmailPointsWatcher\.venv\Lib\site-packages\telegram\ext\_utils\networkloop.py", line 134, in network_retry_loop
    await do_action()
  File "C:\Users\OurPresent\Downloads\Maestría BD\Proyecto Final\GmailPointsWatcher\.venv\Lib\site-packages\telegram\ext\_utils\networkloop.py", line 127, in do_action
    action_cb_task.result()
    ~~~~~~~~~~~~~~~~~~~~~^^
  File "C:\Users\OurPresent\Downloads\Maestría BD\Proyecto Final\GmailPointsWatcher\.venv\Lib\site-packages\telegram\ext\_updater.py", line 340, in polling_action_cb
    updates = await self.bot.get_updates(
              ^^^^^^^^^^^^^^^^^^^^^^^^^^^
    ...<3 lines>...
    )
    ^
  File "C:\Users\OurPresent\Downloads\Maestría BD\Proyecto Final\GmailPointsWatcher\.venv\Lib\site-packages\telegram\ext\_extbot.py", line 676, in get_updates
    updates = await super().get_updates(
              ^^^^^^^^^^^^^^^^^^^^^^^^^^
    ...<9 lines>...
    )
    ^
  File "C:\Users\OurPresent\Downloads\Maestría BD\Proyecto Final\GmailPointsWatcher\.venv\Lib\site-packages\telegram\_bot.py", line 4780, in get_updates
    await self._post(
    ^^^^^^^^^^^^^^^^^
    ...<7 lines>...
    ),
    ^
  File "C:\Users\OurPresent\Downloads\Maestría BD\Proyecto Final\GmailPointsWatcher\.venv\Lib\site-packages\telegram\_bot.py", line 703, in _post
    return await self._do_post(
           ^^^^^^^^^^^^^^^^^^^^
    ...<6 lines>...
    )
    ^
  File "C:\Users\OurPresent\Downloads\Maestría BD\Proyecto Final\GmailPointsWatcher\.venv\Lib\site-packages\telegram\ext\_extbot.py", line 372, in _do_post
    return await super()._do_post(
           ^^^^^^^^^^^^^^^^^^^^^^^
    ...<6 lines>...
    )
    ^
  File "C:\Users\OurPresent\Downloads\Maestría BD\Proyecto Final\GmailPointsWatcher\.venv\Lib\site-packages\telegram\_bot.py", line 732, in _do_post
    result = await request.post(
             ^^^^^^^^^^^^^^^^^^^
    ...<6 lines>...
    )
    ^
  File "C:\Users\OurPresent\Downloads\Maestría BD\Proyecto Final\GmailPointsWatcher\.venv\Lib\site-packages\telegram\request\_baserequest.py", line 198, in post
    result = await self._request_wrapper(
             ^^^^^^^^^^^^^^^^^^^^^^^^^^^^
    ...<7 lines>...
    )
    ^
  File "C:\Users\OurPresent\Downloads\Maestría BD\Proyecto Final\GmailPointsWatcher\.venv\Lib\site-packages\telegram\request\_baserequest.py", line 375, in _request_wrapper
    raise exception
telegram.error.Conflict: Conflict: terminated by other getUpdates request; make sure that only one bot instance is running
2025-12-12 19:12:16,526 INFO HTTP Request: POST https://api.telegram.org/bot8428323516:AAElzjmSPfUeCoTGKbm7wnDLSZ5ek1-6Gvc/getUpdates "HTTP/1.1 409 Conflict"
2025-12-12 19:12:16,528 ERROR No error handlers are registered, logging exception.
Traceback (most recent call last):
  File "C:\Users\OurPresent\Downloads\Maestría BD\Proyecto Final\GmailPointsWatcher\.venv\Lib\site-packages\telegram\ext\_utils\networkloop.py", line 134, in network_retry_loop
    await do_action()
  File "C:\Users\OurPresent\Downloads\Maestría BD\Proyecto Final\GmailPointsWatcher\.venv\Lib\site-packages\telegram\ext\_utils\networkloop.py", line 127, in do_action
    action_cb_task.result()
    ~~~~~~~~~~~~~~~~~~~~~^^
  File "C:\Users\OurPresent\Downloads\Maestría BD\Proyecto Final\GmailPointsWatcher\.venv\Lib\site-packages\telegram\ext\_updater.py", line 340, in polling_action_cb
    updates = await self.bot.get_updates(
              ^^^^^^^^^^^^^^^^^^^^^^^^^^^
    ...<3 lines>...
    )
    ^
  File "C:\Users\OurPresent\Downloads\Maestría BD\Proyecto Final\GmailPointsWatcher\.venv\Lib\site-packages\telegram\ext\_extbot.py", line 676, in get_updates
    updates = await super().get_updates(
              ^^^^^^^^^^^^^^^^^^^^^^^^^^
    ...<9 lines>...
    )
    ^
  File "C:\Users\OurPresent\Downloads\Maestría BD\Proyecto Final\GmailPointsWatcher\.venv\Lib\site-packages\telegram\_bot.py", line 4780, in get_updates
    await self._post(
    ^^^^^^^^^^^^^^^^^
    ...<7 lines>...
    ),
    ^
  File "C:\Users\OurPresent\Downloads\Maestría BD\Proyecto Final\GmailPointsWatcher\.venv\Lib\site-packages\telegram\_bot.py", line 703, in _post
    return await self._do_post(
           ^^^^^^^^^^^^^^^^^^^^
    ...<6 lines>...
    )
    ^
  File "C:\Users\OurPresent\Downloads\Maestría BD\Proyecto Final\GmailPointsWatcher\.venv\Lib\site-packages\telegram\ext\_extbot.py", line 372, in _do_post
    return await super()._do_post(
           ^^^^^^^^^^^^^^^^^^^^^^^
    ...<6 lines>...
    )
    ^
  File "C:\Users\OurPresent\Downloads\Maestría BD\Proyecto Final\GmailPointsWatcher\.venv\Lib\site-packages\telegram\_bot.py", line 732, in _do_post
    result = await request.post(
             ^^^^^^^^^^^^^^^^^^^
    ...<6 lines>...
    )
    ^
  File "C:\Users\OurPresent\Downloads\Maestría BD\Proyecto Final\GmailPointsWatcher\.venv\Lib\site-packages\telegram\request\_baserequest.py", line 198, in post
    result = await self._request_wrapper(
             ^^^^^^^^^^^^^^^^^^^^^^^^^^^^
    ...<7 lines>...
    )
    ^
  File "C:\Users\OurPresent\Downloads\Maestría BD\Proyecto Final\GmailPointsWatcher\.venv\Lib\site-packages\telegram\request\_baserequest.py", line 375, in _request_wrapper
    raise exception
telegram.error.Conflict: Conflict: terminated by other getUpdates request; make sure that only one bot instance is running
2025-12-12 19:12:22,157 INFO HTTP Request: POST https://api.telegram.org/bot8428323516:AAElzjmSPfUeCoTGKbm7wnDLSZ5ek1-6Gvc/getUpdates "HTTP/1.1 409 Conflict"
2025-12-12 19:12:22,159 ERROR No error handlers are registered, logging exception.
Traceback (most recent call last):
  File "C:\Users\OurPresent\Downloads\Maestría BD\Proyecto Final\GmailPointsWatcher\.venv\Lib\site-packages\telegram\ext\_utils\networkloop.py", line 134, in network_retry_loop
    await do_action()
  File "C:\Users\OurPresent\Downloads\Maestría BD\Proyecto Final\GmailPointsWatcher\.venv\Lib\site-packages\telegram\ext\_utils\networkloop.py", line 127, in do_action
    action_cb_task.result()
    ~~~~~~~~~~~~~~~~~~~~~^^
  File "C:\Users\OurPresent\Downloads\Maestría BD\Proyecto Final\GmailPointsWatcher\.venv\Lib\site-packages\telegram\ext\_updater.py", line 340, in polling_action_cb
    updates = await self.bot.get_updates(
              ^^^^^^^^^^^^^^^^^^^^^^^^^^^
    ...<3 lines>...
    )
    ^
  File "C:\Users\OurPresent\Downloads\Maestría BD\Proyecto Final\GmailPointsWatcher\.venv\Lib\site-packages\telegram\ext\_extbot.py", line 676, in get_updates
    updates = await super().get_updates(
              ^^^^^^^^^^^^^^^^^^^^^^^^^^
    ...<9 lines>...
    )
    ^
  File "C:\Users\OurPresent\Downloads\Maestría BD\Proyecto Final\GmailPointsWatcher\.venv\Lib\site-packages\telegram\_bot.py", line 4780, in get_updates
    await self._post(
    ^^^^^^^^^^^^^^^^^
    ...<7 lines>...
    ),
    ^
  File "C:\Users\OurPresent\Downloads\Maestría BD\Proyecto Final\GmailPointsWatcher\.venv\Lib\site-packages\telegram\_bot.py", line 703, in _post
    return await self._do_post(
           ^^^^^^^^^^^^^^^^^^^^
    ...<6 lines>...
    )
    ^
  File "C:\Users\OurPresent\Downloads\Maestría BD\Proyecto Final\GmailPointsWatcher\.venv\Lib\site-packages\telegram\ext\_extbot.py", line 372, in _do_post
    return await super()._do_post(
           ^^^^^^^^^^^^^^^^^^^^^^^
    ...<6 lines>...
    )
    ^
  File "C:\Users\OurPresent\Downloads\Maestría BD\Proyecto Final\GmailPointsWatcher\.venv\Lib\site-packages\telegram\_bot.py", line 732, in _do_post
    result = await request.post(
             ^^^^^^^^^^^^^^^^^^^
    ...<6 lines>...
    )
    ^
  File "C:\Users\OurPresent\Downloads\Maestría BD\Proyecto Final\GmailPointsWatcher\.venv\Lib\site-packages\telegram\request\_baserequest.py", line 198, in post
    result = await self._request_wrapper(
             ^^^^^^^^^^^^^^^^^^^^^^^^^^^^
    ...<7 lines>...
    )
    ^
  File "C:\Users\OurPresent\Downloads\Maestría BD\Proyecto Final\GmailPointsWatcher\.venv\Lib\site-packages\telegram\request\_baserequest.py", line 375, in _request_wrapper
    raise exception
telegram.error.Conflict: Conflict: terminated by other getUpdates request; make sure that only one bot instance is running
2025-12-12 19:12:27,683 INFO HTTP Request: POST https://api.telegram.org/bot8428323516:AAElzjmSPfUeCoTGKbm7wnDLSZ5ek1-6Gvc/getUpdates "HTTP/1.1 409 Conflict"
2025-12-12 19:12:27,684 ERROR No error handlers are registered, logging exception.
Traceback (most recent call last):
  File "C:\Users\OurPresent\Downloads\Maestría BD\Proyecto Final\GmailPointsWatcher\.venv\Lib\site-packages\telegram\ext\_utils\networkloop.py", line 134, in network_retry_loop
    await do_action()
  File "C:\Users\OurPresent\Downloads\Maestría BD\Proyecto Final\GmailPointsWatcher\.venv\Lib\site-packages\telegram\ext\_utils\networkloop.py", line 127, in do_action
    action_cb_task.result()
    ~~~~~~~~~~~~~~~~~~~~~^^
  File "C:\Users\OurPresent\Downloads\Maestría BD\Proyecto Final\GmailPointsWatcher\.venv\Lib\site-packages\telegram\ext\_updater.py", line 340, in polling_action_cb
    updates = await self.bot.get_updates(
              ^^^^^^^^^^^^^^^^^^^^^^^^^^^
    ...<3 lines>...
    )
    ^
  File "C:\Users\OurPresent\Downloads\Maestría BD\Proyecto Final\GmailPointsWatcher\.venv\Lib\site-packages\telegram\ext\_extbot.py", line 676, in get_updates
    updates = await super().get_updates(
              ^^^^^^^^^^^^^^^^^^^^^^^^^^
    ...<9 lines>...
    )
    ^
  File "C:\Users\OurPresent\Downloads\Maestría BD\Proyecto Final\GmailPointsWatcher\.venv\Lib\site-packages\telegram\_bot.py", line 4780, in get_updates
    await self._post(
    ^^^^^^^^^^^^^^^^^
    ...<7 lines>...
    ),
    ^
  File "C:\Users\OurPresent\Downloads\Maestría BD\Proyecto Final\GmailPointsWatcher\.venv\Lib\site-packages\telegram\_bot.py", line 703, in _post
    return await self._do_post(
           ^^^^^^^^^^^^^^^^^^^^
    ...<6 lines>...
    )
    ^
  File "C:\Users\OurPresent\Downloads\Maestría BD\Proyecto Final\GmailPointsWatcher\.venv\Lib\site-packages\telegram\ext\_extbot.py", line 372, in _do_post
    return await super()._do_post(
           ^^^^^^^^^^^^^^^^^^^^^^^
    ...<6 lines>...
    )
    ^
  File "C:\Users\OurPresent\Downloads\Maestría BD\Proyecto Final\GmailPointsWatcher\.venv\Lib\site-packages\telegram\_bot.py", line 732, in _do_post
    result = await request.post(
             ^^^^^^^^^^^^^^^^^^^
    ...<6 lines>...
    )
    ^
  File "C:\Users\OurPresent\Downloads\Maestría BD\Proyecto Final\GmailPointsWatcher\.venv\Lib\site-packages\telegram\request\_baserequest.py", line 198, in post
    result = await self._request_wrapper(
             ^^^^^^^^^^^^^^^^^^^^^^^^^^^^
    ...<7 lines>...
    )
    ^
  File "C:\Users\OurPresent\Downloads\Maestría BD\Proyecto Final\GmailPointsWatcher\.venv\Lib\site-packages\telegram\request\_baserequest.py", line 375, in _request_wrapper
    raise exception
telegram.error.Conflict: Conflict: terminated by other getUpdates request; make sure that only one bot instance is running
2025-12-12 19:12:35,755 INFO HTTP Request: POST https://api.telegram.org/bot8428323516:AAElzjmSPfUeCoTGKbm7wnDLSZ5ek1-6Gvc/getUpdates "HTTP/1.1 409 Conflict"
2025-12-12 19:12:35,757 ERROR No error handlers are registered, logging exception.
Traceback (most recent call last):
  File "C:\Users\OurPresent\Downloads\Maestría BD\Proyecto Final\GmailPointsWatcher\.venv\Lib\site-packages\telegram\ext\_utils\networkloop.py", line 134, in network_retry_loop
    await do_action()
  File "C:\Users\OurPresent\Downloads\Maestría BD\Proyecto Final\GmailPointsWatcher\.venv\Lib\site-packages\telegram\ext\_utils\networkloop.py", line 127, in do_action
    action_cb_task.result()
    ~~~~~~~~~~~~~~~~~~~~~^^
  File "C:\Users\OurPresent\Downloads\Maestría BD\Proyecto Final\GmailPointsWatcher\.venv\Lib\site-packages\telegram\ext\_updater.py", line 340, in polling_action_cb
    updates = await self.bot.get_updates(
              ^^^^^^^^^^^^^^^^^^^^^^^^^^^
    ...<3 lines>...
    )
    ^
  File "C:\Users\OurPresent\Downloads\Maestría BD\Proyecto Final\GmailPointsWatcher\.venv\Lib\site-packages\telegram\ext\_extbot.py", line 676, in get_updates
    updates = await super().get_updates(
              ^^^^^^^^^^^^^^^^^^^^^^^^^^
    ...<9 lines>...
    )
    ^
  File "C:\Users\OurPresent\Downloads\Maestría BD\Proyecto Final\GmailPointsWatcher\.venv\Lib\site-packages\telegram\_bot.py", line 4780, in get_updates
    await self._post(
    ^^^^^^^^^^^^^^^^^
    ...<7 lines>...
    ),
    ^
  File "C:\Users\OurPresent\Downloads\Maestría BD\Proyecto Final\GmailPointsWatcher\.venv\Lib\site-packages\telegram\_bot.py", line 703, in _post
    return await self._do_post(
           ^^^^^^^^^^^^^^^^^^^^
    ...<6 lines>...
    )
    ^
  File "C:\Users\OurPresent\Downloads\Maestría BD\Proyecto Final\GmailPointsWatcher\.venv\Lib\site-packages\telegram\ext\_extbot.py", line 372, in _do_post
    return await super()._do_post(
           ^^^^^^^^^^^^^^^^^^^^^^^
    ...<6 lines>...
    )
    ^
  File "C:\Users\OurPresent\Downloads\Maestría BD\Proyecto Final\GmailPointsWatcher\.venv\Lib\site-packages\telegram\_bot.py", line 732, in _do_post
    result = await request.post(
             ^^^^^^^^^^^^^^^^^^^
    ...<6 lines>...
    )
    ^
  File "C:\Users\OurPresent\Downloads\Maestría BD\Proyecto Final\GmailPointsWatcher\.venv\Lib\site-packages\telegram\request\_baserequest.py", line 198, in post
    result = await self._request_wrapper(
             ^^^^^^^^^^^^^^^^^^^^^^^^^^^^
    ...<7 lines>...
    )
    ^
  File "C:\Users\OurPresent\Downloads\Maestría BD\Proyecto Final\GmailPointsWatcher\.venv\Lib\site-packages\telegram\request\_baserequest.py", line 375, in _request_wrapper
    raise exception
telegram.error.Conflict: Conflict: terminated by other getUpdates request; make sure that only one bot instance is running
2025-12-12 19:12:43,807 INFO HTTP Request: POST https://api.telegram.org/bot8428323516:AAElzjmSPfUeCoTGKbm7wnDLSZ5ek1-6Gvc/getUpdates "HTTP/1.1 409 Conflict"
2025-12-12 19:12:43,808 ERROR No error handlers are registered, logging exception.
Traceback (most recent call last):
  File "C:\Users\OurPresent\Downloads\Maestría BD\Proyecto Final\GmailPointsWatcher\.venv\Lib\site-packages\telegram\ext\_utils\networkloop.py", line 134, in network_retry_loop
    await do_action()
  File "C:\Users\OurPresent\Downloads\Maestría BD\Proyecto Final\GmailPointsWatcher\.venv\Lib\site-packages\telegram\ext\_utils\networkloop.py", line 127, in do_action
    action_cb_task.result()
    ~~~~~~~~~~~~~~~~~~~~~^^
  File "C:\Users\OurPresent\Downloads\Maestría BD\Proyecto Final\GmailPointsWatcher\.venv\Lib\site-packages\telegram\ext\_updater.py", line 340, in polling_action_cb
    updates = await self.bot.get_updates(
              ^^^^^^^^^^^^^^^^^^^^^^^^^^^
    ...<3 lines>...
    )
    ^
  File "C:\Users\OurPresent\Downloads\Maestría BD\Proyecto Final\GmailPointsWatcher\.venv\Lib\site-packages\telegram\ext\_extbot.py", line 676, in get_updates
    updates = await super().get_updates(
              ^^^^^^^^^^^^^^^^^^^^^^^^^^
    ...<9 lines>...
    )
    ^
  File "C:\Users\OurPresent\Downloads\Maestría BD\Proyecto Final\GmailPointsWatcher\.venv\Lib\site-packages\telegram\_bot.py", line 4780, in get_updates
    await self._post(
    ^^^^^^^^^^^^^^^^^
    ...<7 lines>...
    ),
    ^
  File "C:\Users\OurPresent\Downloads\Maestría BD\Proyecto Final\GmailPointsWatcher\.venv\Lib\site-packages\telegram\_bot.py", line 703, in _post
    return await self._do_post(
           ^^^^^^^^^^^^^^^^^^^^
    ...<6 lines>...
    )
    ^
  File "C:\Users\OurPresent\Downloads\Maestría BD\Proyecto Final\GmailPointsWatcher\.venv\Lib\site-packages\telegram\ext\_extbot.py", line 372, in _do_post
    return await super()._do_post(
           ^^^^^^^^^^^^^^^^^^^^^^^
    ...<6 lines>...
    )
    ^
  File "C:\Users\OurPresent\Downloads\Maestría BD\Proyecto Final\GmailPointsWatcher\.venv\Lib\site-packages\telegram\_bot.py", line 732, in _do_post
    result = await request.post(
             ^^^^^^^^^^^^^^^^^^^
    ...<6 lines>...
    )
    ^
  File "C:\Users\OurPresent\Downloads\Maestría BD\Proyecto Final\GmailPointsWatcher\.venv\Lib\site-packages\telegram\request\_baserequest.py", line 198, in post
    result = await self._request_wrapper(
             ^^^^^^^^^^^^^^^^^^^^^^^^^^^^
    ...<7 lines>...
    )
    ^
  File "C:\Users\OurPresent\Downloads\Maestría BD\Proyecto Final\GmailPointsWatcher\.venv\Lib\site-packages\telegram\request\_baserequest.py", line 375, in _request_wrapper
    raise exception
telegram.error.Conflict: Conflict: terminated by other getUpdates request; make sure that only one bot instance is running
2025-12-12 19:12:48,327 INFO Running job "_email_job (trigger: interval[0:01:00], next run at: 2025-12-13 00:13:48 UTC)" (scheduled at 2025-12-13 00:12:48.319770+00:00)
2025-12-12 19:12:48,752 INFO Running job "_email_job (trigger: interval[0:01:00], next run at: 2025-12-13 00:13:48 UTC)" (scheduled at 2025-12-13 00:12:48.746944+00:00)
2025-12-12 19:12:49,250 INFO Job "_email_job (trigger: interval[0:01:00], next run at: 2025-12-13 00:13:48 UTC)" executed successfully
2025-12-12 19:12:49,462 INFO Job "_email_job (trigger: interval[0:01:00], next run at: 2025-12-13 00:13:48 UTC)" executed successfully
2025-12-12 19:12:53,807 INFO HTTP Request: POST https://api.telegram.org/bot8428323516:AAElzjmSPfUeCoTGKbm7wnDLSZ5ek1-6Gvc/getUpdates "HTTP/1.1 200 OK"
2025-12-12 19:12:55,663 INFO HTTP Request: POST https://api.telegram.org/bot8428323516:AAElzjmSPfUeCoTGKbm7wnDLSZ5ek1-6Gvc/getUpdates "HTTP/1.1 409 Conflict"
2025-12-12 19:12:55,664 ERROR No error handlers are registered, logging exception.
Traceback (most recent call last):
  File "C:\Users\OurPresent\Downloads\Maestría BD\Proyecto Final\GmailPointsWatcher\.venv\Lib\site-packages\telegram\ext\_utils\networkloop.py", line 134, in network_retry_loop
    await do_action()
  File "C:\Users\OurPresent\Downloads\Maestría BD\Proyecto Final\GmailPointsWatcher\.venv\Lib\site-packages\telegram\ext\_utils\networkloop.py", line 127, in do_action
    action_cb_task.result()
    ~~~~~~~~~~~~~~~~~~~~~^^
  File "C:\Users\OurPresent\Downloads\Maestría BD\Proyecto Final\GmailPointsWatcher\.venv\Lib\site-packages\telegram\ext\_updater.py", line 340, in polling_action_cb
    updates = await self.bot.get_updates(
              ^^^^^^^^^^^^^^^^^^^^^^^^^^^
    ...<3 lines>...
    )
    ^
  File "C:\Users\OurPresent\Downloads\Maestría BD\Proyecto Final\GmailPointsWatcher\.venv\Lib\site-packages\telegram\ext\_extbot.py", line 676, in get_updates
    updates = await super().get_updates(
              ^^^^^^^^^^^^^^^^^^^^^^^^^^
    ...<9 lines>...
    )
    ^
  File "C:\Users\OurPresent\Downloads\Maestría BD\Proyecto Final\GmailPointsWatcher\.venv\Lib\site-packages\telegram\_bot.py", line 4780, in get_updates
    await self._post(
    ^^^^^^^^^^^^^^^^^
    ...<7 lines>...
    ),
    ^
  File "C:\Users\OurPresent\Downloads\Maestría BD\Proyecto Final\GmailPointsWatcher\.venv\Lib\site-packages\telegram\_bot.py", line 703, in _post
    return await self._do_post(
           ^^^^^^^^^^^^^^^^^^^^
    ...<6 lines>...
    )
    ^
  File "C:\Users\OurPresent\Downloads\Maestría BD\Proyecto Final\GmailPointsWatcher\.venv\Lib\site-packages\telegram\ext\_extbot.py", line 372, in _do_post
    return await super()._do_post(
           ^^^^^^^^^^^^^^^^^^^^^^^
    ...<6 lines>...
    )
    ^
  File "C:\Users\OurPresent\Downloads\Maestría BD\Proyecto Final\GmailPointsWatcher\.venv\Lib\site-packages\telegram\_bot.py", line 732, in _do_post
    result = await request.post(
             ^^^^^^^^^^^^^^^^^^^
    ...<6 lines>...
    )
    ^
  File "C:\Users\OurPresent\Downloads\Maestría BD\Proyecto Final\GmailPointsWatcher\.venv\Lib\site-packages\telegram\request\_baserequest.py", line 198, in post
    result = await self._request_wrapper(
             ^^^^^^^^^^^^^^^^^^^^^^^^^^^^
    ...<7 lines>...
    )
    ^
  File "C:\Users\OurPresent\Downloads\Maestría BD\Proyecto Final\GmailPointsWatcher\.venv\Lib\site-packages\telegram\request\_baserequest.py", line 375, in _request_wrapper
    raise exception
telegram.error.Conflict: Conflict: terminated by other getUpdates request; make sure that only one bot instance is running
2025-12-12 19:12:59,817 INFO HTTP Request: POST https://api.telegram.org/bot8428323516:AAElzjmSPfUeCoTGKbm7wnDLSZ5ek1-6Gvc/getUpdates "HTTP/1.1 409 Conflict"
2025-12-12 19:12:59,818 ERROR No error handlers are registered, logging exception.
Traceback (most recent call last):
  File "C:\Users\OurPresent\Downloads\Maestría BD\Proyecto Final\GmailPointsWatcher\.venv\Lib\site-packages\telegram\ext\_utils\networkloop.py", line 134, in network_retry_loop
    await do_action()
  File "C:\Users\OurPresent\Downloads\Maestría BD\Proyecto Final\GmailPointsWatcher\.venv\Lib\site-packages\telegram\ext\_utils\networkloop.py", line 127, in do_action
    action_cb_task.result()
    ~~~~~~~~~~~~~~~~~~~~~^^
  File "C:\Users\OurPresent\Downloads\Maestría BD\Proyecto Final\GmailPointsWatcher\.venv\Lib\site-packages\telegram\ext\_updater.py", line 340, in polling_action_cb
    updates = await self.bot.get_updates(
              ^^^^^^^^^^^^^^^^^^^^^^^^^^^
    ...<3 lines>...
    )
    ^
  File "C:\Users\OurPresent\Downloads\Maestría BD\Proyecto Final\GmailPointsWatcher\.venv\Lib\site-packages\telegram\ext\_extbot.py", line 676, in get_updates
    updates = await super().get_updates(
              ^^^^^^^^^^^^^^^^^^^^^^^^^^
    ...<9 lines>...
    )
    ^
  File "C:\Users\OurPresent\Downloads\Maestría BD\Proyecto Final\GmailPointsWatcher\.venv\Lib\site-packages\telegram\_bot.py", line 4780, in get_updates
    await self._post(
    ^^^^^^^^^^^^^^^^^
    ...<7 lines>...
    ),
    ^
  File "C:\Users\OurPresent\Downloads\Maestría BD\Proyecto Final\GmailPointsWatcher\.venv\Lib\site-packages\telegram\_bot.py", line 703, in _post
    return await self._do_post(
           ^^^^^^^^^^^^^^^^^^^^
    ...<6 lines>...
    )
    ^
  File "C:\Users\OurPresent\Downloads\Maestría BD\Proyecto Final\GmailPointsWatcher\.venv\Lib\site-packages\telegram\ext\_extbot.py", line 372, in _do_post
    return await super()._do_post(
           ^^^^^^^^^^^^^^^^^^^^^^^
    ...<6 lines>...
    )
    ^
  File "C:\Users\OurPresent\Downloads\Maestría BD\Proyecto Final\GmailPointsWatcher\.venv\Lib\site-packages\telegram\_bot.py", line 732, in _do_post
    result = await request.post(
             ^^^^^^^^^^^^^^^^^^^
    ...<6 lines>...
    )
    ^
  File "C:\Users\OurPresent\Downloads\Maestría BD\Proyecto Final\GmailPointsWatcher\.venv\Lib\site-packages\telegram\request\_baserequest.py", line 198, in post
    result = await self._request_wrapper(
             ^^^^^^^^^^^^^^^^^^^^^^^^^^^^
    ...<7 lines>...
    )
    ^
  File "C:\Users\OurPresent\Downloads\Maestría BD\Proyecto Final\GmailPointsWatcher\.venv\Lib\site-packages\telegram\request\_baserequest.py", line 375, in _request_wrapper
    raise exception
telegram.error.Conflict: Conflict: terminated by other getUpdates request; make sure that only one bot instance is running
2025-12-12 19:13:06,817 INFO HTTP Request: POST https://api.telegram.org/bot8428323516:AAElzjmSPfUeCoTGKbm7wnDLSZ5ek1-6Gvc/getUpdates "HTTP/1.1 200 OK"
2025-12-12 19:13:10,238 INFO HTTP Request: POST https://api.telegram.org/bot8428323516:AAElzjmSPfUeCoTGKbm7wnDLSZ5ek1-6Gvc/getUpdates "HTTP/1.1 200 OK"
2025-12-12 19:13:10,801 INFO HTTP Request: POST https://api.telegram.org/bot8428323516:AAElzjmSPfUeCoTGKbm7wnDLSZ5ek1-6Gvc/answerCallbackQuery "HTTP/1.1 200 OK"
2025-12-12 19:13:11,076 INFO HTTP Request: POST https://api.telegram.org/bot8428323516:AAElzjmSPfUeCoTGKbm7wnDLSZ5ek1-6Gvc/sendMessage "HTTP/1.1 200 OK"
2025-12-12 19:13:11,374 INFO HTTP Request: POST https://api.telegram.org/bot8428323516:AAElzjmSPfUeCoTGKbm7wnDLSZ5ek1-6Gvc/sendMessage "HTTP/1.1 200 OK"
2025-12-12 19:13:11,653 INFO HTTP Request: POST https://api.telegram.org/bot8428323516:AAElzjmSPfUeCoTGKbm7wnDLSZ5ek1-6Gvc/sendMessage "HTTP/1.1 200 OK"
2025-12-12 19:13:12,026 INFO HTTP Request: POST https://api.telegram.org/bot8428323516:AAElzjmSPfUeCoTGKbm7wnDLSZ5ek1-6Gvc/sendMessage "HTTP/1.1 200 OK"
2025-12-12 19:13:12,301 INFO HTTP Request: POST https://api.telegram.org/bot8428323516:AAElzjmSPfUeCoTGKbm7wnDLSZ5ek1-6Gvc/sendMessage "HTTP/1.1 200 OK"
2025-12-12 19:13:12,585 INFO HTTP Request: POST https://api.telegram.org/bot8428323516:AAElzjmSPfUeCoTGKbm7wnDLSZ5ek1-6Gvc/sendMessage "HTTP/1.1 200 OK"
2025-12-12 19:13:17,360 INFO HTTP Request: POST https://api.telegram.org/bot8428323516:AAElzjmSPfUeCoTGKbm7wnDLSZ5ek1-6Gvc/getUpdates "HTTP/1.1 409 Conflict"
2025-12-12 19:13:17,361 ERROR No error handlers are registered, logging exception.
Traceback (most recent call last):
  File "C:\Users\OurPresent\Downloads\Maestría BD\Proyecto Final\GmailPointsWatcher\.venv\Lib\site-packages\telegram\ext\_utils\networkloop.py", line 134, in network_retry_loop
    await do_action()
  File "C:\Users\OurPresent\Downloads\Maestría BD\Proyecto Final\GmailPointsWatcher\.venv\Lib\site-packages\telegram\ext\_utils\networkloop.py", line 127, in do_action
    action_cb_task.result()
    ~~~~~~~~~~~~~~~~~~~~~^^
  File "C:\Users\OurPresent\Downloads\Maestría BD\Proyecto Final\GmailPointsWatcher\.venv\Lib\site-packages\telegram\ext\_updater.py", line 340, in polling_action_cb
    updates = await self.bot.get_updates(
              ^^^^^^^^^^^^^^^^^^^^^^^^^^^
    ...<3 lines>...
    )
    ^
  File "C:\Users\OurPresent\Downloads\Maestría BD\Proyecto Final\GmailPointsWatcher\.venv\Lib\site-packages\telegram\ext\_extbot.py", line 676, in get_updates
    updates = await super().get_updates(
              ^^^^^^^^^^^^^^^^^^^^^^^^^^
    ...<9 lines>...
    )
    ^
  File "C:\Users\OurPresent\Downloads\Maestría BD\Proyecto Final\GmailPointsWatcher\.venv\Lib\site-packages\telegram\_bot.py", line 4780, in get_updates
    await self._post(
    ^^^^^^^^^^^^^^^^^
    ...<7 lines>...
    ),
    ^
  File "C:\Users\OurPresent\Downloads\Maestría BD\Proyecto Final\GmailPointsWatcher\.venv\Lib\site-packages\telegram\_bot.py", line 703, in _post
    return await self._do_post(
           ^^^^^^^^^^^^^^^^^^^^
    ...<6 lines>...
    )
    ^
  File "C:\Users\OurPresent\Downloads\Maestría BD\Proyecto Final\GmailPointsWatcher\.venv\Lib\site-packages\telegram\ext\_extbot.py", line 372, in _do_post
    return await super()._do_post(
           ^^^^^^^^^^^^^^^^^^^^^^^
    ...<6 lines>...
    )
    ^
  File "C:\Users\OurPresent\Downloads\Maestría BD\Proyecto Final\GmailPointsWatcher\.venv\Lib\site-packages\telegram\_bot.py", line 732, in _do_post
    result = await request.post(
             ^^^^^^^^^^^^^^^^^^^
    ...<6 lines>...
    )
    ^
  File "C:\Users\OurPresent\Downloads\Maestría BD\Proyecto Final\GmailPointsWatcher\.venv\Lib\site-packages\telegram\request\_baserequest.py", line 198, in post
    result = await self._request_wrapper(
             ^^^^^^^^^^^^^^^^^^^^^^^^^^^^
    ...<7 lines>...
    )
    ^
  File "C:\Users\OurPresent\Downloads\Maestría BD\Proyecto Final\GmailPointsWatcher\.venv\Lib\site-packages\telegram\request\_baserequest.py", line 375, in _request_wrapper
    raise exception
telegram.error.Conflict: Conflict: terminated by other getUpdates request; make sure that only one bot instance is running
2025-12-12 19:13:21,527 INFO HTTP Request: POST https://api.telegram.org/bot8428323516:AAElzjmSPfUeCoTGKbm7wnDLSZ5ek1-6Gvc/getUpdates "HTTP/1.1 409 Conflict"
2025-12-12 19:13:21,529 ERROR No error handlers are registered, logging exception.
Traceback (most recent call last):
  File "C:\Users\OurPresent\Downloads\Maestría BD\Proyecto Final\GmailPointsWatcher\.venv\Lib\site-packages\telegram\ext\_utils\networkloop.py", line 134, in network_retry_loop
    await do_action()
  File "C:\Users\OurPresent\Downloads\Maestría BD\Proyecto Final\GmailPointsWatcher\.venv\Lib\site-packages\telegram\ext\_utils\networkloop.py", line 127, in do_action
    action_cb_task.result()
    ~~~~~~~~~~~~~~~~~~~~~^^
  File "C:\Users\OurPresent\Downloads\Maestría BD\Proyecto Final\GmailPointsWatcher\.venv\Lib\site-packages\telegram\ext\_updater.py", line 340, in polling_action_cb
    updates = await self.bot.get_updates(
              ^^^^^^^^^^^^^^^^^^^^^^^^^^^
    ...<3 lines>...
    )
    ^
  File "C:\Users\OurPresent\Downloads\Maestría BD\Proyecto Final\GmailPointsWatcher\.venv\Lib\site-packages\telegram\ext\_extbot.py", line 676, in get_updates
    updates = await super().get_updates(
              ^^^^^^^^^^^^^^^^^^^^^^^^^^
    ...<9 lines>...
    )
    ^
  File "C:\Users\OurPresent\Downloads\Maestría BD\Proyecto Final\GmailPointsWatcher\.venv\Lib\site-packages\telegram\_bot.py", line 4780, in get_updates
    await self._post(
    ^^^^^^^^^^^^^^^^^
    ...<7 lines>...
    ),
    ^
  File "C:\Users\OurPresent\Downloads\Maestría BD\Proyecto Final\GmailPointsWatcher\.venv\Lib\site-packages\telegram\_bot.py", line 703, in _post
    return await self._do_post(
           ^^^^^^^^^^^^^^^^^^^^
    ...<6 lines>...
    )
    ^
  File "C:\Users\OurPresent\Downloads\Maestría BD\Proyecto Final\GmailPointsWatcher\.venv\Lib\site-packages\telegram\ext\_extbot.py", line 372, in _do_post
    return await super()._do_post(
           ^^^^^^^^^^^^^^^^^^^^^^^
    ...<6 lines>...
    )
    ^
  File "C:\Users\OurPresent\Downloads\Maestría BD\Proyecto Final\GmailPointsWatcher\.venv\Lib\site-packages\telegram\_bot.py", line 732, in _do_post
    result = await request.post(
             ^^^^^^^^^^^^^^^^^^^
    ...<6 lines>...
    )
    ^
  File "C:\Users\OurPresent\Downloads\Maestría BD\Proyecto Final\GmailPointsWatcher\.venv\Lib\site-packages\telegram\request\_baserequest.py", line 198, in post
    result = await self._request_wrapper(
             ^^^^^^^^^^^^^^^^^^^^^^^^^^^^
    ...<7 lines>...
    )
    ^
  File "C:\Users\OurPresent\Downloads\Maestría BD\Proyecto Final\GmailPointsWatcher\.venv\Lib\site-packages\telegram\request\_baserequest.py", line 375, in _request_wrapper
    raise exception
telegram.error.Conflict: Conflict: terminated by other getUpdates request; make sure that only one bot instance is running
2025-12-12 19:13:28,524 INFO HTTP Request: POST https://api.telegram.org/bot8428323516:AAElzjmSPfUeCoTGKbm7wnDLSZ5ek1-6Gvc/getUpdates "HTTP/1.1 200 OK"
2025-12-12 19:13:29,279 INFO HTTP Request: POST https://api.telegram.org/bot8428323516:AAElzjmSPfUeCoTGKbm7wnDLSZ5ek1-6Gvc/getUpdates "HTTP/1.1 200 OK"
2025-12-12 19:13:29,931 INFO HTTP Request: POST https://api.telegram.org/bot8428323516:AAElzjmSPfUeCoTGKbm7wnDLSZ5ek1-6Gvc/answerCallbackQuery "HTTP/1.1 200 OK"
2025-12-12 19:13:30,221 INFO HTTP Request: POST https://api.telegram.org/bot8428323516:AAElzjmSPfUeCoTGKbm7wnDLSZ5ek1-6Gvc/sendMessage "HTTP/1.1 200 OK"
2025-12-12 19:13:37,359 INFO HTTP Request: POST https://api.telegram.org/bot8428323516:AAElzjmSPfUeCoTGKbm7wnDLSZ5ek1-6Gvc/getUpdates "HTTP/1.1 200 OK"
2025-12-12 19:13:37,953 INFO HTTP Request: POST https://api.telegram.org/bot8428323516:AAElzjmSPfUeCoTGKbm7wnDLSZ5ek1-6Gvc/answerCallbackQuery "HTTP/1.1 200 OK"
2025-12-12 19:13:38,643 INFO HTTP Request: POST https://api.telegram.org/bot8428323516:AAElzjmSPfUeCoTGKbm7wnDLSZ5ek1-6Gvc/sendMessage "HTTP/1.1 200 OK"
2025-12-12 19:13:47,511 INFO HTTP Request: POST https://api.telegram.org/bot8428323516:AAElzjmSPfUeCoTGKbm7wnDLSZ5ek1-6Gvc/getUpdates "HTTP/1.1 200 OK"
2025-12-12 19:13:47,662 INFO HTTP Request: POST https://api.telegram.org/bot8428323516:AAElzjmSPfUeCoTGKbm7wnDLSZ5ek1-6Gvc/getUpdates "HTTP/1.1 409 Conflict"
2025-12-12 19:13:47,663 ERROR No error handlers are registered, logging exception.
Traceback (most recent call last):
  File "C:\Users\OurPresent\Downloads\Maestría BD\Proyecto Final\GmailPointsWatcher\.venv\Lib\site-packages\telegram\ext\_utils\networkloop.py", line 134, in network_retry_loop
    await do_action()
  File "C:\Users\OurPresent\Downloads\Maestría BD\Proyecto Final\GmailPointsWatcher\.venv\Lib\site-packages\telegram\ext\_utils\networkloop.py", line 127, in do_action
    action_cb_task.result()
    ~~~~~~~~~~~~~~~~~~~~~^^
  File "C:\Users\OurPresent\Downloads\Maestría BD\Proyecto Final\GmailPointsWatcher\.venv\Lib\site-packages\telegram\ext\_updater.py", line 340, in polling_action_cb
    updates = await self.bot.get_updates(
              ^^^^^^^^^^^^^^^^^^^^^^^^^^^
    ...<3 lines>...
    )
    ^
  File "C:\Users\OurPresent\Downloads\Maestría BD\Proyecto Final\GmailPointsWatcher\.venv\Lib\site-packages\telegram\ext\_extbot.py", line 676, in get_updates
    updates = await super().get_updates(
              ^^^^^^^^^^^^^^^^^^^^^^^^^^
    ...<9 lines>...
    )
    ^
  File "C:\Users\OurPresent\Downloads\Maestría BD\Proyecto Final\GmailPointsWatcher\.venv\Lib\site-packages\telegram\_bot.py", line 4780, in get_updates
    await self._post(
    ^^^^^^^^^^^^^^^^^
    ...<7 lines>...
    ),
    ^
  File "C:\Users\OurPresent\Downloads\Maestría BD\Proyecto Final\GmailPointsWatcher\.venv\Lib\site-packages\telegram\_bot.py", line 703, in _post
    return await self._do_post(
           ^^^^^^^^^^^^^^^^^^^^
    ...<6 lines>...
    )
    ^
  File "C:\Users\OurPresent\Downloads\Maestría BD\Proyecto Final\GmailPointsWatcher\.venv\Lib\site-packages\telegram\ext\_extbot.py", line 372, in _do_post
    return await super()._do_post(
           ^^^^^^^^^^^^^^^^^^^^^^^
    ...<6 lines>...
    )
    ^
  File "C:\Users\OurPresent\Downloads\Maestría BD\Proyecto Final\GmailPointsWatcher\.venv\Lib\site-packages\telegram\_bot.py", line 732, in _do_post
    result = await request.post(
             ^^^^^^^^^^^^^^^^^^^
    ...<6 lines>...
    )
    ^
  File "C:\Users\OurPresent\Downloads\Maestría BD\Proyecto Final\GmailPointsWatcher\.venv\Lib\site-packages\telegram\request\_baserequest.py", line 198, in post
    result = await self._request_wrapper(
             ^^^^^^^^^^^^^^^^^^^^^^^^^^^^
    ...<7 lines>...
    )
    ^
  File "C:\Users\OurPresent\Downloads\Maestría BD\Proyecto Final\GmailPointsWatcher\.venv\Lib\site-packages\telegram\request\_baserequest.py", line 375, in _request_wrapper
    raise exception
telegram.error.Conflict: Conflict: terminated by other getUpdates request; make sure that only one bot instance is running
2025-12-12 19:13:48,325 INFO Running job "_email_job (trigger: interval[0:01:00], next run at: 2025-12-13 00:14:48 UTC)" (scheduled at 2025-12-13 00:13:48.319770+00:00)
2025-12-12 19:13:48,762 INFO Running job "_email_job (trigger: interval[0:01:00], next run at: 2025-12-13 00:14:48 UTC)" (scheduled at 2025-12-13 00:13:48.746944+00:00)
2025-12-12 19:13:49,100 INFO Job "_email_job (trigger: interval[0:01:00], next run at: 2025-12-13 00:14:48 UTC)" executed successfully
2025-12-12 19:13:49,377 INFO Job "_email_job (trigger: interval[0:01:00], next run at: 2025-12-13 00:14:48 UTC)" executed successfully
2025-12-12 19:13:57,663 INFO HTTP Request: POST https://api.telegram.org/bot8428323516:AAElzjmSPfUeCoTGKbm7wnDLSZ5ek1-6Gvc/getUpdates "HTTP/1.1 200 OK"
2025-12-12 19:14:07,815 INFO HTTP Request: POST https://api.telegram.org/bot8428323516:AAElzjmSPfUeCoTGKbm7wnDLSZ5ek1-6Gvc/getUpdates "HTTP/1.1 200 OK"
2025-12-12 19:14:17,987 INFO HTTP Request: POST https://api.telegram.org/bot8428323516:AAElzjmSPfUeCoTGKbm7wnDLSZ5ek1-6Gvc/getUpdates "HTTP/1.1 200 OK"
2025-12-12 19:14:18,144 INFO HTTP Request: POST https://api.telegram.org/bot8428323516:AAElzjmSPfUeCoTGKbm7wnDLSZ5ek1-6Gvc/getUpdates "HTTP/1.1 409 Conflict"
2025-12-12 19:14:18,146 ERROR No error handlers are registered, logging exception.
Traceback (most recent call last):
  File "C:\Users\OurPresent\Downloads\Maestría BD\Proyecto Final\GmailPointsWatcher\.venv\Lib\site-packages\telegram\ext\_utils\networkloop.py", line 134, in network_retry_loop
    await do_action()
  File "C:\Users\OurPresent\Downloads\Maestría BD\Proyecto Final\GmailPointsWatcher\.venv\Lib\site-packages\telegram\ext\_utils\networkloop.py", line 127, in do_action
    action_cb_task.result()
    ~~~~~~~~~~~~~~~~~~~~~^^
  File "C:\Users\OurPresent\Downloads\Maestría BD\Proyecto Final\GmailPointsWatcher\.venv\Lib\site-packages\telegram\ext\_updater.py", line 340, in polling_action_cb
    updates = await self.bot.get_updates(
              ^^^^^^^^^^^^^^^^^^^^^^^^^^^
    ...<3 lines>...
    )
    ^
  File "C:\Users\OurPresent\Downloads\Maestría BD\Proyecto Final\GmailPointsWatcher\.venv\Lib\site-packages\telegram\ext\_extbot.py", line 676, in get_updates
    updates = await super().get_updates(
              ^^^^^^^^^^^^^^^^^^^^^^^^^^
    ...<9 lines>...
    )
    ^
  File "C:\Users\OurPresent\Downloads\Maestría BD\Proyecto Final\GmailPointsWatcher\.venv\Lib\site-packages\telegram\_bot.py", line 4780, in get_updates
    await self._post(
    ^^^^^^^^^^^^^^^^^
    ...<7 lines>...
    ),
    ^
  File "C:\Users\OurPresent\Downloads\Maestría BD\Proyecto Final\GmailPointsWatcher\.venv\Lib\site-packages\telegram\_bot.py", line 703, in _post
    return await self._do_post(
           ^^^^^^^^^^^^^^^^^^^^
    ...<6 lines>...
    )
    ^
  File "C:\Users\OurPresent\Downloads\Maestría BD\Proyecto Final\GmailPointsWatcher\.venv\Lib\site-packages\telegram\ext\_extbot.py", line 372, in _do_post
    return await super()._do_post(
           ^^^^^^^^^^^^^^^^^^^^^^^
    ...<6 lines>...
    )
    ^
  File "C:\Users\OurPresent\Downloads\Maestría BD\Proyecto Final\GmailPointsWatcher\.venv\Lib\site-packages\telegram\_bot.py", line 732, in _do_post
    result = await request.post(
             ^^^^^^^^^^^^^^^^^^^
    ...<6 lines>...
    )
    ^
  File "C:\Users\OurPresent\Downloads\Maestría BD\Proyecto Final\GmailPointsWatcher\.venv\Lib\site-packages\telegram\request\_baserequest.py", line 198, in post
    result = await self._request_wrapper(
             ^^^^^^^^^^^^^^^^^^^^^^^^^^^^
    ...<7 lines>...
    )
    ^
  File "C:\Users\OurPresent\Downloads\Maestría BD\Proyecto Final\GmailPointsWatcher\.venv\Lib\site-packages\telegram\request\_baserequest.py", line 375, in _request_wrapper
    raise exception
telegram.error.Conflict: Conflict: terminated by other getUpdates request; make sure that only one bot instance is running
2025-12-12 19:14:28,140 INFO HTTP Request: POST https://api.telegram.org/bot8428323516:AAElzjmSPfUeCoTGKbm7wnDLSZ5ek1-6Gvc/getUpdates "HTTP/1.1 200 OK"
2025-12-12 19:14:38,318 INFO HTTP Request: POST https://api.telegram.org/bot8428323516:AAElzjmSPfUeCoTGKbm7wnDLSZ5ek1-6Gvc/getUpdates "HTTP/1.1 200 OK"
2025-12-12 19:14:48,321 INFO Running job "_email_job (trigger: interval[0:01:00], next run at: 2025-12-13 00:15:48 UTC)" (scheduled at 2025-12-13 00:14:48.319770+00:00)
2025-12-12 19:14:48,469 INFO HTTP Request: POST https://api.telegram.org/bot8428323516:AAElzjmSPfUeCoTGKbm7wnDLSZ5ek1-6Gvc/getUpdates "HTTP/1.1 200 OK"
2025-12-12 19:14:48,711 INFO HTTP Request: POST https://api.telegram.org/bot8428323516:AAElzjmSPfUeCoTGKbm7wnDLSZ5ek1-6Gvc/getUpdates "HTTP/1.1 409 Conflict"
2025-12-12 19:14:48,712 ERROR No error handlers are registered, logging exception.
Traceback (most recent call last):
  File "C:\Users\OurPresent\Downloads\Maestría BD\Proyecto Final\GmailPointsWatcher\.venv\Lib\site-packages\telegram\ext\_utils\networkloop.py", line 134, in network_retry_loop
    await do_action()
  File "C:\Users\OurPresent\Downloads\Maestría BD\Proyecto Final\GmailPointsWatcher\.venv\Lib\site-packages\telegram\ext\_utils\networkloop.py", line 127, in do_action
    action_cb_task.result()
    ~~~~~~~~~~~~~~~~~~~~~^^
  File "C:\Users\OurPresent\Downloads\Maestría BD\Proyecto Final\GmailPointsWatcher\.venv\Lib\site-packages\telegram\ext\_updater.py", line 340, in polling_action_cb
    updates = await self.bot.get_updates(
              ^^^^^^^^^^^^^^^^^^^^^^^^^^^
    ...<3 lines>...
    )
    ^
  File "C:\Users\OurPresent\Downloads\Maestría BD\Proyecto Final\GmailPointsWatcher\.venv\Lib\site-packages\telegram\ext\_extbot.py", line 676, in get_updates
    updates = await super().get_updates(
              ^^^^^^^^^^^^^^^^^^^^^^^^^^
    ...<9 lines>...
    )
    ^
  File "C:\Users\OurPresent\Downloads\Maestría BD\Proyecto Final\GmailPointsWatcher\.venv\Lib\site-packages\telegram\_bot.py", line 4780, in get_updates
    await self._post(
    ^^^^^^^^^^^^^^^^^
    ...<7 lines>...
    ),
    ^
  File "C:\Users\OurPresent\Downloads\Maestría BD\Proyecto Final\GmailPointsWatcher\.venv\Lib\site-packages\telegram\_bot.py", line 703, in _post
    return await self._do_post(
           ^^^^^^^^^^^^^^^^^^^^
    ...<6 lines>...
    )
    ^
  File "C:\Users\OurPresent\Downloads\Maestría BD\Proyecto Final\GmailPointsWatcher\.venv\Lib\site-packages\telegram\ext\_extbot.py", line 372, in _do_post
    return await super()._do_post(
           ^^^^^^^^^^^^^^^^^^^^^^^
    ...<6 lines>...
    )
    ^
  File "C:\Users\OurPresent\Downloads\Maestría BD\Proyecto Final\GmailPointsWatcher\.venv\Lib\site-packages\telegram\_bot.py", line 732, in _do_post
    result = await request.post(
             ^^^^^^^^^^^^^^^^^^^
    ...<6 lines>...
    )
    ^
  File "C:\Users\OurPresent\Downloads\Maestría BD\Proyecto Final\GmailPointsWatcher\.venv\Lib\site-packages\telegram\request\_baserequest.py", line 198, in post
    result = await self._request_wrapper(
             ^^^^^^^^^^^^^^^^^^^^^^^^^^^^
    ...<7 lines>...
    )
    ^
  File "C:\Users\OurPresent\Downloads\Maestría BD\Proyecto Final\GmailPointsWatcher\.venv\Lib\site-packages\telegram\request\_baserequest.py", line 375, in _request_wrapper
    raise exception
telegram.error.Conflict: Conflict: terminated by other getUpdates request; make sure that only one bot instance is running
2025-12-12 19:14:48,763 INFO Running job "_email_job (trigger: interval[0:01:00], next run at: 2025-12-13 00:15:48 UTC)" (scheduled at 2025-12-13 00:14:48.746944+00:00)
2025-12-12 19:14:48,951 INFO Job "_email_job (trigger: interval[0:01:00], next run at: 2025-12-13 00:15:48 UTC)" executed successfully
2025-12-12 19:14:49,331 INFO Job "_email_job (trigger: interval[0:01:00], next run at: 2025-12-13 00:15:48 UTC)" executed successfully
2025-12-12 19:14:52,933 INFO HTTP Request: POST https://api.telegram.org/bot8428323516:AAElzjmSPfUeCoTGKbm7wnDLSZ5ek1-6Gvc/getUpdates "HTTP/1.1 409 Conflict"
2025-12-12 19:14:52,935 ERROR No error handlers are registered, logging exception.
Traceback (most recent call last):
  File "C:\Users\OurPresent\Downloads\Maestría BD\Proyecto Final\GmailPointsWatcher\.venv\Lib\site-packages\telegram\ext\_utils\networkloop.py", line 134, in network_retry_loop
    await do_action()
  File "C:\Users\OurPresent\Downloads\Maestría BD\Proyecto Final\GmailPointsWatcher\.venv\Lib\site-packages\telegram\ext\_utils\networkloop.py", line 127, in do_action
    action_cb_task.result()
    ~~~~~~~~~~~~~~~~~~~~~^^
  File "C:\Users\OurPresent\Downloads\Maestría BD\Proyecto Final\GmailPointsWatcher\.venv\Lib\site-packages\telegram\ext\_updater.py", line 340, in polling_action_cb
    updates = await self.bot.get_updates(
              ^^^^^^^^^^^^^^^^^^^^^^^^^^^
    ...<3 lines>...
    )
    ^
  File "C:\Users\OurPresent\Downloads\Maestría BD\Proyecto Final\GmailPointsWatcher\.venv\Lib\site-packages\telegram\ext\_extbot.py", line 676, in get_updates
    updates = await super().get_updates(
              ^^^^^^^^^^^^^^^^^^^^^^^^^^
    ...<9 lines>...
    )
    ^
  File "C:\Users\OurPresent\Downloads\Maestría BD\Proyecto Final\GmailPointsWatcher\.venv\Lib\site-packages\telegram\_bot.py", line 4780, in get_updates
    await self._post(
    ^^^^^^^^^^^^^^^^^
    ...<7 lines>...
    ),
    ^
  File "C:\Users\OurPresent\Downloads\Maestría BD\Proyecto Final\GmailPointsWatcher\.venv\Lib\site-packages\telegram\_bot.py", line 703, in _post
    return await self._do_post(
           ^^^^^^^^^^^^^^^^^^^^
    ...<6 lines>...
    )
    ^
  File "C:\Users\OurPresent\Downloads\Maestría BD\Proyecto Final\GmailPointsWatcher\.venv\Lib\site-packages\telegram\ext\_extbot.py", line 372, in _do_post
    return await super()._do_post(
           ^^^^^^^^^^^^^^^^^^^^^^^
    ...<6 lines>...
    )
    ^
  File "C:\Users\OurPresent\Downloads\Maestría BD\Proyecto Final\GmailPointsWatcher\.venv\Lib\site-packages\telegram\_bot.py", line 732, in _do_post
    result = await request.post(
             ^^^^^^^^^^^^^^^^^^^
    ...<6 lines>...
    )
    ^
  File "C:\Users\OurPresent\Downloads\Maestría BD\Proyecto Final\GmailPointsWatcher\.venv\Lib\site-packages\telegram\request\_baserequest.py", line 198, in post
    result = await self._request_wrapper(
             ^^^^^^^^^^^^^^^^^^^^^^^^^^^^
    ...<7 lines>...
    )
    ^
  File "C:\Users\OurPresent\Downloads\Maestría BD\Proyecto Final\GmailPointsWatcher\.venv\Lib\site-packages\telegram\request\_baserequest.py", line 375, in _request_wrapper
    raise exception
telegram.error.Conflict: Conflict: terminated by other getUpdates request; make sure that only one bot instance is running
2025-12-12 19:14:59,935 INFO HTTP Request: POST https://api.telegram.org/bot8428323516:AAElzjmSPfUeCoTGKbm7wnDLSZ5ek1-6Gvc/getUpdates "HTTP/1.1 200 OK"
2025-12-12 19:15:10,085 INFO HTTP Request: POST https://api.telegram.org/bot8428323516:AAElzjmSPfUeCoTGKbm7wnDLSZ5ek1-6Gvc/getUpdates "HTTP/1.1 200 OK"
2025-12-12 19:15:20,237 INFO HTTP Request: POST https://api.telegram.org/bot8428323516:AAElzjmSPfUeCoTGKbm7wnDLSZ5ek1-6Gvc/getUpdates "HTTP/1.1 200 OK"
2025-12-12 19:15:23,412 INFO HTTP Request: POST https://api.telegram.org/bot8428323516:AAElzjmSPfUeCoTGKbm7wnDLSZ5ek1-6Gvc/getUpdates "HTTP/1.1 409 Conflict"
2025-12-12 19:15:23,413 ERROR No error handlers are registered, logging exception.
Traceback (most recent call last):
  File "C:\Users\OurPresent\Downloads\Maestría BD\Proyecto Final\GmailPointsWatcher\.venv\Lib\site-packages\telegram\ext\_utils\networkloop.py", line 134, in network_retry_loop
    await do_action()
  File "C:\Users\OurPresent\Downloads\Maestría BD\Proyecto Final\GmailPointsWatcher\.venv\Lib\site-packages\telegram\ext\_utils\networkloop.py", line 127, in do_action
    action_cb_task.result()
    ~~~~~~~~~~~~~~~~~~~~~^^
  File "C:\Users\OurPresent\Downloads\Maestría BD\Proyecto Final\GmailPointsWatcher\.venv\Lib\site-packages\telegram\ext\_updater.py", line 340, in polling_action_cb
    updates = await self.bot.get_updates(
              ^^^^^^^^^^^^^^^^^^^^^^^^^^^
    ...<3 lines>...
    )
    ^
  File "C:\Users\OurPresent\Downloads\Maestría BD\Proyecto Final\GmailPointsWatcher\.venv\Lib\site-packages\telegram\ext\_extbot.py", line 676, in get_updates
    updates = await super().get_updates(
              ^^^^^^^^^^^^^^^^^^^^^^^^^^
    ...<9 lines>...
    )
    ^
  File "C:\Users\OurPresent\Downloads\Maestría BD\Proyecto Final\GmailPointsWatcher\.venv\Lib\site-packages\telegram\_bot.py", line 4780, in get_updates
    await self._post(
    ^^^^^^^^^^^^^^^^^
    ...<7 lines>...
    ),
    ^
  File "C:\Users\OurPresent\Downloads\Maestría BD\Proyecto Final\GmailPointsWatcher\.venv\Lib\site-packages\telegram\_bot.py", line 703, in _post
    return await self._do_post(
           ^^^^^^^^^^^^^^^^^^^^
    ...<6 lines>...
    )
    ^
  File "C:\Users\OurPresent\Downloads\Maestría BD\Proyecto Final\GmailPointsWatcher\.venv\Lib\site-packages\telegram\ext\_extbot.py", line 372, in _do_post
    return await super()._do_post(
           ^^^^^^^^^^^^^^^^^^^^^^^
    ...<6 lines>...
    )
    ^
  File "C:\Users\OurPresent\Downloads\Maestría BD\Proyecto Final\GmailPointsWatcher\.venv\Lib\site-packages\telegram\_bot.py", line 732, in _do_post
    result = await request.post(
             ^^^^^^^^^^^^^^^^^^^
    ...<6 lines>...
    )
    ^
  File "C:\Users\OurPresent\Downloads\Maestría BD\Proyecto Final\GmailPointsWatcher\.venv\Lib\site-packages\telegram\request\_baserequest.py", line 198, in post
    result = await self._request_wrapper(
             ^^^^^^^^^^^^^^^^^^^^^^^^^^^^
    ...<7 lines>...
    )
    ^
  File "C:\Users\OurPresent\Downloads\Maestría BD\Proyecto Final\GmailPointsWatcher\.venv\Lib\site-packages\telegram\request\_baserequest.py", line 375, in _request_wrapper
    raise exception
telegram.error.Conflict: Conflict: terminated by other getUpdates request; make sure that only one bot instance is running
2025-12-12 19:15:27,573 INFO HTTP Request: POST https://api.telegram.org/bot8428323516:AAElzjmSPfUeCoTGKbm7wnDLSZ5ek1-6Gvc/getUpdates "HTTP/1.1 409 Conflict"
2025-12-12 19:15:27,574 ERROR No error handlers are registered, logging exception.
Traceback (most recent call last):
  File "C:\Users\OurPresent\Downloads\Maestría BD\Proyecto Final\GmailPointsWatcher\.venv\Lib\site-packages\telegram\ext\_utils\networkloop.py", line 134, in network_retry_loop
    await do_action()
  File "C:\Users\OurPresent\Downloads\Maestría BD\Proyecto Final\GmailPointsWatcher\.venv\Lib\site-packages\telegram\ext\_utils\networkloop.py", line 127, in do_action
    action_cb_task.result()
    ~~~~~~~~~~~~~~~~~~~~~^^
  File "C:\Users\OurPresent\Downloads\Maestría BD\Proyecto Final\GmailPointsWatcher\.venv\Lib\site-packages\telegram\ext\_updater.py", line 340, in polling_action_cb
    updates = await self.bot.get_updates(
              ^^^^^^^^^^^^^^^^^^^^^^^^^^^
    ...<3 lines>...
    )
    ^
  File "C:\Users\OurPresent\Downloads\Maestría BD\Proyecto Final\GmailPointsWatcher\.venv\Lib\site-packages\telegram\ext\_extbot.py", line 676, in get_updates
    updates = await super().get_updates(
              ^^^^^^^^^^^^^^^^^^^^^^^^^^
    ...<9 lines>...
    )
    ^
  File "C:\Users\OurPresent\Downloads\Maestría BD\Proyecto Final\GmailPointsWatcher\.venv\Lib\site-packages\telegram\_bot.py", line 4780, in get_updates
    await self._post(
    ^^^^^^^^^^^^^^^^^
    ...<7 lines>...
    ),
    ^
  File "C:\Users\OurPresent\Downloads\Maestría BD\Proyecto Final\GmailPointsWatcher\.venv\Lib\site-packages\telegram\_bot.py", line 703, in _post
    return await self._do_post(
           ^^^^^^^^^^^^^^^^^^^^
    ...<6 lines>...
    )
    ^
  File "C:\Users\OurPresent\Downloads\Maestría BD\Proyecto Final\GmailPointsWatcher\.venv\Lib\site-packages\telegram\ext\_extbot.py", line 372, in _do_post
    return await super()._do_post(
           ^^^^^^^^^^^^^^^^^^^^^^^
    ...<6 lines>...
    )
    ^
  File "C:\Users\OurPresent\Downloads\Maestría BD\Proyecto Final\GmailPointsWatcher\.venv\Lib\site-packages\telegram\_bot.py", line 732, in _do_post
    result = await request.post(
             ^^^^^^^^^^^^^^^^^^^
    ...<6 lines>...
    )
    ^
  File "C:\Users\OurPresent\Downloads\Maestría BD\Proyecto Final\GmailPointsWatcher\.venv\Lib\site-packages\telegram\request\_baserequest.py", line 198, in post
    result = await self._request_wrapper(
             ^^^^^^^^^^^^^^^^^^^^^^^^^^^^
    ...<7 lines>...
    )
    ^
  File "C:\Users\OurPresent\Downloads\Maestría BD\Proyecto Final\GmailPointsWatcher\.venv\Lib\site-packages\telegram\request\_baserequest.py", line 375, in _request_wrapper
    raise exception
telegram.error.Conflict: Conflict: terminated by other getUpdates request; make sure that only one bot instance is running
2025-12-12 19:15:34,567 INFO HTTP Request: POST https://api.telegram.org/bot8428323516:AAElzjmSPfUeCoTGKbm7wnDLSZ5ek1-6Gvc/getUpdates "HTTP/1.1 200 OK"
2025-12-12 19:15:44,719 INFO HTTP Request: POST https://api.telegram.org/bot8428323516:AAElzjmSPfUeCoTGKbm7wnDLSZ5ek1-6Gvc/getUpdates "HTTP/1.1 200 OK"
2025-12-12 19:15:48,321 INFO Running job "_email_job (trigger: interval[0:01:00], next run at: 2025-12-13 00:16:48 UTC)" (scheduled at 2025-12-13 00:15:48.319770+00:00)
2025-12-12 19:15:48,749 INFO Running job "_email_job (trigger: interval[0:01:00], next run at: 2025-12-13 00:16:48 UTC)" (scheduled at 2025-12-13 00:15:48.746944+00:00)
2025-12-12 19:15:49,015 INFO Job "_email_job (trigger: interval[0:01:00], next run at: 2025-12-13 00:16:48 UTC)" executed successfully
2025-12-12 19:15:49,336 INFO Job "_email_job (trigger: interval[0:01:00], next run at: 2025-12-13 00:16:48 UTC)" executed successfully
2025-12-12 19:15:54,870 INFO HTTP Request: POST https://api.telegram.org/bot8428323516:AAElzjmSPfUeCoTGKbm7wnDLSZ5ek1-6Gvc/getUpdates "HTTP/1.1 200 OK"
2025-12-12 19:15:58,119 INFO HTTP Request: POST https://api.telegram.org/bot8428323516:AAElzjmSPfUeCoTGKbm7wnDLSZ5ek1-6Gvc/getUpdates "HTTP/1.1 409 Conflict"
2025-12-12 19:15:58,121 ERROR No error handlers are registered, logging exception.
Traceback (most recent call last):
  File "C:\Users\OurPresent\Downloads\Maestría BD\Proyecto Final\GmailPointsWatcher\.venv\Lib\site-packages\telegram\ext\_utils\networkloop.py", line 134, in network_retry_loop
    await do_action()
  File "C:\Users\OurPresent\Downloads\Maestría BD\Proyecto Final\GmailPointsWatcher\.venv\Lib\site-packages\telegram\ext\_utils\networkloop.py", line 127, in do_action
    action_cb_task.result()
    ~~~~~~~~~~~~~~~~~~~~~^^
  File "C:\Users\OurPresent\Downloads\Maestría BD\Proyecto Final\GmailPointsWatcher\.venv\Lib\site-packages\telegram\ext\_updater.py", line 340, in polling_action_cb
    updates = await self.bot.get_updates(
              ^^^^^^^^^^^^^^^^^^^^^^^^^^^
    ...<3 lines>...
    )
    ^
  File "C:\Users\OurPresent\Downloads\Maestría BD\Proyecto Final\GmailPointsWatcher\.venv\Lib\site-packages\telegram\ext\_extbot.py", line 676, in get_updates
    updates = await super().get_updates(
              ^^^^^^^^^^^^^^^^^^^^^^^^^^
    ...<9 lines>...
    )
    ^
  File "C:\Users\OurPresent\Downloads\Maestría BD\Proyecto Final\GmailPointsWatcher\.venv\Lib\site-packages\telegram\_bot.py", line 4780, in get_updates
    await self._post(
    ^^^^^^^^^^^^^^^^^
    ...<7 lines>...
    ),
    ^
  File "C:\Users\OurPresent\Downloads\Maestría BD\Proyecto Final\GmailPointsWatcher\.venv\Lib\site-packages\telegram\_bot.py", line 703, in _post
    return await self._do_post(
           ^^^^^^^^^^^^^^^^^^^^
    ...<6 lines>...
    )
    ^
  File "C:\Users\OurPresent\Downloads\Maestría BD\Proyecto Final\GmailPointsWatcher\.venv\Lib\site-packages\telegram\ext\_extbot.py", line 372, in _do_post
    return await super()._do_post(
           ^^^^^^^^^^^^^^^^^^^^^^^
    ...<6 lines>...
    )
    ^
  File "C:\Users\OurPresent\Downloads\Maestría BD\Proyecto Final\GmailPointsWatcher\.venv\Lib\site-packages\telegram\_bot.py", line 732, in _do_post
    result = await request.post(
             ^^^^^^^^^^^^^^^^^^^
    ...<6 lines>...
    )
    ^
  File "C:\Users\OurPresent\Downloads\Maestría BD\Proyecto Final\GmailPointsWatcher\.venv\Lib\site-packages\telegram\request\_baserequest.py", line 198, in post
    result = await self._request_wrapper(
             ^^^^^^^^^^^^^^^^^^^^^^^^^^^^
    ...<7 lines>...
    )
    ^
  File "C:\Users\OurPresent\Downloads\Maestría BD\Proyecto Final\GmailPointsWatcher\.venv\Lib\site-packages\telegram\request\_baserequest.py", line 375, in _request_wrapper
    raise exception
telegram.error.Conflict: Conflict: terminated by other getUpdates request; make sure that only one bot instance is running
2025-12-12 19:16:02,272 INFO HTTP Request: POST https://api.telegram.org/bot8428323516:AAElzjmSPfUeCoTGKbm7wnDLSZ5ek1-6Gvc/getUpdates "HTTP/1.1 409 Conflict"
2025-12-12 19:16:02,273 ERROR No error handlers are registered, logging exception.
Traceback (most recent call last):
  File "C:\Users\OurPresent\Downloads\Maestría BD\Proyecto Final\GmailPointsWatcher\.venv\Lib\site-packages\telegram\ext\_utils\networkloop.py", line 134, in network_retry_loop
    await do_action()
  File "C:\Users\OurPresent\Downloads\Maestría BD\Proyecto Final\GmailPointsWatcher\.venv\Lib\site-packages\telegram\ext\_utils\networkloop.py", line 127, in do_action
    action_cb_task.result()
    ~~~~~~~~~~~~~~~~~~~~~^^
  File "C:\Users\OurPresent\Downloads\Maestría BD\Proyecto Final\GmailPointsWatcher\.venv\Lib\site-packages\telegram\ext\_updater.py", line 340, in polling_action_cb
    updates = await self.bot.get_updates(
              ^^^^^^^^^^^^^^^^^^^^^^^^^^^
    ...<3 lines>...
    )
    ^
  File "C:\Users\OurPresent\Downloads\Maestría BD\Proyecto Final\GmailPointsWatcher\.venv\Lib\site-packages\telegram\ext\_extbot.py", line 676, in get_updates
    updates = await super().get_updates(
              ^^^^^^^^^^^^^^^^^^^^^^^^^^
    ...<9 lines>...
    )
    ^
  File "C:\Users\OurPresent\Downloads\Maestría BD\Proyecto Final\GmailPointsWatcher\.venv\Lib\site-packages\telegram\_bot.py", line 4780, in get_updates
    await self._post(
    ^^^^^^^^^^^^^^^^^
    ...<7 lines>...
    ),
    ^
  File "C:\Users\OurPresent\Downloads\Maestría BD\Proyecto Final\GmailPointsWatcher\.venv\Lib\site-packages\telegram\_bot.py", line 703, in _post
    return await self._do_post(
           ^^^^^^^^^^^^^^^^^^^^
    ...<6 lines>...
    )
    ^
  File "C:\Users\OurPresent\Downloads\Maestría BD\Proyecto Final\GmailPointsWatcher\.venv\Lib\site-packages\telegram\ext\_extbot.py", line 372, in _do_post
    return await super()._do_post(
           ^^^^^^^^^^^^^^^^^^^^^^^
    ...<6 lines>...
    )
    ^
  File "C:\Users\OurPresent\Downloads\Maestría BD\Proyecto Final\GmailPointsWatcher\.venv\Lib\site-packages\telegram\_bot.py", line 732, in _do_post
    result = await request.post(
             ^^^^^^^^^^^^^^^^^^^
    ...<6 lines>...
    )
    ^
  File "C:\Users\OurPresent\Downloads\Maestría BD\Proyecto Final\GmailPointsWatcher\.venv\Lib\site-packages\telegram\request\_baserequest.py", line 198, in post
    result = await self._request_wrapper(
             ^^^^^^^^^^^^^^^^^^^^^^^^^^^^
    ...<7 lines>...
    )
    ^
  File "C:\Users\OurPresent\Downloads\Maestría BD\Proyecto Final\GmailPointsWatcher\.venv\Lib\site-packages\telegram\request\_baserequest.py", line 375, in _request_wrapper
    raise exception
telegram.error.Conflict: Conflict: terminated by other getUpdates request; make sure that only one bot instance is running
2025-12-12 19:16:09,275 INFO HTTP Request: POST https://api.telegram.org/bot8428323516:AAElzjmSPfUeCoTGKbm7wnDLSZ5ek1-6Gvc/getUpdates "HTTP/1.1 200 OK"
2025-12-12 19:16:19,425 INFO HTTP Request: POST https://api.telegram.org/bot8428323516:AAElzjmSPfUeCoTGKbm7wnDLSZ5ek1-6Gvc/getUpdates "HTTP/1.1 200 OK"
2025-12-12 19:16:29,587 INFO HTTP Request: POST https://api.telegram.org/bot8428323516:AAElzjmSPfUeCoTGKbm7wnDLSZ5ek1-6Gvc/getUpdates "HTTP/1.1 200 OK"
2025-12-12 19:16:32,738 INFO HTTP Request: POST https://api.telegram.org/bot8428323516:AAElzjmSPfUeCoTGKbm7wnDLSZ5ek1-6Gvc/getUpdates "HTTP/1.1 409 Conflict"
2025-12-12 19:16:32,740 ERROR No error handlers are registered, logging exception.
Traceback (most recent call last):
  File "C:\Users\OurPresent\Downloads\Maestría BD\Proyecto Final\GmailPointsWatcher\.venv\Lib\site-packages\telegram\ext\_utils\networkloop.py", line 134, in network_retry_loop
    await do_action()
  File "C:\Users\OurPresent\Downloads\Maestría BD\Proyecto Final\GmailPointsWatcher\.venv\Lib\site-packages\telegram\ext\_utils\networkloop.py", line 127, in do_action
    action_cb_task.result()
    ~~~~~~~~~~~~~~~~~~~~~^^
  File "C:\Users\OurPresent\Downloads\Maestría BD\Proyecto Final\GmailPointsWatcher\.venv\Lib\site-packages\telegram\ext\_updater.py", line 340, in polling_action_cb
    updates = await self.bot.get_updates(
              ^^^^^^^^^^^^^^^^^^^^^^^^^^^
    ...<3 lines>...
    )
    ^
  File "C:\Users\OurPresent\Downloads\Maestría BD\Proyecto Final\GmailPointsWatcher\.venv\Lib\site-packages\telegram\ext\_extbot.py", line 676, in get_updates
    updates = await super().get_updates(
              ^^^^^^^^^^^^^^^^^^^^^^^^^^
    ...<9 lines>...
    )
    ^
  File "C:\Users\OurPresent\Downloads\Maestría BD\Proyecto Final\GmailPointsWatcher\.venv\Lib\site-packages\telegram\_bot.py", line 4780, in get_updates
    await self._post(
    ^^^^^^^^^^^^^^^^^
    ...<7 lines>...
    ),
    ^
  File "C:\Users\OurPresent\Downloads\Maestría BD\Proyecto Final\GmailPointsWatcher\.venv\Lib\site-packages\telegram\_bot.py", line 703, in _post
    return await self._do_post(
           ^^^^^^^^^^^^^^^^^^^^
    ...<6 lines>...
    )
    ^
  File "C:\Users\OurPresent\Downloads\Maestría BD\Proyecto Final\GmailPointsWatcher\.venv\Lib\site-packages\telegram\ext\_extbot.py", line 372, in _do_post
    return await super()._do_post(
           ^^^^^^^^^^^^^^^^^^^^^^^
    ...<6 lines>...
    )
    ^
  File "C:\Users\OurPresent\Downloads\Maestría BD\Proyecto Final\GmailPointsWatcher\.venv\Lib\site-packages\telegram\_bot.py", line 732, in _do_post
    result = await request.post(
             ^^^^^^^^^^^^^^^^^^^
    ...<6 lines>...
    )
    ^
  File "C:\Users\OurPresent\Downloads\Maestría BD\Proyecto Final\GmailPointsWatcher\.venv\Lib\site-packages\telegram\request\_baserequest.py", line 198, in post
    result = await self._request_wrapper(
             ^^^^^^^^^^^^^^^^^^^^^^^^^^^^
    ...<7 lines>...
    )
    ^
  File "C:\Users\OurPresent\Downloads\Maestría BD\Proyecto Final\GmailPointsWatcher\.venv\Lib\site-packages\telegram\request\_baserequest.py", line 375, in _request_wrapper
    raise exception
telegram.error.Conflict: Conflict: terminated by other getUpdates request; make sure that only one bot instance is running
2025-12-12 19:16:36,897 INFO HTTP Request: POST https://api.telegram.org/bot8428323516:AAElzjmSPfUeCoTGKbm7wnDLSZ5ek1-6Gvc/getUpdates "HTTP/1.1 409 Conflict"
2025-12-12 19:16:36,898 ERROR No error handlers are registered, logging exception.
Traceback (most recent call last):
  File "C:\Users\OurPresent\Downloads\Maestría BD\Proyecto Final\GmailPointsWatcher\.venv\Lib\site-packages\telegram\ext\_utils\networkloop.py", line 134, in network_retry_loop
    await do_action()
  File "C:\Users\OurPresent\Downloads\Maestría BD\Proyecto Final\GmailPointsWatcher\.venv\Lib\site-packages\telegram\ext\_utils\networkloop.py", line 127, in do_action
    action_cb_task.result()
    ~~~~~~~~~~~~~~~~~~~~~^^
  File "C:\Users\OurPresent\Downloads\Maestría BD\Proyecto Final\GmailPointsWatcher\.venv\Lib\site-packages\telegram\ext\_updater.py", line 340, in polling_action_cb
    updates = await self.bot.get_updates(
              ^^^^^^^^^^^^^^^^^^^^^^^^^^^
    ...<3 lines>...
    )
    ^
  File "C:\Users\OurPresent\Downloads\Maestría BD\Proyecto Final\GmailPointsWatcher\.venv\Lib\site-packages\telegram\ext\_extbot.py", line 676, in get_updates
    updates = await super().get_updates(
              ^^^^^^^^^^^^^^^^^^^^^^^^^^
    ...<9 lines>...
    )
    ^
  File "C:\Users\OurPresent\Downloads\Maestría BD\Proyecto Final\GmailPointsWatcher\.venv\Lib\site-packages\telegram\_bot.py", line 4780, in get_updates
    await self._post(
    ^^^^^^^^^^^^^^^^^
    ...<7 lines>...
    ),
    ^
  File "C:\Users\OurPresent\Downloads\Maestría BD\Proyecto Final\GmailPointsWatcher\.venv\Lib\site-packages\telegram\_bot.py", line 703, in _post
    return await self._do_post(
           ^^^^^^^^^^^^^^^^^^^^
    ...<6 lines>...
    )
    ^
  File "C:\Users\OurPresent\Downloads\Maestría BD\Proyecto Final\GmailPointsWatcher\.venv\Lib\site-packages\telegram\ext\_extbot.py", line 372, in _do_post
    return await super()._do_post(
           ^^^^^^^^^^^^^^^^^^^^^^^
    ...<6 lines>...
    )
    ^
  File "C:\Users\OurPresent\Downloads\Maestría BD\Proyecto Final\GmailPointsWatcher\.venv\Lib\site-packages\telegram\_bot.py", line 732, in _do_post
    result = await request.post(
             ^^^^^^^^^^^^^^^^^^^
    ...<6 lines>...
    )
    ^
  File "C:\Users\OurPresent\Downloads\Maestría BD\Proyecto Final\GmailPointsWatcher\.venv\Lib\site-packages\telegram\request\_baserequest.py", line 198, in post
    result = await self._request_wrapper(
             ^^^^^^^^^^^^^^^^^^^^^^^^^^^^
    ...<7 lines>...
    )
    ^
  File "C:\Users\OurPresent\Downloads\Maestría BD\Proyecto Final\GmailPointsWatcher\.venv\Lib\site-packages\telegram\request\_baserequest.py", line 375, in _request_wrapper
    raise exception
telegram.error.Conflict: Conflict: terminated by other getUpdates request; make sure that only one bot instance is running
2025-12-12 19:16:43,896 INFO HTTP Request: POST https://api.telegram.org/bot8428323516:AAElzjmSPfUeCoTGKbm7wnDLSZ5ek1-6Gvc/getUpdates "HTTP/1.1 200 OK"
2025-12-12 19:16:48,322 INFO Running job "_email_job (trigger: interval[0:01:00], next run at: 2025-12-13 00:17:48 UTC)" (scheduled at 2025-12-13 00:16:48.319770+00:00)
2025-12-12 19:16:48,749 INFO Running job "_email_job (trigger: interval[0:01:00], next run at: 2025-12-13 00:17:48 UTC)" (scheduled at 2025-12-13 00:16:48.746944+00:00)
2025-12-12 19:16:48,953 INFO Job "_email_job (trigger: interval[0:01:00], next run at: 2025-12-13 00:17:48 UTC)" executed successfully
2025-12-12 19:16:49,363 INFO Job "_email_job (trigger: interval[0:01:00], next run at: 2025-12-13 00:17:48 UTC)" executed successfully
2025-12-12 19:16:54,047 INFO HTTP Request: POST https://api.telegram.org/bot8428323516:AAElzjmSPfUeCoTGKbm7wnDLSZ5ek1-6Gvc/getUpdates "HTTP/1.1 200 OK"
2025-12-12 19:17:04,199 INFO HTTP Request: POST https://api.telegram.org/bot8428323516:AAElzjmSPfUeCoTGKbm7wnDLSZ5ek1-6Gvc/getUpdates "HTTP/1.1 200 OK"
2025-12-12 19:17:07,444 INFO HTTP Request: POST https://api.telegram.org/bot8428323516:AAElzjmSPfUeCoTGKbm7wnDLSZ5ek1-6Gvc/getUpdates "HTTP/1.1 409 Conflict"
2025-12-12 19:17:07,445 ERROR No error handlers are registered, logging exception.
Traceback (most recent call last):
  File "C:\Users\OurPresent\Downloads\Maestría BD\Proyecto Final\GmailPointsWatcher\.venv\Lib\site-packages\telegram\ext\_utils\networkloop.py", line 134, in network_retry_loop
    await do_action()
  File "C:\Users\OurPresent\Downloads\Maestría BD\Proyecto Final\GmailPointsWatcher\.venv\Lib\site-packages\telegram\ext\_utils\networkloop.py", line 127, in do_action
    action_cb_task.result()
    ~~~~~~~~~~~~~~~~~~~~~^^
  File "C:\Users\OurPresent\Downloads\Maestría BD\Proyecto Final\GmailPointsWatcher\.venv\Lib\site-packages\telegram\ext\_updater.py", line 340, in polling_action_cb
    updates = await self.bot.get_updates(
              ^^^^^^^^^^^^^^^^^^^^^^^^^^^
    ...<3 lines>...
    )
    ^
  File "C:\Users\OurPresent\Downloads\Maestría BD\Proyecto Final\GmailPointsWatcher\.venv\Lib\site-packages\telegram\ext\_extbot.py", line 676, in get_updates
    updates = await super().get_updates(
              ^^^^^^^^^^^^^^^^^^^^^^^^^^
    ...<9 lines>...
    )
    ^
  File "C:\Users\OurPresent\Downloads\Maestría BD\Proyecto Final\GmailPointsWatcher\.venv\Lib\site-packages\telegram\_bot.py", line 4780, in get_updates
    await self._post(
    ^^^^^^^^^^^^^^^^^
    ...<7 lines>...
    ),
    ^
  File "C:\Users\OurPresent\Downloads\Maestría BD\Proyecto Final\GmailPointsWatcher\.venv\Lib\site-packages\telegram\_bot.py", line 703, in _post
    return await self._do_post(
           ^^^^^^^^^^^^^^^^^^^^
    ...<6 lines>...
    )
    ^
  File "C:\Users\OurPresent\Downloads\Maestría BD\Proyecto Final\GmailPointsWatcher\.venv\Lib\site-packages\telegram\ext\_extbot.py", line 372, in _do_post
    return await super()._do_post(
           ^^^^^^^^^^^^^^^^^^^^^^^
    ...<6 lines>...
    )
    ^
  File "C:\Users\OurPresent\Downloads\Maestría BD\Proyecto Final\GmailPointsWatcher\.venv\Lib\site-packages\telegram\_bot.py", line 732, in _do_post
    result = await request.post(
             ^^^^^^^^^^^^^^^^^^^
    ...<6 lines>...
    )
    ^
  File "C:\Users\OurPresent\Downloads\Maestría BD\Proyecto Final\GmailPointsWatcher\.venv\Lib\site-packages\telegram\request\_baserequest.py", line 198, in post
    result = await self._request_wrapper(
             ^^^^^^^^^^^^^^^^^^^^^^^^^^^^
    ...<7 lines>...
    )
    ^
  File "C:\Users\OurPresent\Downloads\Maestría BD\Proyecto Final\GmailPointsWatcher\.venv\Lib\site-packages\telegram\request\_baserequest.py", line 375, in _request_wrapper
    raise exception
telegram.error.Conflict: Conflict: terminated by other getUpdates request; make sure that only one bot instance is running
2025-12-12 19:17:11,613 INFO HTTP Request: POST https://api.telegram.org/bot8428323516:AAElzjmSPfUeCoTGKbm7wnDLSZ5ek1-6Gvc/getUpdates "HTTP/1.1 409 Conflict"
2025-12-12 19:17:11,614 ERROR No error handlers are registered, logging exception.
Traceback (most recent call last):
  File "C:\Users\OurPresent\Downloads\Maestría BD\Proyecto Final\GmailPointsWatcher\.venv\Lib\site-packages\telegram\ext\_utils\networkloop.py", line 134, in network_retry_loop
    await do_action()
  File "C:\Users\OurPresent\Downloads\Maestría BD\Proyecto Final\GmailPointsWatcher\.venv\Lib\site-packages\telegram\ext\_utils\networkloop.py", line 127, in do_action
    action_cb_task.result()
    ~~~~~~~~~~~~~~~~~~~~~^^
  File "C:\Users\OurPresent\Downloads\Maestría BD\Proyecto Final\GmailPointsWatcher\.venv\Lib\site-packages\telegram\ext\_updater.py", line 340, in polling_action_cb
    updates = await self.bot.get_updates(
              ^^^^^^^^^^^^^^^^^^^^^^^^^^^
    ...<3 lines>...
    )
    ^
  File "C:\Users\OurPresent\Downloads\Maestría BD\Proyecto Final\GmailPointsWatcher\.venv\Lib\site-packages\telegram\ext\_extbot.py", line 676, in get_updates
    updates = await super().get_updates(
              ^^^^^^^^^^^^^^^^^^^^^^^^^^
    ...<9 lines>...
    )
    ^
  File "C:\Users\OurPresent\Downloads\Maestría BD\Proyecto Final\GmailPointsWatcher\.venv\Lib\site-packages\telegram\_bot.py", line 4780, in get_updates
    await self._post(
    ^^^^^^^^^^^^^^^^^
    ...<7 lines>...
    ),
    ^
  File "C:\Users\OurPresent\Downloads\Maestría BD\Proyecto Final\GmailPointsWatcher\.venv\Lib\site-packages\telegram\_bot.py", line 703, in _post
    return await self._do_post(
           ^^^^^^^^^^^^^^^^^^^^
    ...<6 lines>...
    )
    ^
  File "C:\Users\OurPresent\Downloads\Maestría BD\Proyecto Final\GmailPointsWatcher\.venv\Lib\site-packages\telegram\ext\_extbot.py", line 372, in _do_post
    return await super()._do_post(
           ^^^^^^^^^^^^^^^^^^^^^^^
    ...<6 lines>...
    )
    ^
  File "C:\Users\OurPresent\Downloads\Maestría BD\Proyecto Final\GmailPointsWatcher\.venv\Lib\site-packages\telegram\_bot.py", line 732, in _do_post
    result = await request.post(
             ^^^^^^^^^^^^^^^^^^^
    ...<6 lines>...
    )
    ^
  File "C:\Users\OurPresent\Downloads\Maestría BD\Proyecto Final\GmailPointsWatcher\.venv\Lib\site-packages\telegram\request\_baserequest.py", line 198, in post
    result = await self._request_wrapper(
             ^^^^^^^^^^^^^^^^^^^^^^^^^^^^
    ...<7 lines>...
    )
    ^
  File "C:\Users\OurPresent\Downloads\Maestría BD\Proyecto Final\GmailPointsWatcher\.venv\Lib\site-packages\telegram\request\_baserequest.py", line 375, in _request_wrapper
    raise exception
telegram.error.Conflict: Conflict: terminated by other getUpdates request; make sure that only one bot instance is running
2025-12-12 19:17:18,613 INFO HTTP Request: POST https://api.telegram.org/bot8428323516:AAElzjmSPfUeCoTGKbm7wnDLSZ5ek1-6Gvc/getUpdates "HTTP/1.1 200 OK"
2025-12-12 19:17:28,765 INFO HTTP Request: POST https://api.telegram.org/bot8428323516:AAElzjmSPfUeCoTGKbm7wnDLSZ5ek1-6Gvc/getUpdates "HTTP/1.1 200 OK"
2025-12-12 19:17:38,917 INFO HTTP Request: POST https://api.telegram.org/bot8428323516:AAElzjmSPfUeCoTGKbm7wnDLSZ5ek1-6Gvc/getUpdates "HTTP/1.1 200 OK"
2025-12-12 19:17:42,167 INFO HTTP Request: POST https://api.telegram.org/bot8428323516:AAElzjmSPfUeCoTGKbm7wnDLSZ5ek1-6Gvc/getUpdates "HTTP/1.1 409 Conflict"
2025-12-12 19:17:42,169 ERROR No error handlers are registered, logging exception.
Traceback (most recent call last):
  File "C:\Users\OurPresent\Downloads\Maestría BD\Proyecto Final\GmailPointsWatcher\.venv\Lib\site-packages\telegram\ext\_utils\networkloop.py", line 134, in network_retry_loop
    await do_action()
  File "C:\Users\OurPresent\Downloads\Maestría BD\Proyecto Final\GmailPointsWatcher\.venv\Lib\site-packages\telegram\ext\_utils\networkloop.py", line 127, in do_action
    action_cb_task.result()
    ~~~~~~~~~~~~~~~~~~~~~^^
  File "C:\Users\OurPresent\Downloads\Maestría BD\Proyecto Final\GmailPointsWatcher\.venv\Lib\site-packages\telegram\ext\_updater.py", line 340, in polling_action_cb
    updates = await self.bot.get_updates(
              ^^^^^^^^^^^^^^^^^^^^^^^^^^^
    ...<3 lines>...
    )
    ^
  File "C:\Users\OurPresent\Downloads\Maestría BD\Proyecto Final\GmailPointsWatcher\.venv\Lib\site-packages\telegram\ext\_extbot.py", line 676, in get_updates
    updates = await super().get_updates(
              ^^^^^^^^^^^^^^^^^^^^^^^^^^
    ...<9 lines>...
    )
    ^
  File "C:\Users\OurPresent\Downloads\Maestría BD\Proyecto Final\GmailPointsWatcher\.venv\Lib\site-packages\telegram\_bot.py", line 4780, in get_updates
    await self._post(
    ^^^^^^^^^^^^^^^^^
    ...<7 lines>...
    ),
    ^
  File "C:\Users\OurPresent\Downloads\Maestría BD\Proyecto Final\GmailPointsWatcher\.venv\Lib\site-packages\telegram\_bot.py", line 703, in _post
    return await self._do_post(
           ^^^^^^^^^^^^^^^^^^^^
    ...<6 lines>...
    )
    ^
  File "C:\Users\OurPresent\Downloads\Maestría BD\Proyecto Final\GmailPointsWatcher\.venv\Lib\site-packages\telegram\ext\_extbot.py", line 372, in _do_post
    return await super()._do_post(
           ^^^^^^^^^^^^^^^^^^^^^^^
    ...<6 lines>...
    )
    ^
  File "C:\Users\OurPresent\Downloads\Maestría BD\Proyecto Final\GmailPointsWatcher\.venv\Lib\site-packages\telegram\_bot.py", line 732, in _do_post
    result = await request.post(
             ^^^^^^^^^^^^^^^^^^^
    ...<6 lines>...
    )
    ^
  File "C:\Users\OurPresent\Downloads\Maestría BD\Proyecto Final\GmailPointsWatcher\.venv\Lib\site-packages\telegram\request\_baserequest.py", line 198, in post
    result = await self._request_wrapper(
             ^^^^^^^^^^^^^^^^^^^^^^^^^^^^
    ...<7 lines>...
    )
    ^
  File "C:\Users\OurPresent\Downloads\Maestría BD\Proyecto Final\GmailPointsWatcher\.venv\Lib\site-packages\telegram\request\_baserequest.py", line 375, in _request_wrapper
    raise exception
telegram.error.Conflict: Conflict: terminated by other getUpdates request; make sure that only one bot instance is running
2025-12-12 19:17:46,412 INFO HTTP Request: POST https://api.telegram.org/bot8428323516:AAElzjmSPfUeCoTGKbm7wnDLSZ5ek1-6Gvc/getUpdates "HTTP/1.1 409 Conflict"
2025-12-12 19:17:46,413 ERROR No error handlers are registered, logging exception.
Traceback (most recent call last):
  File "C:\Users\OurPresent\Downloads\Maestría BD\Proyecto Final\GmailPointsWatcher\.venv\Lib\site-packages\telegram\ext\_utils\networkloop.py", line 134, in network_retry_loop
    await do_action()
  File "C:\Users\OurPresent\Downloads\Maestría BD\Proyecto Final\GmailPointsWatcher\.venv\Lib\site-packages\telegram\ext\_utils\networkloop.py", line 127, in do_action
    action_cb_task.result()
    ~~~~~~~~~~~~~~~~~~~~~^^
  File "C:\Users\OurPresent\Downloads\Maestría BD\Proyecto Final\GmailPointsWatcher\.venv\Lib\site-packages\telegram\ext\_updater.py", line 340, in polling_action_cb
    updates = await self.bot.get_updates(
              ^^^^^^^^^^^^^^^^^^^^^^^^^^^
    ...<3 lines>...
    )
    ^
  File "C:\Users\OurPresent\Downloads\Maestría BD\Proyecto Final\GmailPointsWatcher\.venv\Lib\site-packages\telegram\ext\_extbot.py", line 676, in get_updates
    updates = await super().get_updates(
              ^^^^^^^^^^^^^^^^^^^^^^^^^^
    ...<9 lines>...
    )
    ^
  File "C:\Users\OurPresent\Downloads\Maestría BD\Proyecto Final\GmailPointsWatcher\.venv\Lib\site-packages\telegram\_bot.py", line 4780, in get_updates
    await self._post(
    ^^^^^^^^^^^^^^^^^
    ...<7 lines>...
    ),
    ^
  File "C:\Users\OurPresent\Downloads\Maestría BD\Proyecto Final\GmailPointsWatcher\.venv\Lib\site-packages\telegram\_bot.py", line 703, in _post
    return await self._do_post(
           ^^^^^^^^^^^^^^^^^^^^
    ...<6 lines>...
    )
    ^
  File "C:\Users\OurPresent\Downloads\Maestría BD\Proyecto Final\GmailPointsWatcher\.venv\Lib\site-packages\telegram\ext\_extbot.py", line 372, in _do_post
    return await super()._do_post(
           ^^^^^^^^^^^^^^^^^^^^^^^
    ...<6 lines>...
    )
    ^
  File "C:\Users\OurPresent\Downloads\Maestría BD\Proyecto Final\GmailPointsWatcher\.venv\Lib\site-packages\telegram\_bot.py", line 732, in _do_post
    result = await request.post(
             ^^^^^^^^^^^^^^^^^^^
    ...<6 lines>...
    )
    ^
  File "C:\Users\OurPresent\Downloads\Maestría BD\Proyecto Final\GmailPointsWatcher\.venv\Lib\site-packages\telegram\request\_baserequest.py", line 198, in post
    result = await self._request_wrapper(
             ^^^^^^^^^^^^^^^^^^^^^^^^^^^^
    ...<7 lines>...
    )
    ^
  File "C:\Users\OurPresent\Downloads\Maestría BD\Proyecto Final\GmailPointsWatcher\.venv\Lib\site-packages\telegram\request\_baserequest.py", line 375, in _request_wrapper
    raise exception
telegram.error.Conflict: Conflict: terminated by other getUpdates request; make sure that only one bot instance is running
2025-12-12 19:17:48,325 INFO Running job "_email_job (trigger: interval[0:01:00], next run at: 2025-12-13 00:18:48 UTC)" (scheduled at 2025-12-13 00:17:48.319770+00:00)
2025-12-12 19:17:48,752 INFO Running job "_email_job (trigger: interval[0:01:00], next run at: 2025-12-13 00:18:48 UTC)" (scheduled at 2025-12-13 00:17:48.746944+00:00)
2025-12-12 19:17:49,035 INFO Job "_email_job (trigger: interval[0:01:00], next run at: 2025-12-13 00:18:48 UTC)" executed successfully
2025-12-12 19:17:49,328 INFO Job "_email_job (trigger: interval[0:01:00], next run at: 2025-12-13 00:18:48 UTC)" executed successfully
2025-12-12 19:17:53,413 INFO HTTP Request: POST https://api.telegram.org/bot8428323516:AAElzjmSPfUeCoTGKbm7wnDLSZ5ek1-6Gvc/getUpdates "HTTP/1.1 200 OK"
2025-12-12 19:18:03,566 INFO HTTP Request: POST https://api.telegram.org/bot8428323516:AAElzjmSPfUeCoTGKbm7wnDLSZ5ek1-6Gvc/getUpdates "HTTP/1.1 200 OK"
2025-12-12 19:18:13,716 INFO HTTP Request: POST https://api.telegram.org/bot8428323516:AAElzjmSPfUeCoTGKbm7wnDLSZ5ek1-6Gvc/getUpdates "HTTP/1.1 200 OK"
2025-12-12 19:18:16,909 INFO HTTP Request: POST https://api.telegram.org/bot8428323516:AAElzjmSPfUeCoTGKbm7wnDLSZ5ek1-6Gvc/getUpdates "HTTP/1.1 409 Conflict"
2025-12-12 19:18:16,911 ERROR No error handlers are registered, logging exception.
Traceback (most recent call last):
  File "C:\Users\OurPresent\Downloads\Maestría BD\Proyecto Final\GmailPointsWatcher\.venv\Lib\site-packages\telegram\ext\_utils\networkloop.py", line 134, in network_retry_loop
    await do_action()
  File "C:\Users\OurPresent\Downloads\Maestría BD\Proyecto Final\GmailPointsWatcher\.venv\Lib\site-packages\telegram\ext\_utils\networkloop.py", line 127, in do_action
    action_cb_task.result()
    ~~~~~~~~~~~~~~~~~~~~~^^
  File "C:\Users\OurPresent\Downloads\Maestría BD\Proyecto Final\GmailPointsWatcher\.venv\Lib\site-packages\telegram\ext\_updater.py", line 340, in polling_action_cb
    updates = await self.bot.get_updates(
              ^^^^^^^^^^^^^^^^^^^^^^^^^^^
    ...<3 lines>...
    )
    ^
  File "C:\Users\OurPresent\Downloads\Maestría BD\Proyecto Final\GmailPointsWatcher\.venv\Lib\site-packages\telegram\ext\_extbot.py", line 676, in get_updates
    updates = await super().get_updates(
              ^^^^^^^^^^^^^^^^^^^^^^^^^^
    ...<9 lines>...
    )
    ^
  File "C:\Users\OurPresent\Downloads\Maestría BD\Proyecto Final\GmailPointsWatcher\.venv\Lib\site-packages\telegram\_bot.py", line 4780, in get_updates
    await self._post(
    ^^^^^^^^^^^^^^^^^
    ...<7 lines>...
    ),
    ^
  File "C:\Users\OurPresent\Downloads\Maestría BD\Proyecto Final\GmailPointsWatcher\.venv\Lib\site-packages\telegram\_bot.py", line 703, in _post
    return await self._do_post(
           ^^^^^^^^^^^^^^^^^^^^
    ...<6 lines>...
    )
    ^
  File "C:\Users\OurPresent\Downloads\Maestría BD\Proyecto Final\GmailPointsWatcher\.venv\Lib\site-packages\telegram\ext\_extbot.py", line 372, in _do_post
    return await super()._do_post(
           ^^^^^^^^^^^^^^^^^^^^^^^
    ...<6 lines>...
    )
    ^
  File "C:\Users\OurPresent\Downloads\Maestría BD\Proyecto Final\GmailPointsWatcher\.venv\Lib\site-packages\telegram\_bot.py", line 732, in _do_post
    result = await request.post(
             ^^^^^^^^^^^^^^^^^^^
    ...<6 lines>...
    )
    ^
  File "C:\Users\OurPresent\Downloads\Maestría BD\Proyecto Final\GmailPointsWatcher\.venv\Lib\site-packages\telegram\request\_baserequest.py", line 198, in post
    result = await self._request_wrapper(
             ^^^^^^^^^^^^^^^^^^^^^^^^^^^^
    ...<7 lines>...
    )
    ^
  File "C:\Users\OurPresent\Downloads\Maestría BD\Proyecto Final\GmailPointsWatcher\.venv\Lib\site-packages\telegram\request\_baserequest.py", line 375, in _request_wrapper
    raise exception
telegram.error.Conflict: Conflict: terminated by other getUpdates request; make sure that only one bot instance is running
2025-12-12 19:18:21,067 INFO HTTP Request: POST https://api.telegram.org/bot8428323516:AAElzjmSPfUeCoTGKbm7wnDLSZ5ek1-6Gvc/getUpdates "HTTP/1.1 409 Conflict"
2025-12-12 19:18:21,068 ERROR No error handlers are registered, logging exception.
Traceback (most recent call last):
  File "C:\Users\OurPresent\Downloads\Maestría BD\Proyecto Final\GmailPointsWatcher\.venv\Lib\site-packages\telegram\ext\_utils\networkloop.py", line 134, in network_retry_loop
    await do_action()
  File "C:\Users\OurPresent\Downloads\Maestría BD\Proyecto Final\GmailPointsWatcher\.venv\Lib\site-packages\telegram\ext\_utils\networkloop.py", line 127, in do_action
    action_cb_task.result()
    ~~~~~~~~~~~~~~~~~~~~~^^
  File "C:\Users\OurPresent\Downloads\Maestría BD\Proyecto Final\GmailPointsWatcher\.venv\Lib\site-packages\telegram\ext\_updater.py", line 340, in polling_action_cb
    updates = await self.bot.get_updates(
              ^^^^^^^^^^^^^^^^^^^^^^^^^^^
    ...<3 lines>...
    )
    ^
  File "C:\Users\OurPresent\Downloads\Maestría BD\Proyecto Final\GmailPointsWatcher\.venv\Lib\site-packages\telegram\ext\_extbot.py", line 676, in get_updates
    updates = await super().get_updates(
              ^^^^^^^^^^^^^^^^^^^^^^^^^^
    ...<9 lines>...
    )
    ^
  File "C:\Users\OurPresent\Downloads\Maestría BD\Proyecto Final\GmailPointsWatcher\.venv\Lib\site-packages\telegram\_bot.py", line 4780, in get_updates
    await self._post(
    ^^^^^^^^^^^^^^^^^
    ...<7 lines>...
    ),
    ^
  File "C:\Users\OurPresent\Downloads\Maestría BD\Proyecto Final\GmailPointsWatcher\.venv\Lib\site-packages\telegram\_bot.py", line 703, in _post
    return await self._do_post(
           ^^^^^^^^^^^^^^^^^^^^
    ...<6 lines>...
    )
    ^
  File "C:\Users\OurPresent\Downloads\Maestría BD\Proyecto Final\GmailPointsWatcher\.venv\Lib\site-packages\telegram\ext\_extbot.py", line 372, in _do_post
    return await super()._do_post(
           ^^^^^^^^^^^^^^^^^^^^^^^
    ...<6 lines>...
    )
    ^
  File "C:\Users\OurPresent\Downloads\Maestría BD\Proyecto Final\GmailPointsWatcher\.venv\Lib\site-packages\telegram\_bot.py", line 732, in _do_post
    result = await request.post(
             ^^^^^^^^^^^^^^^^^^^
    ...<6 lines>...
    )
    ^
  File "C:\Users\OurPresent\Downloads\Maestría BD\Proyecto Final\GmailPointsWatcher\.venv\Lib\site-packages\telegram\request\_baserequest.py", line 198, in post
    result = await self._request_wrapper(
             ^^^^^^^^^^^^^^^^^^^^^^^^^^^^
    ...<7 lines>...
    )
    ^
  File "C:\Users\OurPresent\Downloads\Maestría BD\Proyecto Final\GmailPointsWatcher\.venv\Lib\site-packages\telegram\request\_baserequest.py", line 375, in _request_wrapper
    raise exception
telegram.error.Conflict: Conflict: terminated by other getUpdates request; make sure that only one bot instance is running
2025-12-12 19:18:28,068 INFO HTTP Request: POST https://api.telegram.org/bot8428323516:AAElzjmSPfUeCoTGKbm7wnDLSZ5ek1-6Gvc/getUpdates "HTTP/1.1 200 OK"
2025-12-12 19:18:38,221 INFO HTTP Request: POST https://api.telegram.org/bot8428323516:AAElzjmSPfUeCoTGKbm7wnDLSZ5ek1-6Gvc/getUpdates "HTTP/1.1 200 OK"
2025-12-12 19:18:48,328 INFO Running job "_email_job (trigger: interval[0:01:00], next run at: 2025-12-13 00:19:48 UTC)" (scheduled at 2025-12-13 00:18:48.319770+00:00)
2025-12-12 19:18:48,375 INFO HTTP Request: POST https://api.telegram.org/bot8428323516:AAElzjmSPfUeCoTGKbm7wnDLSZ5ek1-6Gvc/getUpdates "HTTP/1.1 200 OK"
2025-12-12 19:18:48,754 INFO Running job "_email_job (trigger: interval[0:01:00], next run at: 2025-12-13 00:19:48 UTC)" (scheduled at 2025-12-13 00:18:48.746944+00:00)
2025-12-12 19:18:48,914 INFO Job "_email_job (trigger: interval[0:01:00], next run at: 2025-12-13 00:19:48 UTC)" executed successfully
2025-12-12 19:18:49,396 INFO Job "_email_job (trigger: interval[0:01:00], next run at: 2025-12-13 00:19:48 UTC)" executed successfully
2025-12-12 19:18:51,616 INFO HTTP Request: POST https://api.telegram.org/bot8428323516:AAElzjmSPfUeCoTGKbm7wnDLSZ5ek1-6Gvc/getUpdates "HTTP/1.1 409 Conflict"
2025-12-12 19:18:51,617 ERROR No error handlers are registered, logging exception.
Traceback (most recent call last):
  File "C:\Users\OurPresent\Downloads\Maestría BD\Proyecto Final\GmailPointsWatcher\.venv\Lib\site-packages\telegram\ext\_utils\networkloop.py", line 134, in network_retry_loop
    await do_action()
  File "C:\Users\OurPresent\Downloads\Maestría BD\Proyecto Final\GmailPointsWatcher\.venv\Lib\site-packages\telegram\ext\_utils\networkloop.py", line 127, in do_action
    action_cb_task.result()
    ~~~~~~~~~~~~~~~~~~~~~^^
  File "C:\Users\OurPresent\Downloads\Maestría BD\Proyecto Final\GmailPointsWatcher\.venv\Lib\site-packages\telegram\ext\_updater.py", line 340, in polling_action_cb
    updates = await self.bot.get_updates(
              ^^^^^^^^^^^^^^^^^^^^^^^^^^^
    ...<3 lines>...
    )
    ^
  File "C:\Users\OurPresent\Downloads\Maestría BD\Proyecto Final\GmailPointsWatcher\.venv\Lib\site-packages\telegram\ext\_extbot.py", line 676, in get_updates
    updates = await super().get_updates(
              ^^^^^^^^^^^^^^^^^^^^^^^^^^
    ...<9 lines>...
    )
    ^
  File "C:\Users\OurPresent\Downloads\Maestría BD\Proyecto Final\GmailPointsWatcher\.venv\Lib\site-packages\telegram\_bot.py", line 4780, in get_updates
    await self._post(
    ^^^^^^^^^^^^^^^^^
    ...<7 lines>...
    ),
    ^
  File "C:\Users\OurPresent\Downloads\Maestría BD\Proyecto Final\GmailPointsWatcher\.venv\Lib\site-packages\telegram\_bot.py", line 703, in _post
    return await self._do_post(
           ^^^^^^^^^^^^^^^^^^^^
    ...<6 lines>...
    )
    ^
  File "C:\Users\OurPresent\Downloads\Maestría BD\Proyecto Final\GmailPointsWatcher\.venv\Lib\site-packages\telegram\ext\_extbot.py", line 372, in _do_post
    return await super()._do_post(
           ^^^^^^^^^^^^^^^^^^^^^^^
    ...<6 lines>...
    )
    ^
  File "C:\Users\OurPresent\Downloads\Maestría BD\Proyecto Final\GmailPointsWatcher\.venv\Lib\site-packages\telegram\_bot.py", line 732, in _do_post
    result = await request.post(
             ^^^^^^^^^^^^^^^^^^^
    ...<6 lines>...
    )
    ^
  File "C:\Users\OurPresent\Downloads\Maestría BD\Proyecto Final\GmailPointsWatcher\.venv\Lib\site-packages\telegram\request\_baserequest.py", line 198, in post
    result = await self._request_wrapper(
             ^^^^^^^^^^^^^^^^^^^^^^^^^^^^
    ...<7 lines>...
    )
    ^
  File "C:\Users\OurPresent\Downloads\Maestría BD\Proyecto Final\GmailPointsWatcher\.venv\Lib\site-packages\telegram\request\_baserequest.py", line 375, in _request_wrapper
    raise exception
telegram.error.Conflict: Conflict: terminated by other getUpdates request; make sure that only one bot instance is running
2025-12-12 19:18:55,787 INFO HTTP Request: POST https://api.telegram.org/bot8428323516:AAElzjmSPfUeCoTGKbm7wnDLSZ5ek1-6Gvc/getUpdates "HTTP/1.1 409 Conflict"
2025-12-12 19:18:55,789 ERROR No error handlers are registered, logging exception.
Traceback (most recent call last):
  File "C:\Users\OurPresent\Downloads\Maestría BD\Proyecto Final\GmailPointsWatcher\.venv\Lib\site-packages\telegram\ext\_utils\networkloop.py", line 134, in network_retry_loop
    await do_action()
  File "C:\Users\OurPresent\Downloads\Maestría BD\Proyecto Final\GmailPointsWatcher\.venv\Lib\site-packages\telegram\ext\_utils\networkloop.py", line 127, in do_action
    action_cb_task.result()
    ~~~~~~~~~~~~~~~~~~~~~^^
  File "C:\Users\OurPresent\Downloads\Maestría BD\Proyecto Final\GmailPointsWatcher\.venv\Lib\site-packages\telegram\ext\_updater.py", line 340, in polling_action_cb
    updates = await self.bot.get_updates(
              ^^^^^^^^^^^^^^^^^^^^^^^^^^^
    ...<3 lines>...
    )
    ^
  File "C:\Users\OurPresent\Downloads\Maestría BD\Proyecto Final\GmailPointsWatcher\.venv\Lib\site-packages\telegram\ext\_extbot.py", line 676, in get_updates
    updates = await super().get_updates(
              ^^^^^^^^^^^^^^^^^^^^^^^^^^
    ...<9 lines>...
    )
    ^
  File "C:\Users\OurPresent\Downloads\Maestría BD\Proyecto Final\GmailPointsWatcher\.venv\Lib\site-packages\telegram\_bot.py", line 4780, in get_updates
    await self._post(
    ^^^^^^^^^^^^^^^^^
    ...<7 lines>...
    ),
    ^
  File "C:\Users\OurPresent\Downloads\Maestría BD\Proyecto Final\GmailPointsWatcher\.venv\Lib\site-packages\telegram\_bot.py", line 703, in _post
    return await self._do_post(
           ^^^^^^^^^^^^^^^^^^^^
    ...<6 lines>...
    )
    ^
  File "C:\Users\OurPresent\Downloads\Maestría BD\Proyecto Final\GmailPointsWatcher\.venv\Lib\site-packages\telegram\ext\_extbot.py", line 372, in _do_post
    return await super()._do_post(
           ^^^^^^^^^^^^^^^^^^^^^^^
    ...<6 lines>...
    )
    ^
  File "C:\Users\OurPresent\Downloads\Maestría BD\Proyecto Final\GmailPointsWatcher\.venv\Lib\site-packages\telegram\_bot.py", line 732, in _do_post
    result = await request.post(
             ^^^^^^^^^^^^^^^^^^^
    ...<6 lines>...
    )
    ^
  File "C:\Users\OurPresent\Downloads\Maestría BD\Proyecto Final\GmailPointsWatcher\.venv\Lib\site-packages\telegram\request\_baserequest.py", line 198, in post
    result = await self._request_wrapper(
             ^^^^^^^^^^^^^^^^^^^^^^^^^^^^
    ...<7 lines>...
    )
    ^
  File "C:\Users\OurPresent\Downloads\Maestría BD\Proyecto Final\GmailPointsWatcher\.venv\Lib\site-packages\telegram\request\_baserequest.py", line 375, in _request_wrapper
    raise exception
telegram.error.Conflict: Conflict: terminated by other getUpdates request; make sure that only one bot instance is running
2025-12-12 19:19:02,783 INFO HTTP Request: POST https://api.telegram.org/bot8428323516:AAElzjmSPfUeCoTGKbm7wnDLSZ5ek1-6Gvc/getUpdates "HTTP/1.1 200 OK"
2025-12-12 19:19:12,936 INFO HTTP Request: POST https://api.telegram.org/bot8428323516:AAElzjmSPfUeCoTGKbm7wnDLSZ5ek1-6Gvc/getUpdates "HTTP/1.1 200 OK"
2025-12-12 19:19:23,087 INFO HTTP Request: POST https://api.telegram.org/bot8428323516:AAElzjmSPfUeCoTGKbm7wnDLSZ5ek1-6Gvc/getUpdates "HTTP/1.1 200 OK"
2025-12-12 19:19:26,327 INFO HTTP Request: POST https://api.telegram.org/bot8428323516:AAElzjmSPfUeCoTGKbm7wnDLSZ5ek1-6Gvc/getUpdates "HTTP/1.1 409 Conflict"
2025-12-12 19:19:26,328 ERROR No error handlers are registered, logging exception.
Traceback (most recent call last):
  File "C:\Users\OurPresent\Downloads\Maestría BD\Proyecto Final\GmailPointsWatcher\.venv\Lib\site-packages\telegram\ext\_utils\networkloop.py", line 134, in network_retry_loop
    await do_action()
  File "C:\Users\OurPresent\Downloads\Maestría BD\Proyecto Final\GmailPointsWatcher\.venv\Lib\site-packages\telegram\ext\_utils\networkloop.py", line 127, in do_action
    action_cb_task.result()
    ~~~~~~~~~~~~~~~~~~~~~^^
  File "C:\Users\OurPresent\Downloads\Maestría BD\Proyecto Final\GmailPointsWatcher\.venv\Lib\site-packages\telegram\ext\_updater.py", line 340, in polling_action_cb
    updates = await self.bot.get_updates(
              ^^^^^^^^^^^^^^^^^^^^^^^^^^^
    ...<3 lines>...
    )
    ^
  File "C:\Users\OurPresent\Downloads\Maestría BD\Proyecto Final\GmailPointsWatcher\.venv\Lib\site-packages\telegram\ext\_extbot.py", line 676, in get_updates
    updates = await super().get_updates(
              ^^^^^^^^^^^^^^^^^^^^^^^^^^
    ...<9 lines>...
    )
    ^
  File "C:\Users\OurPresent\Downloads\Maestría BD\Proyecto Final\GmailPointsWatcher\.venv\Lib\site-packages\telegram\_bot.py", line 4780, in get_updates
    await self._post(
    ^^^^^^^^^^^^^^^^^
    ...<7 lines>...
    ),
    ^
  File "C:\Users\OurPresent\Downloads\Maestría BD\Proyecto Final\GmailPointsWatcher\.venv\Lib\site-packages\telegram\_bot.py", line 703, in _post
    return await self._do_post(
           ^^^^^^^^^^^^^^^^^^^^
    ...<6 lines>...
    )
    ^
  File "C:\Users\OurPresent\Downloads\Maestría BD\Proyecto Final\GmailPointsWatcher\.venv\Lib\site-packages\telegram\ext\_extbot.py", line 372, in _do_post
    return await super()._do_post(
           ^^^^^^^^^^^^^^^^^^^^^^^
    ...<6 lines>...
    )
    ^
  File "C:\Users\OurPresent\Downloads\Maestría BD\Proyecto Final\GmailPointsWatcher\.venv\Lib\site-packages\telegram\_bot.py", line 732, in _do_post
    result = await request.post(
             ^^^^^^^^^^^^^^^^^^^
    ...<6 lines>...
    )
    ^
  File "C:\Users\OurPresent\Downloads\Maestría BD\Proyecto Final\GmailPointsWatcher\.venv\Lib\site-packages\telegram\request\_baserequest.py", line 198, in post
    result = await self._request_wrapper(
             ^^^^^^^^^^^^^^^^^^^^^^^^^^^^
    ...<7 lines>...
    )
    ^
  File "C:\Users\OurPresent\Downloads\Maestría BD\Proyecto Final\GmailPointsWatcher\.venv\Lib\site-packages\telegram\request\_baserequest.py", line 375, in _request_wrapper
    raise exception
telegram.error.Conflict: Conflict: terminated by other getUpdates request; make sure that only one bot instance is running
2025-12-12 19:19:30,491 INFO HTTP Request: POST https://api.telegram.org/bot8428323516:AAElzjmSPfUeCoTGKbm7wnDLSZ5ek1-6Gvc/getUpdates "HTTP/1.1 409 Conflict"
2025-12-12 19:19:30,493 ERROR No error handlers are registered, logging exception.
Traceback (most recent call last):
  File "C:\Users\OurPresent\Downloads\Maestría BD\Proyecto Final\GmailPointsWatcher\.venv\Lib\site-packages\telegram\ext\_utils\networkloop.py", line 134, in network_retry_loop
    await do_action()
  File "C:\Users\OurPresent\Downloads\Maestría BD\Proyecto Final\GmailPointsWatcher\.venv\Lib\site-packages\telegram\ext\_utils\networkloop.py", line 127, in do_action
    action_cb_task.result()
    ~~~~~~~~~~~~~~~~~~~~~^^
  File "C:\Users\OurPresent\Downloads\Maestría BD\Proyecto Final\GmailPointsWatcher\.venv\Lib\site-packages\telegram\ext\_updater.py", line 340, in polling_action_cb
    updates = await self.bot.get_updates(
              ^^^^^^^^^^^^^^^^^^^^^^^^^^^
    ...<3 lines>...
    )
    ^
  File "C:\Users\OurPresent\Downloads\Maestría BD\Proyecto Final\GmailPointsWatcher\.venv\Lib\site-packages\telegram\ext\_extbot.py", line 676, in get_updates
    updates = await super().get_updates(
              ^^^^^^^^^^^^^^^^^^^^^^^^^^
    ...<9 lines>...
    )
    ^
  File "C:\Users\OurPresent\Downloads\Maestría BD\Proyecto Final\GmailPointsWatcher\.venv\Lib\site-packages\telegram\_bot.py", line 4780, in get_updates
    await self._post(
    ^^^^^^^^^^^^^^^^^
    ...<7 lines>...
    ),
    ^
  File "C:\Users\OurPresent\Downloads\Maestría BD\Proyecto Final\GmailPointsWatcher\.venv\Lib\site-packages\telegram\_bot.py", line 703, in _post
    return await self._do_post(
           ^^^^^^^^^^^^^^^^^^^^
    ...<6 lines>...
    )
    ^
  File "C:\Users\OurPresent\Downloads\Maestría BD\Proyecto Final\GmailPointsWatcher\.venv\Lib\site-packages\telegram\ext\_extbot.py", line 372, in _do_post
    return await super()._do_post(
           ^^^^^^^^^^^^^^^^^^^^^^^
    ...<6 lines>...
    )
    ^
  File "C:\Users\OurPresent\Downloads\Maestría BD\Proyecto Final\GmailPointsWatcher\.venv\Lib\site-packages\telegram\_bot.py", line 732, in _do_post
    result = await request.post(
             ^^^^^^^^^^^^^^^^^^^
    ...<6 lines>...
    )
    ^
  File "C:\Users\OurPresent\Downloads\Maestría BD\Proyecto Final\GmailPointsWatcher\.venv\Lib\site-packages\telegram\request\_baserequest.py", line 198, in post
    result = await self._request_wrapper(
             ^^^^^^^^^^^^^^^^^^^^^^^^^^^^
    ...<7 lines>...
    )
    ^
  File "C:\Users\OurPresent\Downloads\Maestría BD\Proyecto Final\GmailPointsWatcher\.venv\Lib\site-packages\telegram\request\_baserequest.py", line 375, in _request_wrapper
    raise exception
telegram.error.Conflict: Conflict: terminated by other getUpdates request; make sure that only one bot instance is running
2025-12-12 19:19:37,491 INFO HTTP Request: POST https://api.telegram.org/bot8428323516:AAElzjmSPfUeCoTGKbm7wnDLSZ5ek1-6Gvc/getUpdates "HTTP/1.1 200 OK"
2025-12-12 19:19:47,641 INFO HTTP Request: POST https://api.telegram.org/bot8428323516:AAElzjmSPfUeCoTGKbm7wnDLSZ5ek1-6Gvc/getUpdates "HTTP/1.1 200 OK"
2025-12-12 19:19:48,334 INFO Running job "_email_job (trigger: interval[0:01:00], next run at: 2025-12-13 00:20:48 UTC)" (scheduled at 2025-12-13 00:19:48.319770+00:00)
2025-12-12 19:19:48,755 INFO Running job "_email_job (trigger: interval[0:01:00], next run at: 2025-12-13 00:20:48 UTC)" (scheduled at 2025-12-13 00:19:48.746944+00:00)
2025-12-12 19:19:49,007 INFO Job "_email_job (trigger: interval[0:01:00], next run at: 2025-12-13 00:20:48 UTC)" executed successfully
2025-12-12 19:19:49,320 INFO Job "_email_job (trigger: interval[0:01:00], next run at: 2025-12-13 00:20:48 UTC)" executed successfully
2025-12-12 19:19:57,792 INFO HTTP Request: POST https://api.telegram.org/bot8428323516:AAElzjmSPfUeCoTGKbm7wnDLSZ5ek1-6Gvc/getUpdates "HTTP/1.1 200 OK"
2025-12-12 19:20:00,947 INFO HTTP Request: POST https://api.telegram.org/bot8428323516:AAElzjmSPfUeCoTGKbm7wnDLSZ5ek1-6Gvc/getUpdates "HTTP/1.1 409 Conflict"
2025-12-12 19:20:00,948 ERROR No error handlers are registered, logging exception.
Traceback (most recent call last):
  File "C:\Users\OurPresent\Downloads\Maestría BD\Proyecto Final\GmailPointsWatcher\.venv\Lib\site-packages\telegram\ext\_utils\networkloop.py", line 134, in network_retry_loop
    await do_action()
  File "C:\Users\OurPresent\Downloads\Maestría BD\Proyecto Final\GmailPointsWatcher\.venv\Lib\site-packages\telegram\ext\_utils\networkloop.py", line 127, in do_action
    action_cb_task.result()
    ~~~~~~~~~~~~~~~~~~~~~^^
  File "C:\Users\OurPresent\Downloads\Maestría BD\Proyecto Final\GmailPointsWatcher\.venv\Lib\site-packages\telegram\ext\_updater.py", line 340, in polling_action_cb
    updates = await self.bot.get_updates(
              ^^^^^^^^^^^^^^^^^^^^^^^^^^^
    ...<3 lines>...
    )
    ^
  File "C:\Users\OurPresent\Downloads\Maestría BD\Proyecto Final\GmailPointsWatcher\.venv\Lib\site-packages\telegram\ext\_extbot.py", line 676, in get_updates
    updates = await super().get_updates(
              ^^^^^^^^^^^^^^^^^^^^^^^^^^
    ...<9 lines>...
    )
    ^
  File "C:\Users\OurPresent\Downloads\Maestría BD\Proyecto Final\GmailPointsWatcher\.venv\Lib\site-packages\telegram\_bot.py", line 4780, in get_updates
    await self._post(
    ^^^^^^^^^^^^^^^^^
    ...<7 lines>...
    ),
    ^
  File "C:\Users\OurPresent\Downloads\Maestría BD\Proyecto Final\GmailPointsWatcher\.venv\Lib\site-packages\telegram\_bot.py", line 703, in _post
    return await self._do_post(
           ^^^^^^^^^^^^^^^^^^^^
    ...<6 lines>...
    )
    ^
  File "C:\Users\OurPresent\Downloads\Maestría BD\Proyecto Final\GmailPointsWatcher\.venv\Lib\site-packages\telegram\ext\_extbot.py", line 372, in _do_post
    return await super()._do_post(
           ^^^^^^^^^^^^^^^^^^^^^^^
    ...<6 lines>...
    )
    ^
  File "C:\Users\OurPresent\Downloads\Maestría BD\Proyecto Final\GmailPointsWatcher\.venv\Lib\site-packages\telegram\_bot.py", line 732, in _do_post
    result = await request.post(
             ^^^^^^^^^^^^^^^^^^^
    ...<6 lines>...
    )
    ^
  File "C:\Users\OurPresent\Downloads\Maestría BD\Proyecto Final\GmailPointsWatcher\.venv\Lib\site-packages\telegram\request\_baserequest.py", line 198, in post
    result = await self._request_wrapper(
             ^^^^^^^^^^^^^^^^^^^^^^^^^^^^
    ...<7 lines>...
    )
    ^
  File "C:\Users\OurPresent\Downloads\Maestría BD\Proyecto Final\GmailPointsWatcher\.venv\Lib\site-packages\telegram\request\_baserequest.py", line 375, in _request_wrapper
    raise exception
telegram.error.Conflict: Conflict: terminated by other getUpdates request; make sure that only one bot instance is running
2025-12-12 19:20:05,107 INFO HTTP Request: POST https://api.telegram.org/bot8428323516:AAElzjmSPfUeCoTGKbm7wnDLSZ5ek1-6Gvc/getUpdates "HTTP/1.1 409 Conflict"
2025-12-12 19:20:05,108 ERROR No error handlers are registered, logging exception.
Traceback (most recent call last):
  File "C:\Users\OurPresent\Downloads\Maestría BD\Proyecto Final\GmailPointsWatcher\.venv\Lib\site-packages\telegram\ext\_utils\networkloop.py", line 134, in network_retry_loop
    await do_action()
  File "C:\Users\OurPresent\Downloads\Maestría BD\Proyecto Final\GmailPointsWatcher\.venv\Lib\site-packages\telegram\ext\_utils\networkloop.py", line 127, in do_action
    action_cb_task.result()
    ~~~~~~~~~~~~~~~~~~~~~^^
  File "C:\Users\OurPresent\Downloads\Maestría BD\Proyecto Final\GmailPointsWatcher\.venv\Lib\site-packages\telegram\ext\_updater.py", line 340, in polling_action_cb
    updates = await self.bot.get_updates(
              ^^^^^^^^^^^^^^^^^^^^^^^^^^^
    ...<3 lines>...
    )
    ^
  File "C:\Users\OurPresent\Downloads\Maestría BD\Proyecto Final\GmailPointsWatcher\.venv\Lib\site-packages\telegram\ext\_extbot.py", line 676, in get_updates
    updates = await super().get_updates(
              ^^^^^^^^^^^^^^^^^^^^^^^^^^
    ...<9 lines>...
    )
    ^
  File "C:\Users\OurPresent\Downloads\Maestría BD\Proyecto Final\GmailPointsWatcher\.venv\Lib\site-packages\telegram\_bot.py", line 4780, in get_updates
    await self._post(
    ^^^^^^^^^^^^^^^^^
    ...<7 lines>...
    ),
    ^
  File "C:\Users\OurPresent\Downloads\Maestría BD\Proyecto Final\GmailPointsWatcher\.venv\Lib\site-packages\telegram\_bot.py", line 703, in _post
    return await self._do_post(
           ^^^^^^^^^^^^^^^^^^^^
    ...<6 lines>...
    )
    ^
  File "C:\Users\OurPresent\Downloads\Maestría BD\Proyecto Final\GmailPointsWatcher\.venv\Lib\site-packages\telegram\ext\_extbot.py", line 372, in _do_post
    return await super()._do_post(
           ^^^^^^^^^^^^^^^^^^^^^^^
    ...<6 lines>...
    )
    ^
  File "C:\Users\OurPresent\Downloads\Maestría BD\Proyecto Final\GmailPointsWatcher\.venv\Lib\site-packages\telegram\_bot.py", line 732, in _do_post
    result = await request.post(
             ^^^^^^^^^^^^^^^^^^^
    ...<6 lines>...
    )
    ^
  File "C:\Users\OurPresent\Downloads\Maestría BD\Proyecto Final\GmailPointsWatcher\.venv\Lib\site-packages\telegram\request\_baserequest.py", line 198, in post
    result = await self._request_wrapper(
             ^^^^^^^^^^^^^^^^^^^^^^^^^^^^
    ...<7 lines>...
    )
    ^
  File "C:\Users\OurPresent\Downloads\Maestría BD\Proyecto Final\GmailPointsWatcher\.venv\Lib\site-packages\telegram\request\_baserequest.py", line 375, in _request_wrapper
    raise exception
telegram.error.Conflict: Conflict: terminated by other getUpdates request; make sure that only one bot instance is running
2025-12-12 19:20:12,107 INFO HTTP Request: POST https://api.telegram.org/bot8428323516:AAElzjmSPfUeCoTGKbm7wnDLSZ5ek1-6Gvc/getUpdates "HTTP/1.1 200 OK"
2025-12-12 19:20:22,259 INFO HTTP Request: POST https://api.telegram.org/bot8428323516:AAElzjmSPfUeCoTGKbm7wnDLSZ5ek1-6Gvc/getUpdates "HTTP/1.1 200 OK"
2025-12-12 19:20:32,409 INFO HTTP Request: POST https://api.telegram.org/bot8428323516:AAElzjmSPfUeCoTGKbm7wnDLSZ5ek1-6Gvc/getUpdates "HTTP/1.1 200 OK"
2025-12-12 19:20:35,660 INFO HTTP Request: POST https://api.telegram.org/bot8428323516:AAElzjmSPfUeCoTGKbm7wnDLSZ5ek1-6Gvc/getUpdates "HTTP/1.1 409 Conflict"
2025-12-12 19:20:35,662 ERROR No error handlers are registered, logging exception.
Traceback (most recent call last):
  File "C:\Users\OurPresent\Downloads\Maestría BD\Proyecto Final\GmailPointsWatcher\.venv\Lib\site-packages\telegram\ext\_utils\networkloop.py", line 134, in network_retry_loop
    await do_action()
  File "C:\Users\OurPresent\Downloads\Maestría BD\Proyecto Final\GmailPointsWatcher\.venv\Lib\site-packages\telegram\ext\_utils\networkloop.py", line 127, in do_action
    action_cb_task.result()
    ~~~~~~~~~~~~~~~~~~~~~^^
  File "C:\Users\OurPresent\Downloads\Maestría BD\Proyecto Final\GmailPointsWatcher\.venv\Lib\site-packages\telegram\ext\_updater.py", line 340, in polling_action_cb
    updates = await self.bot.get_updates(
              ^^^^^^^^^^^^^^^^^^^^^^^^^^^
    ...<3 lines>...
    )
    ^
  File "C:\Users\OurPresent\Downloads\Maestría BD\Proyecto Final\GmailPointsWatcher\.venv\Lib\site-packages\telegram\ext\_extbot.py", line 676, in get_updates
    updates = await super().get_updates(
              ^^^^^^^^^^^^^^^^^^^^^^^^^^
    ...<9 lines>...
    )
    ^
  File "C:\Users\OurPresent\Downloads\Maestría BD\Proyecto Final\GmailPointsWatcher\.venv\Lib\site-packages\telegram\_bot.py", line 4780, in get_updates
    await self._post(
    ^^^^^^^^^^^^^^^^^
    ...<7 lines>...
    ),
    ^
  File "C:\Users\OurPresent\Downloads\Maestría BD\Proyecto Final\GmailPointsWatcher\.venv\Lib\site-packages\telegram\_bot.py", line 703, in _post
    return await self._do_post(
           ^^^^^^^^^^^^^^^^^^^^
    ...<6 lines>...
    )
    ^
  File "C:\Users\OurPresent\Downloads\Maestría BD\Proyecto Final\GmailPointsWatcher\.venv\Lib\site-packages\telegram\ext\_extbot.py", line 372, in _do_post
    return await super()._do_post(
           ^^^^^^^^^^^^^^^^^^^^^^^
    ...<6 lines>...
    )
    ^
  File "C:\Users\OurPresent\Downloads\Maestría BD\Proyecto Final\GmailPointsWatcher\.venv\Lib\site-packages\telegram\_bot.py", line 732, in _do_post
    result = await request.post(
             ^^^^^^^^^^^^^^^^^^^
    ...<6 lines>...
    )
    ^
  File "C:\Users\OurPresent\Downloads\Maestría BD\Proyecto Final\GmailPointsWatcher\.venv\Lib\site-packages\telegram\request\_baserequest.py", line 198, in post
    result = await self._request_wrapper(
             ^^^^^^^^^^^^^^^^^^^^^^^^^^^^
    ...<7 lines>...
    )
    ^
  File "C:\Users\OurPresent\Downloads\Maestría BD\Proyecto Final\GmailPointsWatcher\.venv\Lib\site-packages\telegram\request\_baserequest.py", line 375, in _request_wrapper
    raise exception
telegram.error.Conflict: Conflict: terminated by other getUpdates request; make sure that only one bot instance is running
2025-12-12 19:20:39,832 INFO HTTP Request: POST https://api.telegram.org/bot8428323516:AAElzjmSPfUeCoTGKbm7wnDLSZ5ek1-6Gvc/getUpdates "HTTP/1.1 409 Conflict"
2025-12-12 19:20:39,834 ERROR No error handlers are registered, logging exception.
Traceback (most recent call last):
  File "C:\Users\OurPresent\Downloads\Maestría BD\Proyecto Final\GmailPointsWatcher\.venv\Lib\site-packages\telegram\ext\_utils\networkloop.py", line 134, in network_retry_loop
    await do_action()
  File "C:\Users\OurPresent\Downloads\Maestría BD\Proyecto Final\GmailPointsWatcher\.venv\Lib\site-packages\telegram\ext\_utils\networkloop.py", line 127, in do_action
    action_cb_task.result()
    ~~~~~~~~~~~~~~~~~~~~~^^
  File "C:\Users\OurPresent\Downloads\Maestría BD\Proyecto Final\GmailPointsWatcher\.venv\Lib\site-packages\telegram\ext\_updater.py", line 340, in polling_action_cb
    updates = await self.bot.get_updates(
              ^^^^^^^^^^^^^^^^^^^^^^^^^^^
    ...<3 lines>...
    )
    ^
  File "C:\Users\OurPresent\Downloads\Maestría BD\Proyecto Final\GmailPointsWatcher\.venv\Lib\site-packages\telegram\ext\_extbot.py", line 676, in get_updates
    updates = await super().get_updates(
              ^^^^^^^^^^^^^^^^^^^^^^^^^^
    ...<9 lines>...
    )
    ^
  File "C:\Users\OurPresent\Downloads\Maestría BD\Proyecto Final\GmailPointsWatcher\.venv\Lib\site-packages\telegram\_bot.py", line 4780, in get_updates
    await self._post(
    ^^^^^^^^^^^^^^^^^
    ...<7 lines>...
    ),
    ^
  File "C:\Users\OurPresent\Downloads\Maestría BD\Proyecto Final\GmailPointsWatcher\.venv\Lib\site-packages\telegram\_bot.py", line 703, in _post
    return await self._do_post(
           ^^^^^^^^^^^^^^^^^^^^
    ...<6 lines>...
    )
    ^
  File "C:\Users\OurPresent\Downloads\Maestría BD\Proyecto Final\GmailPointsWatcher\.venv\Lib\site-packages\telegram\ext\_extbot.py", line 372, in _do_post
    return await super()._do_post(
           ^^^^^^^^^^^^^^^^^^^^^^^
    ...<6 lines>...
    )
    ^
  File "C:\Users\OurPresent\Downloads\Maestría BD\Proyecto Final\GmailPointsWatcher\.venv\Lib\site-packages\telegram\_bot.py", line 732, in _do_post
    result = await request.post(
             ^^^^^^^^^^^^^^^^^^^
    ...<6 lines>...
    )
    ^
  File "C:\Users\OurPresent\Downloads\Maestría BD\Proyecto Final\GmailPointsWatcher\.venv\Lib\site-packages\telegram\request\_baserequest.py", line 198, in post
    result = await self._request_wrapper(
             ^^^^^^^^^^^^^^^^^^^^^^^^^^^^
    ...<7 lines>...
    )
    ^
  File "C:\Users\OurPresent\Downloads\Maestría BD\Proyecto Final\GmailPointsWatcher\.venv\Lib\site-packages\telegram\request\_baserequest.py", line 375, in _request_wrapper
    raise exception
telegram.error.Conflict: Conflict: terminated by other getUpdates request; make sure that only one bot instance is running
2025-12-12 19:20:46,828 INFO HTTP Request: POST https://api.telegram.org/bot8428323516:AAElzjmSPfUeCoTGKbm7wnDLSZ5ek1-6Gvc/getUpdates "HTTP/1.1 200 OK"
2025-12-12 19:20:48,334 INFO Running job "_email_job (trigger: interval[0:01:00], next run at: 2025-12-13 00:21:48 UTC)" (scheduled at 2025-12-13 00:20:48.319770+00:00)
2025-12-12 19:20:48,762 INFO Running job "_email_job (trigger: interval[0:01:00], next run at: 2025-12-13 00:21:48 UTC)" (scheduled at 2025-12-13 00:20:48.746944+00:00)
2025-12-12 19:20:49,016 INFO Job "_email_job (trigger: interval[0:01:00], next run at: 2025-12-13 00:21:48 UTC)" executed successfully
2025-12-12 19:20:49,338 INFO Job "_email_job (trigger: interval[0:01:00], next run at: 2025-12-13 00:21:48 UTC)" executed successfully
2025-12-12 19:20:56,979 INFO HTTP Request: POST https://api.telegram.org/bot8428323516:AAElzjmSPfUeCoTGKbm7wnDLSZ5ek1-6Gvc/getUpdates "HTTP/1.1 200 OK"
2025-12-12 19:21:07,128 INFO HTTP Request: POST https://api.telegram.org/bot8428323516:AAElzjmSPfUeCoTGKbm7wnDLSZ5ek1-6Gvc/getUpdates "HTTP/1.1 200 OK"
2025-12-12 19:21:10,487 INFO HTTP Request: POST https://api.telegram.org/bot8428323516:AAElzjmSPfUeCoTGKbm7wnDLSZ5ek1-6Gvc/getUpdates "HTTP/1.1 409 Conflict"
2025-12-12 19:21:10,489 ERROR No error handlers are registered, logging exception.
Traceback (most recent call last):
  File "C:\Users\OurPresent\Downloads\Maestría BD\Proyecto Final\GmailPointsWatcher\.venv\Lib\site-packages\telegram\ext\_utils\networkloop.py", line 134, in network_retry_loop
    await do_action()
  File "C:\Users\OurPresent\Downloads\Maestría BD\Proyecto Final\GmailPointsWatcher\.venv\Lib\site-packages\telegram\ext\_utils\networkloop.py", line 127, in do_action
    action_cb_task.result()
    ~~~~~~~~~~~~~~~~~~~~~^^
  File "C:\Users\OurPresent\Downloads\Maestría BD\Proyecto Final\GmailPointsWatcher\.venv\Lib\site-packages\telegram\ext\_updater.py", line 340, in polling_action_cb
    updates = await self.bot.get_updates(
              ^^^^^^^^^^^^^^^^^^^^^^^^^^^
    ...<3 lines>...
    )
    ^
  File "C:\Users\OurPresent\Downloads\Maestría BD\Proyecto Final\GmailPointsWatcher\.venv\Lib\site-packages\telegram\ext\_extbot.py", line 676, in get_updates
    updates = await super().get_updates(
              ^^^^^^^^^^^^^^^^^^^^^^^^^^
    ...<9 lines>...
    )
    ^
  File "C:\Users\OurPresent\Downloads\Maestría BD\Proyecto Final\GmailPointsWatcher\.venv\Lib\site-packages\telegram\_bot.py", line 4780, in get_updates
    await self._post(
    ^^^^^^^^^^^^^^^^^
    ...<7 lines>...
    ),
    ^
  File "C:\Users\OurPresent\Downloads\Maestría BD\Proyecto Final\GmailPointsWatcher\.venv\Lib\site-packages\telegram\_bot.py", line 703, in _post
    return await self._do_post(
           ^^^^^^^^^^^^^^^^^^^^
    ...<6 lines>...
    )
    ^
  File "C:\Users\OurPresent\Downloads\Maestría BD\Proyecto Final\GmailPointsWatcher\.venv\Lib\site-packages\telegram\ext\_extbot.py", line 372, in _do_post
    return await super()._do_post(
           ^^^^^^^^^^^^^^^^^^^^^^^
    ...<6 lines>...
    )
    ^
  File "C:\Users\OurPresent\Downloads\Maestría BD\Proyecto Final\GmailPointsWatcher\.venv\Lib\site-packages\telegram\_bot.py", line 732, in _do_post
    result = await request.post(
             ^^^^^^^^^^^^^^^^^^^
    ...<6 lines>...
    )
    ^
  File "C:\Users\OurPresent\Downloads\Maestría BD\Proyecto Final\GmailPointsWatcher\.venv\Lib\site-packages\telegram\request\_baserequest.py", line 198, in post
    result = await self._request_wrapper(
             ^^^^^^^^^^^^^^^^^^^^^^^^^^^^
    ...<7 lines>...
    )
    ^
  File "C:\Users\OurPresent\Downloads\Maestría BD\Proyecto Final\GmailPointsWatcher\.venv\Lib\site-packages\telegram\request\_baserequest.py", line 375, in _request_wrapper
    raise exception
telegram.error.Conflict: Conflict: terminated by other getUpdates request; make sure that only one bot instance is running
2025-12-12 19:21:14,643 INFO HTTP Request: POST https://api.telegram.org/bot8428323516:AAElzjmSPfUeCoTGKbm7wnDLSZ5ek1-6Gvc/getUpdates "HTTP/1.1 409 Conflict"
2025-12-12 19:21:14,644 ERROR No error handlers are registered, logging exception.
Traceback (most recent call last):
  File "C:\Users\OurPresent\Downloads\Maestría BD\Proyecto Final\GmailPointsWatcher\.venv\Lib\site-packages\telegram\ext\_utils\networkloop.py", line 134, in network_retry_loop
    await do_action()
  File "C:\Users\OurPresent\Downloads\Maestría BD\Proyecto Final\GmailPointsWatcher\.venv\Lib\site-packages\telegram\ext\_utils\networkloop.py", line 127, in do_action
    action_cb_task.result()
    ~~~~~~~~~~~~~~~~~~~~~^^
  File "C:\Users\OurPresent\Downloads\Maestría BD\Proyecto Final\GmailPointsWatcher\.venv\Lib\site-packages\telegram\ext\_updater.py", line 340, in polling_action_cb
    updates = await self.bot.get_updates(
              ^^^^^^^^^^^^^^^^^^^^^^^^^^^
    ...<3 lines>...
    )
    ^
  File "C:\Users\OurPresent\Downloads\Maestría BD\Proyecto Final\GmailPointsWatcher\.venv\Lib\site-packages\telegram\ext\_extbot.py", line 676, in get_updates
    updates = await super().get_updates(
              ^^^^^^^^^^^^^^^^^^^^^^^^^^
    ...<9 lines>...
    )
    ^
  File "C:\Users\OurPresent\Downloads\Maestría BD\Proyecto Final\GmailPointsWatcher\.venv\Lib\site-packages\telegram\_bot.py", line 4780, in get_updates
    await self._post(
    ^^^^^^^^^^^^^^^^^
    ...<7 lines>...
    ),
    ^
  File "C:\Users\OurPresent\Downloads\Maestría BD\Proyecto Final\GmailPointsWatcher\.venv\Lib\site-packages\telegram\_bot.py", line 703, in _post
    return await self._do_post(
           ^^^^^^^^^^^^^^^^^^^^
    ...<6 lines>...
    )
    ^
  File "C:\Users\OurPresent\Downloads\Maestría BD\Proyecto Final\GmailPointsWatcher\.venv\Lib\site-packages\telegram\ext\_extbot.py", line 372, in _do_post
    return await super()._do_post(
           ^^^^^^^^^^^^^^^^^^^^^^^
    ...<6 lines>...
    )
    ^
  File "C:\Users\OurPresent\Downloads\Maestría BD\Proyecto Final\GmailPointsWatcher\.venv\Lib\site-packages\telegram\_bot.py", line 732, in _do_post
    result = await request.post(
             ^^^^^^^^^^^^^^^^^^^
    ...<6 lines>...
    )
    ^
  File "C:\Users\OurPresent\Downloads\Maestría BD\Proyecto Final\GmailPointsWatcher\.venv\Lib\site-packages\telegram\request\_baserequest.py", line 198, in post
    result = await self._request_wrapper(
             ^^^^^^^^^^^^^^^^^^^^^^^^^^^^
    ...<7 lines>...
    )
    ^
  File "C:\Users\OurPresent\Downloads\Maestría BD\Proyecto Final\GmailPointsWatcher\.venv\Lib\site-packages\telegram\request\_baserequest.py", line 375, in _request_wrapper
    raise exception
telegram.error.Conflict: Conflict: terminated by other getUpdates request; make sure that only one bot instance is running
2025-12-12 19:21:21,643 INFO HTTP Request: POST https://api.telegram.org/bot8428323516:AAElzjmSPfUeCoTGKbm7wnDLSZ5ek1-6Gvc/getUpdates "HTTP/1.1 200 OK"
2025-12-12 19:21:31,799 INFO HTTP Request: POST https://api.telegram.org/bot8428323516:AAElzjmSPfUeCoTGKbm7wnDLSZ5ek1-6Gvc/getUpdates "HTTP/1.1 200 OK"
2025-12-12 19:21:41,953 INFO HTTP Request: POST https://api.telegram.org/bot8428323516:AAElzjmSPfUeCoTGKbm7wnDLSZ5ek1-6Gvc/getUpdates "HTTP/1.1 200 OK"
2025-12-12 19:21:45,198 INFO HTTP Request: POST https://api.telegram.org/bot8428323516:AAElzjmSPfUeCoTGKbm7wnDLSZ5ek1-6Gvc/getUpdates "HTTP/1.1 409 Conflict"
2025-12-12 19:21:45,199 ERROR No error handlers are registered, logging exception.
Traceback (most recent call last):
  File "C:\Users\OurPresent\Downloads\Maestría BD\Proyecto Final\GmailPointsWatcher\.venv\Lib\site-packages\telegram\ext\_utils\networkloop.py", line 134, in network_retry_loop
    await do_action()
  File "C:\Users\OurPresent\Downloads\Maestría BD\Proyecto Final\GmailPointsWatcher\.venv\Lib\site-packages\telegram\ext\_utils\networkloop.py", line 127, in do_action
    action_cb_task.result()
    ~~~~~~~~~~~~~~~~~~~~~^^
  File "C:\Users\OurPresent\Downloads\Maestría BD\Proyecto Final\GmailPointsWatcher\.venv\Lib\site-packages\telegram\ext\_updater.py", line 340, in polling_action_cb
    updates = await self.bot.get_updates(
              ^^^^^^^^^^^^^^^^^^^^^^^^^^^
    ...<3 lines>...
    )
    ^
  File "C:\Users\OurPresent\Downloads\Maestría BD\Proyecto Final\GmailPointsWatcher\.venv\Lib\site-packages\telegram\ext\_extbot.py", line 676, in get_updates
    updates = await super().get_updates(
              ^^^^^^^^^^^^^^^^^^^^^^^^^^
    ...<9 lines>...
    )
    ^
  File "C:\Users\OurPresent\Downloads\Maestría BD\Proyecto Final\GmailPointsWatcher\.venv\Lib\site-packages\telegram\_bot.py", line 4780, in get_updates
    await self._post(
    ^^^^^^^^^^^^^^^^^
    ...<7 lines>...
    ),
    ^
  File "C:\Users\OurPresent\Downloads\Maestría BD\Proyecto Final\GmailPointsWatcher\.venv\Lib\site-packages\telegram\_bot.py", line 703, in _post
    return await self._do_post(
           ^^^^^^^^^^^^^^^^^^^^
    ...<6 lines>...
    )
    ^
  File "C:\Users\OurPresent\Downloads\Maestría BD\Proyecto Final\GmailPointsWatcher\.venv\Lib\site-packages\telegram\ext\_extbot.py", line 372, in _do_post
    return await super()._do_post(
           ^^^^^^^^^^^^^^^^^^^^^^^
    ...<6 lines>...
    )
    ^
  File "C:\Users\OurPresent\Downloads\Maestría BD\Proyecto Final\GmailPointsWatcher\.venv\Lib\site-packages\telegram\_bot.py", line 732, in _do_post
    result = await request.post(
             ^^^^^^^^^^^^^^^^^^^
    ...<6 lines>...
    )
    ^
  File "C:\Users\OurPresent\Downloads\Maestría BD\Proyecto Final\GmailPointsWatcher\.venv\Lib\site-packages\telegram\request\_baserequest.py", line 198, in post
    result = await self._request_wrapper(
             ^^^^^^^^^^^^^^^^^^^^^^^^^^^^
    ...<7 lines>...
    )
    ^
  File "C:\Users\OurPresent\Downloads\Maestría BD\Proyecto Final\GmailPointsWatcher\.venv\Lib\site-packages\telegram\request\_baserequest.py", line 375, in _request_wrapper
    raise exception
telegram.error.Conflict: Conflict: terminated by other getUpdates request; make sure that only one bot instance is running
2025-12-12 19:21:48,331 INFO Running job "_email_job (trigger: interval[0:01:00], next run at: 2025-12-13 00:22:48 UTC)" (scheduled at 2025-12-13 00:21:48.319770+00:00)
2025-12-12 19:21:48,761 INFO Running job "_email_job (trigger: interval[0:01:00], next run at: 2025-12-13 00:22:48 UTC)" (scheduled at 2025-12-13 00:21:48.746944+00:00)
2025-12-12 19:21:49,010 INFO Job "_email_job (trigger: interval[0:01:00], next run at: 2025-12-13 00:22:48 UTC)" executed successfully
2025-12-12 19:21:49,341 INFO Job "_email_job (trigger: interval[0:01:00], next run at: 2025-12-13 00:22:48 UTC)" executed successfully
2025-12-12 19:21:49,357 INFO HTTP Request: POST https://api.telegram.org/bot8428323516:AAElzjmSPfUeCoTGKbm7wnDLSZ5ek1-6Gvc/getUpdates "HTTP/1.1 409 Conflict"
2025-12-12 19:21:49,358 ERROR No error handlers are registered, logging exception.
Traceback (most recent call last):
  File "C:\Users\OurPresent\Downloads\Maestría BD\Proyecto Final\GmailPointsWatcher\.venv\Lib\site-packages\telegram\ext\_utils\networkloop.py", line 134, in network_retry_loop
    await do_action()
  File "C:\Users\OurPresent\Downloads\Maestría BD\Proyecto Final\GmailPointsWatcher\.venv\Lib\site-packages\telegram\ext\_utils\networkloop.py", line 127, in do_action
    action_cb_task.result()
    ~~~~~~~~~~~~~~~~~~~~~^^
  File "C:\Users\OurPresent\Downloads\Maestría BD\Proyecto Final\GmailPointsWatcher\.venv\Lib\site-packages\telegram\ext\_updater.py", line 340, in polling_action_cb
    updates = await self.bot.get_updates(
              ^^^^^^^^^^^^^^^^^^^^^^^^^^^
    ...<3 lines>...
    )
    ^
  File "C:\Users\OurPresent\Downloads\Maestría BD\Proyecto Final\GmailPointsWatcher\.venv\Lib\site-packages\telegram\ext\_extbot.py", line 676, in get_updates
    updates = await super().get_updates(
              ^^^^^^^^^^^^^^^^^^^^^^^^^^
    ...<9 lines>...
    )
    ^
  File "C:\Users\OurPresent\Downloads\Maestría BD\Proyecto Final\GmailPointsWatcher\.venv\Lib\site-packages\telegram\_bot.py", line 4780, in get_updates
    await self._post(
    ^^^^^^^^^^^^^^^^^
    ...<7 lines>...
    ),
    ^
  File "C:\Users\OurPresent\Downloads\Maestría BD\Proyecto Final\GmailPointsWatcher\.venv\Lib\site-packages\telegram\_bot.py", line 703, in _post
    return await self._do_post(
           ^^^^^^^^^^^^^^^^^^^^
    ...<6 lines>...
    )
    ^
  File "C:\Users\OurPresent\Downloads\Maestría BD\Proyecto Final\GmailPointsWatcher\.venv\Lib\site-packages\telegram\ext\_extbot.py", line 372, in _do_post
    return await super()._do_post(
           ^^^^^^^^^^^^^^^^^^^^^^^
    ...<6 lines>...
    )
    ^
  File "C:\Users\OurPresent\Downloads\Maestría BD\Proyecto Final\GmailPointsWatcher\.venv\Lib\site-packages\telegram\_bot.py", line 732, in _do_post
    result = await request.post(
             ^^^^^^^^^^^^^^^^^^^
    ...<6 lines>...
    )
    ^
  File "C:\Users\OurPresent\Downloads\Maestría BD\Proyecto Final\GmailPointsWatcher\.venv\Lib\site-packages\telegram\request\_baserequest.py", line 198, in post
    result = await self._request_wrapper(
             ^^^^^^^^^^^^^^^^^^^^^^^^^^^^
    ...<7 lines>...
    )
    ^
  File "C:\Users\OurPresent\Downloads\Maestría BD\Proyecto Final\GmailPointsWatcher\.venv\Lib\site-packages\telegram\request\_baserequest.py", line 375, in _request_wrapper
    raise exception
telegram.error.Conflict: Conflict: terminated by other getUpdates request; make sure that only one bot instance is running
2025-12-12 19:21:56,358 INFO HTTP Request: POST https://api.telegram.org/bot8428323516:AAElzjmSPfUeCoTGKbm7wnDLSZ5ek1-6Gvc/getUpdates "HTTP/1.1 200 OK"
2025-12-12 19:22:06,512 INFO HTTP Request: POST https://api.telegram.org/bot8428323516:AAElzjmSPfUeCoTGKbm7wnDLSZ5ek1-6Gvc/getUpdates "HTTP/1.1 200 OK"
2025-12-12 19:22:16,662 INFO HTTP Request: POST https://api.telegram.org/bot8428323516:AAElzjmSPfUeCoTGKbm7wnDLSZ5ek1-6Gvc/getUpdates "HTTP/1.1 200 OK"
2025-12-12 19:22:19,918 INFO HTTP Request: POST https://api.telegram.org/bot8428323516:AAElzjmSPfUeCoTGKbm7wnDLSZ5ek1-6Gvc/getUpdates "HTTP/1.1 409 Conflict"
2025-12-12 19:22:19,920 ERROR No error handlers are registered, logging exception.
Traceback (most recent call last):
  File "C:\Users\OurPresent\Downloads\Maestría BD\Proyecto Final\GmailPointsWatcher\.venv\Lib\site-packages\telegram\ext\_utils\networkloop.py", line 134, in network_retry_loop
    await do_action()
  File "C:\Users\OurPresent\Downloads\Maestría BD\Proyecto Final\GmailPointsWatcher\.venv\Lib\site-packages\telegram\ext\_utils\networkloop.py", line 127, in do_action
    action_cb_task.result()
    ~~~~~~~~~~~~~~~~~~~~~^^
  File "C:\Users\OurPresent\Downloads\Maestría BD\Proyecto Final\GmailPointsWatcher\.venv\Lib\site-packages\telegram\ext\_updater.py", line 340, in polling_action_cb
    updates = await self.bot.get_updates(
              ^^^^^^^^^^^^^^^^^^^^^^^^^^^
    ...<3 lines>...
    )
    ^
  File "C:\Users\OurPresent\Downloads\Maestría BD\Proyecto Final\GmailPointsWatcher\.venv\Lib\site-packages\telegram\ext\_extbot.py", line 676, in get_updates
    updates = await super().get_updates(
              ^^^^^^^^^^^^^^^^^^^^^^^^^^
    ...<9 lines>...
    )
    ^
  File "C:\Users\OurPresent\Downloads\Maestría BD\Proyecto Final\GmailPointsWatcher\.venv\Lib\site-packages\telegram\_bot.py", line 4780, in get_updates
    await self._post(
    ^^^^^^^^^^^^^^^^^
    ...<7 lines>...
    ),
    ^
  File "C:\Users\OurPresent\Downloads\Maestría BD\Proyecto Final\GmailPointsWatcher\.venv\Lib\site-packages\telegram\_bot.py", line 703, in _post
    return await self._do_post(
           ^^^^^^^^^^^^^^^^^^^^
    ...<6 lines>...
    )
    ^
  File "C:\Users\OurPresent\Downloads\Maestría BD\Proyecto Final\GmailPointsWatcher\.venv\Lib\site-packages\telegram\ext\_extbot.py", line 372, in _do_post
    return await super()._do_post(
           ^^^^^^^^^^^^^^^^^^^^^^^
    ...<6 lines>...
    )
    ^
  File "C:\Users\OurPresent\Downloads\Maestría BD\Proyecto Final\GmailPointsWatcher\.venv\Lib\site-packages\telegram\_bot.py", line 732, in _do_post
    result = await request.post(
             ^^^^^^^^^^^^^^^^^^^
    ...<6 lines>...
    )
    ^
  File "C:\Users\OurPresent\Downloads\Maestría BD\Proyecto Final\GmailPointsWatcher\.venv\Lib\site-packages\telegram\request\_baserequest.py", line 198, in post
    result = await self._request_wrapper(
             ^^^^^^^^^^^^^^^^^^^^^^^^^^^^
    ...<7 lines>...
    )
    ^
  File "C:\Users\OurPresent\Downloads\Maestría BD\Proyecto Final\GmailPointsWatcher\.venv\Lib\site-packages\telegram\request\_baserequest.py", line 375, in _request_wrapper
    raise exception
telegram.error.Conflict: Conflict: terminated by other getUpdates request; make sure that only one bot instance is running
2025-12-12 19:22:24,083 INFO HTTP Request: POST https://api.telegram.org/bot8428323516:AAElzjmSPfUeCoTGKbm7wnDLSZ5ek1-6Gvc/getUpdates "HTTP/1.1 409 Conflict"
2025-12-12 19:22:24,084 ERROR No error handlers are registered, logging exception.
Traceback (most recent call last):
  File "C:\Users\OurPresent\Downloads\Maestría BD\Proyecto Final\GmailPointsWatcher\.venv\Lib\site-packages\telegram\ext\_utils\networkloop.py", line 134, in network_retry_loop
    await do_action()
  File "C:\Users\OurPresent\Downloads\Maestría BD\Proyecto Final\GmailPointsWatcher\.venv\Lib\site-packages\telegram\ext\_utils\networkloop.py", line 127, in do_action
    action_cb_task.result()
    ~~~~~~~~~~~~~~~~~~~~~^^
  File "C:\Users\OurPresent\Downloads\Maestría BD\Proyecto Final\GmailPointsWatcher\.venv\Lib\site-packages\telegram\ext\_updater.py", line 340, in polling_action_cb
    updates = await self.bot.get_updates(
              ^^^^^^^^^^^^^^^^^^^^^^^^^^^
    ...<3 lines>...
    )
    ^
  File "C:\Users\OurPresent\Downloads\Maestría BD\Proyecto Final\GmailPointsWatcher\.venv\Lib\site-packages\telegram\ext\_extbot.py", line 676, in get_updates
    updates = await super().get_updates(
              ^^^^^^^^^^^^^^^^^^^^^^^^^^
    ...<9 lines>...
    )
    ^
  File "C:\Users\OurPresent\Downloads\Maestría BD\Proyecto Final\GmailPointsWatcher\.venv\Lib\site-packages\telegram\_bot.py", line 4780, in get_updates
    await self._post(
    ^^^^^^^^^^^^^^^^^
    ...<7 lines>...
    ),
    ^
  File "C:\Users\OurPresent\Downloads\Maestría BD\Proyecto Final\GmailPointsWatcher\.venv\Lib\site-packages\telegram\_bot.py", line 703, in _post
    return await self._do_post(
           ^^^^^^^^^^^^^^^^^^^^
    ...<6 lines>...
    )
    ^
  File "C:\Users\OurPresent\Downloads\Maestría BD\Proyecto Final\GmailPointsWatcher\.venv\Lib\site-packages\telegram\ext\_extbot.py", line 372, in _do_post
    return await super()._do_post(
           ^^^^^^^^^^^^^^^^^^^^^^^
    ...<6 lines>...
    )
    ^
  File "C:\Users\OurPresent\Downloads\Maestría BD\Proyecto Final\GmailPointsWatcher\.venv\Lib\site-packages\telegram\_bot.py", line 732, in _do_post
    result = await request.post(
             ^^^^^^^^^^^^^^^^^^^
    ...<6 lines>...
    )
    ^
  File "C:\Users\OurPresent\Downloads\Maestría BD\Proyecto Final\GmailPointsWatcher\.venv\Lib\site-packages\telegram\request\_baserequest.py", line 198, in post
    result = await self._request_wrapper(
             ^^^^^^^^^^^^^^^^^^^^^^^^^^^^
    ...<7 lines>...
    )
    ^
  File "C:\Users\OurPresent\Downloads\Maestría BD\Proyecto Final\GmailPointsWatcher\.venv\Lib\site-packages\telegram\request\_baserequest.py", line 375, in _request_wrapper
    raise exception
telegram.error.Conflict: Conflict: terminated by other getUpdates request; make sure that only one bot instance is running
2025-12-12 19:22:31,078 INFO HTTP Request: POST https://api.telegram.org/bot8428323516:AAElzjmSPfUeCoTGKbm7wnDLSZ5ek1-6Gvc/getUpdates "HTTP/1.1 200 OK"
2025-12-12 19:22:41,230 INFO HTTP Request: POST https://api.telegram.org/bot8428323516:AAElzjmSPfUeCoTGKbm7wnDLSZ5ek1-6Gvc/getUpdates "HTTP/1.1 200 OK"
2025-12-12 19:22:48,325 INFO Running job "_email_job (trigger: interval[0:01:00], next run at: 2025-12-13 00:23:48 UTC)" (scheduled at 2025-12-13 00:22:48.319770+00:00)
2025-12-12 19:22:48,754 INFO Running job "_email_job (trigger: interval[0:01:00], next run at: 2025-12-13 00:23:48 UTC)" (scheduled at 2025-12-13 00:22:48.746944+00:00)
2025-12-12 19:22:48,994 INFO Job "_email_job (trigger: interval[0:01:00], next run at: 2025-12-13 00:23:48 UTC)" executed successfully
2025-12-12 19:22:49,326 INFO Job "_email_job (trigger: interval[0:01:00], next run at: 2025-12-13 00:23:48 UTC)" executed successfully
2025-12-12 19:22:51,382 INFO HTTP Request: POST https://api.telegram.org/bot8428323516:AAElzjmSPfUeCoTGKbm7wnDLSZ5ek1-6Gvc/getUpdates "HTTP/1.1 200 OK"
2025-12-12 19:22:54,624 INFO HTTP Request: POST https://api.telegram.org/bot8428323516:AAElzjmSPfUeCoTGKbm7wnDLSZ5ek1-6Gvc/getUpdates "HTTP/1.1 409 Conflict"
2025-12-12 19:22:54,625 ERROR No error handlers are registered, logging exception.
Traceback (most recent call last):
  File "C:\Users\OurPresent\Downloads\Maestría BD\Proyecto Final\GmailPointsWatcher\.venv\Lib\site-packages\telegram\ext\_utils\networkloop.py", line 134, in network_retry_loop
    await do_action()
  File "C:\Users\OurPresent\Downloads\Maestría BD\Proyecto Final\GmailPointsWatcher\.venv\Lib\site-packages\telegram\ext\_utils\networkloop.py", line 127, in do_action
    action_cb_task.result()
    ~~~~~~~~~~~~~~~~~~~~~^^
  File "C:\Users\OurPresent\Downloads\Maestría BD\Proyecto Final\GmailPointsWatcher\.venv\Lib\site-packages\telegram\ext\_updater.py", line 340, in polling_action_cb
    updates = await self.bot.get_updates(
              ^^^^^^^^^^^^^^^^^^^^^^^^^^^
    ...<3 lines>...
    )
    ^
  File "C:\Users\OurPresent\Downloads\Maestría BD\Proyecto Final\GmailPointsWatcher\.venv\Lib\site-packages\telegram\ext\_extbot.py", line 676, in get_updates
    updates = await super().get_updates(
              ^^^^^^^^^^^^^^^^^^^^^^^^^^
    ...<9 lines>...
    )
    ^
  File "C:\Users\OurPresent\Downloads\Maestría BD\Proyecto Final\GmailPointsWatcher\.venv\Lib\site-packages\telegram\_bot.py", line 4780, in get_updates
    await self._post(
    ^^^^^^^^^^^^^^^^^
    ...<7 lines>...
    ),
    ^
  File "C:\Users\OurPresent\Downloads\Maestría BD\Proyecto Final\GmailPointsWatcher\.venv\Lib\site-packages\telegram\_bot.py", line 703, in _post
    return await self._do_post(
           ^^^^^^^^^^^^^^^^^^^^
    ...<6 lines>...
    )
    ^
  File "C:\Users\OurPresent\Downloads\Maestría BD\Proyecto Final\GmailPointsWatcher\.venv\Lib\site-packages\telegram\ext\_extbot.py", line 372, in _do_post
    return await super()._do_post(
           ^^^^^^^^^^^^^^^^^^^^^^^
    ...<6 lines>...
    )
    ^
  File "C:\Users\OurPresent\Downloads\Maestría BD\Proyecto Final\GmailPointsWatcher\.venv\Lib\site-packages\telegram\_bot.py", line 732, in _do_post
    result = await request.post(
             ^^^^^^^^^^^^^^^^^^^
    ...<6 lines>...
    )
    ^
  File "C:\Users\OurPresent\Downloads\Maestría BD\Proyecto Final\GmailPointsWatcher\.venv\Lib\site-packages\telegram\request\_baserequest.py", line 198, in post
    result = await self._request_wrapper(
             ^^^^^^^^^^^^^^^^^^^^^^^^^^^^
    ...<7 lines>...
    )
    ^
  File "C:\Users\OurPresent\Downloads\Maestría BD\Proyecto Final\GmailPointsWatcher\.venv\Lib\site-packages\telegram\request\_baserequest.py", line 375, in _request_wrapper
    raise exception
telegram.error.Conflict: Conflict: terminated by other getUpdates request; make sure that only one bot instance is running
2025-12-12 19:22:58,783 INFO HTTP Request: POST https://api.telegram.org/bot8428323516:AAElzjmSPfUeCoTGKbm7wnDLSZ5ek1-6Gvc/getUpdates "HTTP/1.1 409 Conflict"
2025-12-12 19:22:58,785 ERROR No error handlers are registered, logging exception.
Traceback (most recent call last):
  File "C:\Users\OurPresent\Downloads\Maestría BD\Proyecto Final\GmailPointsWatcher\.venv\Lib\site-packages\telegram\ext\_utils\networkloop.py", line 134, in network_retry_loop
    await do_action()
  File "C:\Users\OurPresent\Downloads\Maestría BD\Proyecto Final\GmailPointsWatcher\.venv\Lib\site-packages\telegram\ext\_utils\networkloop.py", line 127, in do_action
    action_cb_task.result()
    ~~~~~~~~~~~~~~~~~~~~~^^
  File "C:\Users\OurPresent\Downloads\Maestría BD\Proyecto Final\GmailPointsWatcher\.venv\Lib\site-packages\telegram\ext\_updater.py", line 340, in polling_action_cb
    updates = await self.bot.get_updates(
              ^^^^^^^^^^^^^^^^^^^^^^^^^^^
    ...<3 lines>...
    )
    ^
  File "C:\Users\OurPresent\Downloads\Maestría BD\Proyecto Final\GmailPointsWatcher\.venv\Lib\site-packages\telegram\ext\_extbot.py", line 676, in get_updates
    updates = await super().get_updates(
              ^^^^^^^^^^^^^^^^^^^^^^^^^^
    ...<9 lines>...
    )
    ^
  File "C:\Users\OurPresent\Downloads\Maestría BD\Proyecto Final\GmailPointsWatcher\.venv\Lib\site-packages\telegram\_bot.py", line 4780, in get_updates
    await self._post(
    ^^^^^^^^^^^^^^^^^
    ...<7 lines>...
    ),
    ^
  File "C:\Users\OurPresent\Downloads\Maestría BD\Proyecto Final\GmailPointsWatcher\.venv\Lib\site-packages\telegram\_bot.py", line 703, in _post
    return await self._do_post(
           ^^^^^^^^^^^^^^^^^^^^
    ...<6 lines>...
    )
    ^
  File "C:\Users\OurPresent\Downloads\Maestría BD\Proyecto Final\GmailPointsWatcher\.venv\Lib\site-packages\telegram\ext\_extbot.py", line 372, in _do_post
    return await super()._do_post(
           ^^^^^^^^^^^^^^^^^^^^^^^
    ...<6 lines>...
    )
    ^
  File "C:\Users\OurPresent\Downloads\Maestría BD\Proyecto Final\GmailPointsWatcher\.venv\Lib\site-packages\telegram\_bot.py", line 732, in _do_post
    result = await request.post(
             ^^^^^^^^^^^^^^^^^^^
    ...<6 lines>...
    )
    ^
  File "C:\Users\OurPresent\Downloads\Maestría BD\Proyecto Final\GmailPointsWatcher\.venv\Lib\site-packages\telegram\request\_baserequest.py", line 198, in post
    result = await self._request_wrapper(
             ^^^^^^^^^^^^^^^^^^^^^^^^^^^^
    ...<7 lines>...
    )
    ^
  File "C:\Users\OurPresent\Downloads\Maestría BD\Proyecto Final\GmailPointsWatcher\.venv\Lib\site-packages\telegram\request\_baserequest.py", line 375, in _request_wrapper
    raise exception
telegram.error.Conflict: Conflict: terminated by other getUpdates request; make sure that only one bot instance is running
2025-12-12 19:23:05,804 INFO HTTP Request: POST https://api.telegram.org/bot8428323516:AAElzjmSPfUeCoTGKbm7wnDLSZ5ek1-6Gvc/getUpdates "HTTP/1.1 200 OK"
2025-12-12 19:23:15,958 INFO HTTP Request: POST https://api.telegram.org/bot8428323516:AAElzjmSPfUeCoTGKbm7wnDLSZ5ek1-6Gvc/getUpdates "HTTP/1.1 200 OK"
2025-12-12 19:23:26,115 INFO HTTP Request: POST https://api.telegram.org/bot8428323516:AAElzjmSPfUeCoTGKbm7wnDLSZ5ek1-6Gvc/getUpdates "HTTP/1.1 200 OK"
2025-12-12 19:23:29,268 INFO HTTP Request: POST https://api.telegram.org/bot8428323516:AAElzjmSPfUeCoTGKbm7wnDLSZ5ek1-6Gvc/getUpdates "HTTP/1.1 409 Conflict"
2025-12-12 19:23:29,269 ERROR No error handlers are registered, logging exception.
Traceback (most recent call last):
  File "C:\Users\OurPresent\Downloads\Maestría BD\Proyecto Final\GmailPointsWatcher\.venv\Lib\site-packages\telegram\ext\_utils\networkloop.py", line 134, in network_retry_loop
    await do_action()
  File "C:\Users\OurPresent\Downloads\Maestría BD\Proyecto Final\GmailPointsWatcher\.venv\Lib\site-packages\telegram\ext\_utils\networkloop.py", line 127, in do_action
    action_cb_task.result()
    ~~~~~~~~~~~~~~~~~~~~~^^
  File "C:\Users\OurPresent\Downloads\Maestría BD\Proyecto Final\GmailPointsWatcher\.venv\Lib\site-packages\telegram\ext\_updater.py", line 340, in polling_action_cb
    updates = await self.bot.get_updates(
              ^^^^^^^^^^^^^^^^^^^^^^^^^^^
    ...<3 lines>...
    )
    ^
  File "C:\Users\OurPresent\Downloads\Maestría BD\Proyecto Final\GmailPointsWatcher\.venv\Lib\site-packages\telegram\ext\_extbot.py", line 676, in get_updates
    updates = await super().get_updates(
              ^^^^^^^^^^^^^^^^^^^^^^^^^^
    ...<9 lines>...
    )
    ^
  File "C:\Users\OurPresent\Downloads\Maestría BD\Proyecto Final\GmailPointsWatcher\.venv\Lib\site-packages\telegram\_bot.py", line 4780, in get_updates
    await self._post(
    ^^^^^^^^^^^^^^^^^
    ...<7 lines>...
    ),
    ^
  File "C:\Users\OurPresent\Downloads\Maestría BD\Proyecto Final\GmailPointsWatcher\.venv\Lib\site-packages\telegram\_bot.py", line 703, in _post
    return await self._do_post(
           ^^^^^^^^^^^^^^^^^^^^
    ...<6 lines>...
    )
    ^
  File "C:\Users\OurPresent\Downloads\Maestría BD\Proyecto Final\GmailPointsWatcher\.venv\Lib\site-packages\telegram\ext\_extbot.py", line 372, in _do_post
    return await super()._do_post(
           ^^^^^^^^^^^^^^^^^^^^^^^
    ...<6 lines>...
    )
    ^
  File "C:\Users\OurPresent\Downloads\Maestría BD\Proyecto Final\GmailPointsWatcher\.venv\Lib\site-packages\telegram\_bot.py", line 732, in _do_post
    result = await request.post(
             ^^^^^^^^^^^^^^^^^^^
    ...<6 lines>...
    )
    ^
  File "C:\Users\OurPresent\Downloads\Maestría BD\Proyecto Final\GmailPointsWatcher\.venv\Lib\site-packages\telegram\request\_baserequest.py", line 198, in post
    result = await self._request_wrapper(
             ^^^^^^^^^^^^^^^^^^^^^^^^^^^^
    ...<7 lines>...
    )
    ^
  File "C:\Users\OurPresent\Downloads\Maestría BD\Proyecto Final\GmailPointsWatcher\.venv\Lib\site-packages\telegram\request\_baserequest.py", line 375, in _request_wrapper
    raise exception
telegram.error.Conflict: Conflict: terminated by other getUpdates request; make sure that only one bot instance is running
2025-12-12 19:23:33,434 INFO HTTP Request: POST https://api.telegram.org/bot8428323516:AAElzjmSPfUeCoTGKbm7wnDLSZ5ek1-6Gvc/getUpdates "HTTP/1.1 409 Conflict"
2025-12-12 19:23:33,435 ERROR No error handlers are registered, logging exception.
Traceback (most recent call last):
  File "C:\Users\OurPresent\Downloads\Maestría BD\Proyecto Final\GmailPointsWatcher\.venv\Lib\site-packages\telegram\ext\_utils\networkloop.py", line 134, in network_retry_loop
    await do_action()
  File "C:\Users\OurPresent\Downloads\Maestría BD\Proyecto Final\GmailPointsWatcher\.venv\Lib\site-packages\telegram\ext\_utils\networkloop.py", line 127, in do_action
    action_cb_task.result()
    ~~~~~~~~~~~~~~~~~~~~~^^
  File "C:\Users\OurPresent\Downloads\Maestría BD\Proyecto Final\GmailPointsWatcher\.venv\Lib\site-packages\telegram\ext\_updater.py", line 340, in polling_action_cb
    updates = await self.bot.get_updates(
              ^^^^^^^^^^^^^^^^^^^^^^^^^^^
    ...<3 lines>...
    )
    ^
  File "C:\Users\OurPresent\Downloads\Maestría BD\Proyecto Final\GmailPointsWatcher\.venv\Lib\site-packages\telegram\ext\_extbot.py", line 676, in get_updates
    updates = await super().get_updates(
              ^^^^^^^^^^^^^^^^^^^^^^^^^^
    ...<9 lines>...
    )
    ^
  File "C:\Users\OurPresent\Downloads\Maestría BD\Proyecto Final\GmailPointsWatcher\.venv\Lib\site-packages\telegram\_bot.py", line 4780, in get_updates
    await self._post(
    ^^^^^^^^^^^^^^^^^
    ...<7 lines>...
    ),
    ^
  File "C:\Users\OurPresent\Downloads\Maestría BD\Proyecto Final\GmailPointsWatcher\.venv\Lib\site-packages\telegram\_bot.py", line 703, in _post
    return await self._do_post(
           ^^^^^^^^^^^^^^^^^^^^
    ...<6 lines>...
    )
    ^
  File "C:\Users\OurPresent\Downloads\Maestría BD\Proyecto Final\GmailPointsWatcher\.venv\Lib\site-packages\telegram\ext\_extbot.py", line 372, in _do_post
    return await super()._do_post(
           ^^^^^^^^^^^^^^^^^^^^^^^
    ...<6 lines>...
    )
    ^
  File "C:\Users\OurPresent\Downloads\Maestría BD\Proyecto Final\GmailPointsWatcher\.venv\Lib\site-packages\telegram\_bot.py", line 732, in _do_post
    result = await request.post(
             ^^^^^^^^^^^^^^^^^^^
    ...<6 lines>...
    )
    ^
  File "C:\Users\OurPresent\Downloads\Maestría BD\Proyecto Final\GmailPointsWatcher\.venv\Lib\site-packages\telegram\request\_baserequest.py", line 198, in post
    result = await self._request_wrapper(
             ^^^^^^^^^^^^^^^^^^^^^^^^^^^^
    ...<7 lines>...
    )
    ^
  File "C:\Users\OurPresent\Downloads\Maestría BD\Proyecto Final\GmailPointsWatcher\.venv\Lib\site-packages\telegram\request\_baserequest.py", line 375, in _request_wrapper
    raise exception
telegram.error.Conflict: Conflict: terminated by other getUpdates request; make sure that only one bot instance is running
2025-12-12 19:23:40,435 INFO HTTP Request: POST https://api.telegram.org/bot8428323516:AAElzjmSPfUeCoTGKbm7wnDLSZ5ek1-6Gvc/getUpdates "HTTP/1.1 200 OK"
2025-12-12 19:23:48,331 INFO Running job "_email_job (trigger: interval[0:01:00], next run at: 2025-12-13 00:24:48 UTC)" (scheduled at 2025-12-13 00:23:48.319770+00:00)
2025-12-12 19:23:48,759 INFO Running job "_email_job (trigger: interval[0:01:00], next run at: 2025-12-13 00:24:48 UTC)" (scheduled at 2025-12-13 00:23:48.746944+00:00)
2025-12-12 19:23:48,912 INFO Job "_email_job (trigger: interval[0:01:00], next run at: 2025-12-13 00:24:48 UTC)" executed successfully
2025-12-12 19:23:49,323 INFO Job "_email_job (trigger: interval[0:01:00], next run at: 2025-12-13 00:24:48 UTC)" executed successfully
2025-12-12 19:23:50,591 INFO HTTP Request: POST https://api.telegram.org/bot8428323516:AAElzjmSPfUeCoTGKbm7wnDLSZ5ek1-6Gvc/getUpdates "HTTP/1.1 200 OK"
2025-12-12 19:24:00,743 INFO HTTP Request: POST https://api.telegram.org/bot8428323516:AAElzjmSPfUeCoTGKbm7wnDLSZ5ek1-6Gvc/getUpdates "HTTP/1.1 200 OK"
2025-12-12 19:24:03,985 INFO HTTP Request: POST https://api.telegram.org/bot8428323516:AAElzjmSPfUeCoTGKbm7wnDLSZ5ek1-6Gvc/getUpdates "HTTP/1.1 409 Conflict"
2025-12-12 19:24:03,986 ERROR No error handlers are registered, logging exception.
Traceback (most recent call last):
  File "C:\Users\OurPresent\Downloads\Maestría BD\Proyecto Final\GmailPointsWatcher\.venv\Lib\site-packages\telegram\ext\_utils\networkloop.py", line 134, in network_retry_loop
    await do_action()
  File "C:\Users\OurPresent\Downloads\Maestría BD\Proyecto Final\GmailPointsWatcher\.venv\Lib\site-packages\telegram\ext\_utils\networkloop.py", line 127, in do_action
    action_cb_task.result()
    ~~~~~~~~~~~~~~~~~~~~~^^
  File "C:\Users\OurPresent\Downloads\Maestría BD\Proyecto Final\GmailPointsWatcher\.venv\Lib\site-packages\telegram\ext\_updater.py", line 340, in polling_action_cb
    updates = await self.bot.get_updates(
              ^^^^^^^^^^^^^^^^^^^^^^^^^^^
    ...<3 lines>...
    )
    ^
  File "C:\Users\OurPresent\Downloads\Maestría BD\Proyecto Final\GmailPointsWatcher\.venv\Lib\site-packages\telegram\ext\_extbot.py", line 676, in get_updates
    updates = await super().get_updates(
              ^^^^^^^^^^^^^^^^^^^^^^^^^^
    ...<9 lines>...
    )
    ^
  File "C:\Users\OurPresent\Downloads\Maestría BD\Proyecto Final\GmailPointsWatcher\.venv\Lib\site-packages\telegram\_bot.py", line 4780, in get_updates
    await self._post(
    ^^^^^^^^^^^^^^^^^
    ...<7 lines>...
    ),
    ^
  File "C:\Users\OurPresent\Downloads\Maestría BD\Proyecto Final\GmailPointsWatcher\.venv\Lib\site-packages\telegram\_bot.py", line 703, in _post
    return await self._do_post(
           ^^^^^^^^^^^^^^^^^^^^
    ...<6 lines>...
    )
    ^
  File "C:\Users\OurPresent\Downloads\Maestría BD\Proyecto Final\GmailPointsWatcher\.venv\Lib\site-packages\telegram\ext\_extbot.py", line 372, in _do_post
    return await super()._do_post(
           ^^^^^^^^^^^^^^^^^^^^^^^
    ...<6 lines>...
    )
    ^
  File "C:\Users\OurPresent\Downloads\Maestría BD\Proyecto Final\GmailPointsWatcher\.venv\Lib\site-packages\telegram\_bot.py", line 732, in _do_post
    result = await request.post(
             ^^^^^^^^^^^^^^^^^^^
    ...<6 lines>...
    )
    ^
  File "C:\Users\OurPresent\Downloads\Maestría BD\Proyecto Final\GmailPointsWatcher\.venv\Lib\site-packages\telegram\request\_baserequest.py", line 198, in post
    result = await self._request_wrapper(
             ^^^^^^^^^^^^^^^^^^^^^^^^^^^^
    ...<7 lines>...
    )
    ^
  File "C:\Users\OurPresent\Downloads\Maestría BD\Proyecto Final\GmailPointsWatcher\.venv\Lib\site-packages\telegram\request\_baserequest.py", line 375, in _request_wrapper
    raise exception
telegram.error.Conflict: Conflict: terminated by other getUpdates request; make sure that only one bot instance is running
2025-12-12 19:24:08,155 INFO HTTP Request: POST https://api.telegram.org/bot8428323516:AAElzjmSPfUeCoTGKbm7wnDLSZ5ek1-6Gvc/getUpdates "HTTP/1.1 409 Conflict"
2025-12-12 19:24:08,156 ERROR No error handlers are registered, logging exception.
Traceback (most recent call last):
  File "C:\Users\OurPresent\Downloads\Maestría BD\Proyecto Final\GmailPointsWatcher\.venv\Lib\site-packages\telegram\ext\_utils\networkloop.py", line 134, in network_retry_loop
    await do_action()
  File "C:\Users\OurPresent\Downloads\Maestría BD\Proyecto Final\GmailPointsWatcher\.venv\Lib\site-packages\telegram\ext\_utils\networkloop.py", line 127, in do_action
    action_cb_task.result()
    ~~~~~~~~~~~~~~~~~~~~~^^
  File "C:\Users\OurPresent\Downloads\Maestría BD\Proyecto Final\GmailPointsWatcher\.venv\Lib\site-packages\telegram\ext\_updater.py", line 340, in polling_action_cb
    updates = await self.bot.get_updates(
              ^^^^^^^^^^^^^^^^^^^^^^^^^^^
    ...<3 lines>...
    )
    ^
  File "C:\Users\OurPresent\Downloads\Maestría BD\Proyecto Final\GmailPointsWatcher\.venv\Lib\site-packages\telegram\ext\_extbot.py", line 676, in get_updates
    updates = await super().get_updates(
              ^^^^^^^^^^^^^^^^^^^^^^^^^^
    ...<9 lines>...
    )
    ^
  File "C:\Users\OurPresent\Downloads\Maestría BD\Proyecto Final\GmailPointsWatcher\.venv\Lib\site-packages\telegram\_bot.py", line 4780, in get_updates
    await self._post(
    ^^^^^^^^^^^^^^^^^
    ...<7 lines>...
    ),
    ^
  File "C:\Users\OurPresent\Downloads\Maestría BD\Proyecto Final\GmailPointsWatcher\.venv\Lib\site-packages\telegram\_bot.py", line 703, in _post
    return await self._do_post(
           ^^^^^^^^^^^^^^^^^^^^
    ...<6 lines>...
    )
    ^
  File "C:\Users\OurPresent\Downloads\Maestría BD\Proyecto Final\GmailPointsWatcher\.venv\Lib\site-packages\telegram\ext\_extbot.py", line 372, in _do_post
    return await super()._do_post(
           ^^^^^^^^^^^^^^^^^^^^^^^
    ...<6 lines>...
    )
    ^
  File "C:\Users\OurPresent\Downloads\Maestría BD\Proyecto Final\GmailPointsWatcher\.venv\Lib\site-packages\telegram\_bot.py", line 732, in _do_post
    result = await request.post(
             ^^^^^^^^^^^^^^^^^^^
    ...<6 lines>...
    )
    ^
  File "C:\Users\OurPresent\Downloads\Maestría BD\Proyecto Final\GmailPointsWatcher\.venv\Lib\site-packages\telegram\request\_baserequest.py", line 198, in post
    result = await self._request_wrapper(
             ^^^^^^^^^^^^^^^^^^^^^^^^^^^^
    ...<7 lines>...
    )
    ^
  File "C:\Users\OurPresent\Downloads\Maestría BD\Proyecto Final\GmailPointsWatcher\.venv\Lib\site-packages\telegram\request\_baserequest.py", line 375, in _request_wrapper
    raise exception
telegram.error.Conflict: Conflict: terminated by other getUpdates request; make sure that only one bot instance is running
2025-12-12 19:24:15,148 INFO HTTP Request: POST https://api.telegram.org/bot8428323516:AAElzjmSPfUeCoTGKbm7wnDLSZ5ek1-6Gvc/getUpdates "HTTP/1.1 200 OK"
2025-12-12 19:24:25,301 INFO HTTP Request: POST https://api.telegram.org/bot8428323516:AAElzjmSPfUeCoTGKbm7wnDLSZ5ek1-6Gvc/getUpdates "HTTP/1.1 200 OK"
2025-12-12 19:24:35,453 INFO HTTP Request: POST https://api.telegram.org/bot8428323516:AAElzjmSPfUeCoTGKbm7wnDLSZ5ek1-6Gvc/getUpdates "HTTP/1.1 200 OK"
2025-12-12 19:24:38,746 INFO HTTP Request: POST https://api.telegram.org/bot8428323516:AAElzjmSPfUeCoTGKbm7wnDLSZ5ek1-6Gvc/getUpdates "HTTP/1.1 409 Conflict"
2025-12-12 19:24:38,747 ERROR No error handlers are registered, logging exception.
Traceback (most recent call last):
  File "C:\Users\OurPresent\Downloads\Maestría BD\Proyecto Final\GmailPointsWatcher\.venv\Lib\site-packages\telegram\ext\_utils\networkloop.py", line 134, in network_retry_loop
    await do_action()
  File "C:\Users\OurPresent\Downloads\Maestría BD\Proyecto Final\GmailPointsWatcher\.venv\Lib\site-packages\telegram\ext\_utils\networkloop.py", line 127, in do_action
    action_cb_task.result()
    ~~~~~~~~~~~~~~~~~~~~~^^
  File "C:\Users\OurPresent\Downloads\Maestría BD\Proyecto Final\GmailPointsWatcher\.venv\Lib\site-packages\telegram\ext\_updater.py", line 340, in polling_action_cb
    updates = await self.bot.get_updates(
              ^^^^^^^^^^^^^^^^^^^^^^^^^^^
    ...<3 lines>...
    )
    ^
  File "C:\Users\OurPresent\Downloads\Maestría BD\Proyecto Final\GmailPointsWatcher\.venv\Lib\site-packages\telegram\ext\_extbot.py", line 676, in get_updates
    updates = await super().get_updates(
              ^^^^^^^^^^^^^^^^^^^^^^^^^^
    ...<9 lines>...
    )
    ^
  File "C:\Users\OurPresent\Downloads\Maestría BD\Proyecto Final\GmailPointsWatcher\.venv\Lib\site-packages\telegram\_bot.py", line 4780, in get_updates
    await self._post(
    ^^^^^^^^^^^^^^^^^
    ...<7 lines>...
    ),
    ^
  File "C:\Users\OurPresent\Downloads\Maestría BD\Proyecto Final\GmailPointsWatcher\.venv\Lib\site-packages\telegram\_bot.py", line 703, in _post
    return await self._do_post(
           ^^^^^^^^^^^^^^^^^^^^
    ...<6 lines>...
    )
    ^
  File "C:\Users\OurPresent\Downloads\Maestría BD\Proyecto Final\GmailPointsWatcher\.venv\Lib\site-packages\telegram\ext\_extbot.py", line 372, in _do_post
    return await super()._do_post(
           ^^^^^^^^^^^^^^^^^^^^^^^
    ...<6 lines>...
    )
    ^
  File "C:\Users\OurPresent\Downloads\Maestría BD\Proyecto Final\GmailPointsWatcher\.venv\Lib\site-packages\telegram\_bot.py", line 732, in _do_post
    result = await request.post(
             ^^^^^^^^^^^^^^^^^^^
    ...<6 lines>...
    )
    ^
  File "C:\Users\OurPresent\Downloads\Maestría BD\Proyecto Final\GmailPointsWatcher\.venv\Lib\site-packages\telegram\request\_baserequest.py", line 198, in post
    result = await self._request_wrapper(
             ^^^^^^^^^^^^^^^^^^^^^^^^^^^^
    ...<7 lines>...
    )
    ^
  File "C:\Users\OurPresent\Downloads\Maestría BD\Proyecto Final\GmailPointsWatcher\.venv\Lib\site-packages\telegram\request\_baserequest.py", line 375, in _request_wrapper
    raise exception
telegram.error.Conflict: Conflict: terminated by other getUpdates request; make sure that only one bot instance is running
2025-12-12 19:24:42,910 INFO HTTP Request: POST https://api.telegram.org/bot8428323516:AAElzjmSPfUeCoTGKbm7wnDLSZ5ek1-6Gvc/getUpdates "HTTP/1.1 409 Conflict"
2025-12-12 19:24:42,911 ERROR No error handlers are registered, logging exception.
Traceback (most recent call last):
  File "C:\Users\OurPresent\Downloads\Maestría BD\Proyecto Final\GmailPointsWatcher\.venv\Lib\site-packages\telegram\ext\_utils\networkloop.py", line 134, in network_retry_loop
    await do_action()
  File "C:\Users\OurPresent\Downloads\Maestría BD\Proyecto Final\GmailPointsWatcher\.venv\Lib\site-packages\telegram\ext\_utils\networkloop.py", line 127, in do_action
    action_cb_task.result()
    ~~~~~~~~~~~~~~~~~~~~~^^
  File "C:\Users\OurPresent\Downloads\Maestría BD\Proyecto Final\GmailPointsWatcher\.venv\Lib\site-packages\telegram\ext\_updater.py", line 340, in polling_action_cb
    updates = await self.bot.get_updates(
              ^^^^^^^^^^^^^^^^^^^^^^^^^^^
    ...<3 lines>...
    )
    ^
  File "C:\Users\OurPresent\Downloads\Maestría BD\Proyecto Final\GmailPointsWatcher\.venv\Lib\site-packages\telegram\ext\_extbot.py", line 676, in get_updates
    updates = await super().get_updates(
              ^^^^^^^^^^^^^^^^^^^^^^^^^^
    ...<9 lines>...
    )
    ^
  File "C:\Users\OurPresent\Downloads\Maestría BD\Proyecto Final\GmailPointsWatcher\.venv\Lib\site-packages\telegram\_bot.py", line 4780, in get_updates
    await self._post(
    ^^^^^^^^^^^^^^^^^
    ...<7 lines>...
    ),
    ^
  File "C:\Users\OurPresent\Downloads\Maestría BD\Proyecto Final\GmailPointsWatcher\.venv\Lib\site-packages\telegram\_bot.py", line 703, in _post
    return await self._do_post(
           ^^^^^^^^^^^^^^^^^^^^
    ...<6 lines>...
    )
    ^
  File "C:\Users\OurPresent\Downloads\Maestría BD\Proyecto Final\GmailPointsWatcher\.venv\Lib\site-packages\telegram\ext\_extbot.py", line 372, in _do_post
    return await super()._do_post(
           ^^^^^^^^^^^^^^^^^^^^^^^
    ...<6 lines>...
    )
    ^
  File "C:\Users\OurPresent\Downloads\Maestría BD\Proyecto Final\GmailPointsWatcher\.venv\Lib\site-packages\telegram\_bot.py", line 732, in _do_post
    result = await request.post(
             ^^^^^^^^^^^^^^^^^^^
    ...<6 lines>...
    )
    ^
  File "C:\Users\OurPresent\Downloads\Maestría BD\Proyecto Final\GmailPointsWatcher\.venv\Lib\site-packages\telegram\request\_baserequest.py", line 198, in post
    result = await self._request_wrapper(
             ^^^^^^^^^^^^^^^^^^^^^^^^^^^^
    ...<7 lines>...
    )
    ^
  File "C:\Users\OurPresent\Downloads\Maestría BD\Proyecto Final\GmailPointsWatcher\.venv\Lib\site-packages\telegram\request\_baserequest.py", line 375, in _request_wrapper
    raise exception
telegram.error.Conflict: Conflict: terminated by other getUpdates request; make sure that only one bot instance is running
2025-12-12 19:24:48,322 INFO Running job "_email_job (trigger: interval[0:01:00], next run at: 2025-12-13 00:25:48 UTC)" (scheduled at 2025-12-13 00:24:48.319770+00:00)
2025-12-12 19:24:48,750 INFO Running job "_email_job (trigger: interval[0:01:00], next run at: 2025-12-13 00:25:48 UTC)" (scheduled at 2025-12-13 00:24:48.746944+00:00)
2025-12-12 19:24:49,010 INFO Job "_email_job (trigger: interval[0:01:00], next run at: 2025-12-13 00:25:48 UTC)" executed successfully
2025-12-12 19:24:49,314 INFO Job "_email_job (trigger: interval[0:01:00], next run at: 2025-12-13 00:25:48 UTC)" executed successfully
2025-12-12 19:24:49,905 INFO HTTP Request: POST https://api.telegram.org/bot8428323516:AAElzjmSPfUeCoTGKbm7wnDLSZ5ek1-6Gvc/getUpdates "HTTP/1.1 200 OK"
2025-12-12 19:25:00,056 INFO HTTP Request: POST https://api.telegram.org/bot8428323516:AAElzjmSPfUeCoTGKbm7wnDLSZ5ek1-6Gvc/getUpdates "HTTP/1.1 200 OK"
2025-12-12 19:25:10,210 INFO HTTP Request: POST https://api.telegram.org/bot8428323516:AAElzjmSPfUeCoTGKbm7wnDLSZ5ek1-6Gvc/getUpdates "HTTP/1.1 200 OK"
2025-12-12 19:25:13,460 INFO HTTP Request: POST https://api.telegram.org/bot8428323516:AAElzjmSPfUeCoTGKbm7wnDLSZ5ek1-6Gvc/getUpdates "HTTP/1.1 409 Conflict"
2025-12-12 19:25:13,461 ERROR No error handlers are registered, logging exception.
Traceback (most recent call last):
  File "C:\Users\OurPresent\Downloads\Maestría BD\Proyecto Final\GmailPointsWatcher\.venv\Lib\site-packages\telegram\ext\_utils\networkloop.py", line 134, in network_retry_loop
    await do_action()
  File "C:\Users\OurPresent\Downloads\Maestría BD\Proyecto Final\GmailPointsWatcher\.venv\Lib\site-packages\telegram\ext\_utils\networkloop.py", line 127, in do_action
    action_cb_task.result()
    ~~~~~~~~~~~~~~~~~~~~~^^
  File "C:\Users\OurPresent\Downloads\Maestría BD\Proyecto Final\GmailPointsWatcher\.venv\Lib\site-packages\telegram\ext\_updater.py", line 340, in polling_action_cb
    updates = await self.bot.get_updates(
              ^^^^^^^^^^^^^^^^^^^^^^^^^^^
    ...<3 lines>...
    )
    ^
  File "C:\Users\OurPresent\Downloads\Maestría BD\Proyecto Final\GmailPointsWatcher\.venv\Lib\site-packages\telegram\ext\_extbot.py", line 676, in get_updates
    updates = await super().get_updates(
              ^^^^^^^^^^^^^^^^^^^^^^^^^^
    ...<9 lines>...
    )
    ^
  File "C:\Users\OurPresent\Downloads\Maestría BD\Proyecto Final\GmailPointsWatcher\.venv\Lib\site-packages\telegram\_bot.py", line 4780, in get_updates
    await self._post(
    ^^^^^^^^^^^^^^^^^
    ...<7 lines>...
    ),
    ^
  File "C:\Users\OurPresent\Downloads\Maestría BD\Proyecto Final\GmailPointsWatcher\.venv\Lib\site-packages\telegram\_bot.py", line 703, in _post
    return await self._do_post(
           ^^^^^^^^^^^^^^^^^^^^
    ...<6 lines>...
    )
    ^
  File "C:\Users\OurPresent\Downloads\Maestría BD\Proyecto Final\GmailPointsWatcher\.venv\Lib\site-packages\telegram\ext\_extbot.py", line 372, in _do_post
    return await super()._do_post(
           ^^^^^^^^^^^^^^^^^^^^^^^
    ...<6 lines>...
    )
    ^
  File "C:\Users\OurPresent\Downloads\Maestría BD\Proyecto Final\GmailPointsWatcher\.venv\Lib\site-packages\telegram\_bot.py", line 732, in _do_post
    result = await request.post(
             ^^^^^^^^^^^^^^^^^^^
    ...<6 lines>...
    )
    ^
  File "C:\Users\OurPresent\Downloads\Maestría BD\Proyecto Final\GmailPointsWatcher\.venv\Lib\site-packages\telegram\request\_baserequest.py", line 198, in post
    result = await self._request_wrapper(
             ^^^^^^^^^^^^^^^^^^^^^^^^^^^^
    ...<7 lines>...
    )
    ^
  File "C:\Users\OurPresent\Downloads\Maestría BD\Proyecto Final\GmailPointsWatcher\.venv\Lib\site-packages\telegram\request\_baserequest.py", line 375, in _request_wrapper
    raise exception
telegram.error.Conflict: Conflict: terminated by other getUpdates request; make sure that only one bot instance is running
2025-12-12 19:25:17,622 INFO HTTP Request: POST https://api.telegram.org/bot8428323516:AAElzjmSPfUeCoTGKbm7wnDLSZ5ek1-6Gvc/getUpdates "HTTP/1.1 409 Conflict"
2025-12-12 19:25:17,623 ERROR No error handlers are registered, logging exception.
Traceback (most recent call last):
  File "C:\Users\OurPresent\Downloads\Maestría BD\Proyecto Final\GmailPointsWatcher\.venv\Lib\site-packages\telegram\ext\_utils\networkloop.py", line 134, in network_retry_loop
    await do_action()
  File "C:\Users\OurPresent\Downloads\Maestría BD\Proyecto Final\GmailPointsWatcher\.venv\Lib\site-packages\telegram\ext\_utils\networkloop.py", line 127, in do_action
    action_cb_task.result()
    ~~~~~~~~~~~~~~~~~~~~~^^
  File "C:\Users\OurPresent\Downloads\Maestría BD\Proyecto Final\GmailPointsWatcher\.venv\Lib\site-packages\telegram\ext\_updater.py", line 340, in polling_action_cb
    updates = await self.bot.get_updates(
              ^^^^^^^^^^^^^^^^^^^^^^^^^^^
    ...<3 lines>...
    )
    ^
  File "C:\Users\OurPresent\Downloads\Maestría BD\Proyecto Final\GmailPointsWatcher\.venv\Lib\site-packages\telegram\ext\_extbot.py", line 676, in get_updates
    updates = await super().get_updates(
              ^^^^^^^^^^^^^^^^^^^^^^^^^^
    ...<9 lines>...
    )
    ^
  File "C:\Users\OurPresent\Downloads\Maestría BD\Proyecto Final\GmailPointsWatcher\.venv\Lib\site-packages\telegram\_bot.py", line 4780, in get_updates
    await self._post(
    ^^^^^^^^^^^^^^^^^
    ...<7 lines>...
    ),
    ^
  File "C:\Users\OurPresent\Downloads\Maestría BD\Proyecto Final\GmailPointsWatcher\.venv\Lib\site-packages\telegram\_bot.py", line 703, in _post
    return await self._do_post(
           ^^^^^^^^^^^^^^^^^^^^
    ...<6 lines>...
    )
    ^
  File "C:\Users\OurPresent\Downloads\Maestría BD\Proyecto Final\GmailPointsWatcher\.venv\Lib\site-packages\telegram\ext\_extbot.py", line 372, in _do_post
    return await super()._do_post(
           ^^^^^^^^^^^^^^^^^^^^^^^
    ...<6 lines>...
    )
    ^
  File "C:\Users\OurPresent\Downloads\Maestría BD\Proyecto Final\GmailPointsWatcher\.venv\Lib\site-packages\telegram\_bot.py", line 732, in _do_post
    result = await request.post(
             ^^^^^^^^^^^^^^^^^^^
    ...<6 lines>...
    )
    ^
  File "C:\Users\OurPresent\Downloads\Maestría BD\Proyecto Final\GmailPointsWatcher\.venv\Lib\site-packages\telegram\request\_baserequest.py", line 198, in post
    result = await self._request_wrapper(
             ^^^^^^^^^^^^^^^^^^^^^^^^^^^^
    ...<7 lines>...
    )
    ^
  File "C:\Users\OurPresent\Downloads\Maestría BD\Proyecto Final\GmailPointsWatcher\.venv\Lib\site-packages\telegram\request\_baserequest.py", line 375, in _request_wrapper
    raise exception
telegram.error.Conflict: Conflict: terminated by other getUpdates request; make sure that only one bot instance is running
2025-12-12 19:25:24,622 INFO HTTP Request: POST https://api.telegram.org/bot8428323516:AAElzjmSPfUeCoTGKbm7wnDLSZ5ek1-6Gvc/getUpdates "HTTP/1.1 200 OK"
2025-12-12 19:25:34,773 INFO HTTP Request: POST https://api.telegram.org/bot8428323516:AAElzjmSPfUeCoTGKbm7wnDLSZ5ek1-6Gvc/getUpdates "HTTP/1.1 200 OK"
2025-12-12 19:25:44,924 INFO HTTP Request: POST https://api.telegram.org/bot8428323516:AAElzjmSPfUeCoTGKbm7wnDLSZ5ek1-6Gvc/getUpdates "HTTP/1.1 200 OK"
2025-12-12 19:25:48,173 INFO HTTP Request: POST https://api.telegram.org/bot8428323516:AAElzjmSPfUeCoTGKbm7wnDLSZ5ek1-6Gvc/getUpdates "HTTP/1.1 409 Conflict"
2025-12-12 19:25:48,175 ERROR No error handlers are registered, logging exception.
Traceback (most recent call last):
  File "C:\Users\OurPresent\Downloads\Maestría BD\Proyecto Final\GmailPointsWatcher\.venv\Lib\site-packages\telegram\ext\_utils\networkloop.py", line 134, in network_retry_loop
    await do_action()
  File "C:\Users\OurPresent\Downloads\Maestría BD\Proyecto Final\GmailPointsWatcher\.venv\Lib\site-packages\telegram\ext\_utils\networkloop.py", line 127, in do_action
    action_cb_task.result()
    ~~~~~~~~~~~~~~~~~~~~~^^
  File "C:\Users\OurPresent\Downloads\Maestría BD\Proyecto Final\GmailPointsWatcher\.venv\Lib\site-packages\telegram\ext\_updater.py", line 340, in polling_action_cb
    updates = await self.bot.get_updates(
              ^^^^^^^^^^^^^^^^^^^^^^^^^^^
    ...<3 lines>...
    )
    ^
  File "C:\Users\OurPresent\Downloads\Maestría BD\Proyecto Final\GmailPointsWatcher\.venv\Lib\site-packages\telegram\ext\_extbot.py", line 676, in get_updates
    updates = await super().get_updates(
              ^^^^^^^^^^^^^^^^^^^^^^^^^^
    ...<9 lines>...
    )
    ^
  File "C:\Users\OurPresent\Downloads\Maestría BD\Proyecto Final\GmailPointsWatcher\.venv\Lib\site-packages\telegram\_bot.py", line 4780, in get_updates
    await self._post(
    ^^^^^^^^^^^^^^^^^
    ...<7 lines>...
    ),
    ^
  File "C:\Users\OurPresent\Downloads\Maestría BD\Proyecto Final\GmailPointsWatcher\.venv\Lib\site-packages\telegram\_bot.py", line 703, in _post
    return await self._do_post(
           ^^^^^^^^^^^^^^^^^^^^
    ...<6 lines>...
    )
    ^
  File "C:\Users\OurPresent\Downloads\Maestría BD\Proyecto Final\GmailPointsWatcher\.venv\Lib\site-packages\telegram\ext\_extbot.py", line 372, in _do_post
    return await super()._do_post(
           ^^^^^^^^^^^^^^^^^^^^^^^
    ...<6 lines>...
    )
    ^
  File "C:\Users\OurPresent\Downloads\Maestría BD\Proyecto Final\GmailPointsWatcher\.venv\Lib\site-packages\telegram\_bot.py", line 732, in _do_post
    result = await request.post(
             ^^^^^^^^^^^^^^^^^^^
    ...<6 lines>...
    )
    ^
  File "C:\Users\OurPresent\Downloads\Maestría BD\Proyecto Final\GmailPointsWatcher\.venv\Lib\site-packages\telegram\request\_baserequest.py", line 198, in post
    result = await self._request_wrapper(
             ^^^^^^^^^^^^^^^^^^^^^^^^^^^^
    ...<7 lines>...
    )
    ^
  File "C:\Users\OurPresent\Downloads\Maestría BD\Proyecto Final\GmailPointsWatcher\.venv\Lib\site-packages\telegram\request\_baserequest.py", line 375, in _request_wrapper
    raise exception
telegram.error.Conflict: Conflict: terminated by other getUpdates request; make sure that only one bot instance is running
2025-12-12 19:25:48,329 INFO Running job "_email_job (trigger: interval[0:01:00], next run at: 2025-12-13 00:26:48 UTC)" (scheduled at 2025-12-13 00:25:48.319770+00:00)
2025-12-12 19:25:48,756 INFO Running job "_email_job (trigger: interval[0:01:00], next run at: 2025-12-13 00:26:48 UTC)" (scheduled at 2025-12-13 00:25:48.746944+00:00)
2025-12-12 19:25:48,927 INFO Job "_email_job (trigger: interval[0:01:00], next run at: 2025-12-13 00:26:48 UTC)" executed successfully
2025-12-12 19:25:49,358 INFO Job "_email_job (trigger: interval[0:01:00], next run at: 2025-12-13 00:26:48 UTC)" executed successfully
2025-12-12 19:25:52,335 INFO HTTP Request: POST https://api.telegram.org/bot8428323516:AAElzjmSPfUeCoTGKbm7wnDLSZ5ek1-6Gvc/getUpdates "HTTP/1.1 409 Conflict"
2025-12-12 19:25:52,337 ERROR No error handlers are registered, logging exception.
Traceback (most recent call last):
  File "C:\Users\OurPresent\Downloads\Maestría BD\Proyecto Final\GmailPointsWatcher\.venv\Lib\site-packages\telegram\ext\_utils\networkloop.py", line 134, in network_retry_loop
    await do_action()
  File "C:\Users\OurPresent\Downloads\Maestría BD\Proyecto Final\GmailPointsWatcher\.venv\Lib\site-packages\telegram\ext\_utils\networkloop.py", line 127, in do_action
    action_cb_task.result()
    ~~~~~~~~~~~~~~~~~~~~~^^
  File "C:\Users\OurPresent\Downloads\Maestría BD\Proyecto Final\GmailPointsWatcher\.venv\Lib\site-packages\telegram\ext\_updater.py", line 340, in polling_action_cb
    updates = await self.bot.get_updates(
              ^^^^^^^^^^^^^^^^^^^^^^^^^^^
    ...<3 lines>...
    )
    ^
  File "C:\Users\OurPresent\Downloads\Maestría BD\Proyecto Final\GmailPointsWatcher\.venv\Lib\site-packages\telegram\ext\_extbot.py", line 676, in get_updates
    updates = await super().get_updates(
              ^^^^^^^^^^^^^^^^^^^^^^^^^^
    ...<9 lines>...
    )
    ^
  File "C:\Users\OurPresent\Downloads\Maestría BD\Proyecto Final\GmailPointsWatcher\.venv\Lib\site-packages\telegram\_bot.py", line 4780, in get_updates
    await self._post(
    ^^^^^^^^^^^^^^^^^
    ...<7 lines>...
    ),
    ^
  File "C:\Users\OurPresent\Downloads\Maestría BD\Proyecto Final\GmailPointsWatcher\.venv\Lib\site-packages\telegram\_bot.py", line 703, in _post
    return await self._do_post(
           ^^^^^^^^^^^^^^^^^^^^
    ...<6 lines>...
    )
    ^
  File "C:\Users\OurPresent\Downloads\Maestría BD\Proyecto Final\GmailPointsWatcher\.venv\Lib\site-packages\telegram\ext\_extbot.py", line 372, in _do_post
    return await super()._do_post(
           ^^^^^^^^^^^^^^^^^^^^^^^
    ...<6 lines>...
    )
    ^
  File "C:\Users\OurPresent\Downloads\Maestría BD\Proyecto Final\GmailPointsWatcher\.venv\Lib\site-packages\telegram\_bot.py", line 732, in _do_post
    result = await request.post(
             ^^^^^^^^^^^^^^^^^^^
    ...<6 lines>...
    )
    ^
  File "C:\Users\OurPresent\Downloads\Maestría BD\Proyecto Final\GmailPointsWatcher\.venv\Lib\site-packages\telegram\request\_baserequest.py", line 198, in post
    result = await self._request_wrapper(
             ^^^^^^^^^^^^^^^^^^^^^^^^^^^^
    ...<7 lines>...
    )
    ^
  File "C:\Users\OurPresent\Downloads\Maestría BD\Proyecto Final\GmailPointsWatcher\.venv\Lib\site-packages\telegram\request\_baserequest.py", line 375, in _request_wrapper
    raise exception
telegram.error.Conflict: Conflict: terminated by other getUpdates request; make sure that only one bot instance is running
2025-12-12 19:25:59,334 INFO HTTP Request: POST https://api.telegram.org/bot8428323516:AAElzjmSPfUeCoTGKbm7wnDLSZ5ek1-6Gvc/getUpdates "HTTP/1.1 200 OK"
2025-12-12 19:26:09,484 INFO HTTP Request: POST https://api.telegram.org/bot8428323516:AAElzjmSPfUeCoTGKbm7wnDLSZ5ek1-6Gvc/getUpdates "HTTP/1.1 200 OK"
2025-12-12 19:26:19,645 INFO HTTP Request: POST https://api.telegram.org/bot8428323516:AAElzjmSPfUeCoTGKbm7wnDLSZ5ek1-6Gvc/getUpdates "HTTP/1.1 200 OK"
2025-12-12 19:26:22,804 INFO HTTP Request: POST https://api.telegram.org/bot8428323516:AAElzjmSPfUeCoTGKbm7wnDLSZ5ek1-6Gvc/getUpdates "HTTP/1.1 409 Conflict"
2025-12-12 19:26:22,805 ERROR No error handlers are registered, logging exception.
Traceback (most recent call last):
  File "C:\Users\OurPresent\Downloads\Maestría BD\Proyecto Final\GmailPointsWatcher\.venv\Lib\site-packages\telegram\ext\_utils\networkloop.py", line 134, in network_retry_loop
    await do_action()
  File "C:\Users\OurPresent\Downloads\Maestría BD\Proyecto Final\GmailPointsWatcher\.venv\Lib\site-packages\telegram\ext\_utils\networkloop.py", line 127, in do_action
    action_cb_task.result()
    ~~~~~~~~~~~~~~~~~~~~~^^
  File "C:\Users\OurPresent\Downloads\Maestría BD\Proyecto Final\GmailPointsWatcher\.venv\Lib\site-packages\telegram\ext\_updater.py", line 340, in polling_action_cb
    updates = await self.bot.get_updates(
              ^^^^^^^^^^^^^^^^^^^^^^^^^^^
    ...<3 lines>...
    )
    ^
  File "C:\Users\OurPresent\Downloads\Maestría BD\Proyecto Final\GmailPointsWatcher\.venv\Lib\site-packages\telegram\ext\_extbot.py", line 676, in get_updates
    updates = await super().get_updates(
              ^^^^^^^^^^^^^^^^^^^^^^^^^^
    ...<9 lines>...
    )
    ^
  File "C:\Users\OurPresent\Downloads\Maestría BD\Proyecto Final\GmailPointsWatcher\.venv\Lib\site-packages\telegram\_bot.py", line 4780, in get_updates
    await self._post(
    ^^^^^^^^^^^^^^^^^
    ...<7 lines>...
    ),
    ^
  File "C:\Users\OurPresent\Downloads\Maestría BD\Proyecto Final\GmailPointsWatcher\.venv\Lib\site-packages\telegram\_bot.py", line 703, in _post
    return await self._do_post(
           ^^^^^^^^^^^^^^^^^^^^
    ...<6 lines>...
    )
    ^
  File "C:\Users\OurPresent\Downloads\Maestría BD\Proyecto Final\GmailPointsWatcher\.venv\Lib\site-packages\telegram\ext\_extbot.py", line 372, in _do_post
    return await super()._do_post(
           ^^^^^^^^^^^^^^^^^^^^^^^
    ...<6 lines>...
    )
    ^
  File "C:\Users\OurPresent\Downloads\Maestría BD\Proyecto Final\GmailPointsWatcher\.venv\Lib\site-packages\telegram\_bot.py", line 732, in _do_post
    result = await request.post(
             ^^^^^^^^^^^^^^^^^^^
    ...<6 lines>...
    )
    ^
  File "C:\Users\OurPresent\Downloads\Maestría BD\Proyecto Final\GmailPointsWatcher\.venv\Lib\site-packages\telegram\request\_baserequest.py", line 198, in post
    result = await self._request_wrapper(
             ^^^^^^^^^^^^^^^^^^^^^^^^^^^^
    ...<7 lines>...
    )
    ^
  File "C:\Users\OurPresent\Downloads\Maestría BD\Proyecto Final\GmailPointsWatcher\.venv\Lib\site-packages\telegram\request\_baserequest.py", line 375, in _request_wrapper
    raise exception
telegram.error.Conflict: Conflict: terminated by other getUpdates request; make sure that only one bot instance is running
2025-12-12 19:26:26,961 INFO HTTP Request: POST https://api.telegram.org/bot8428323516:AAElzjmSPfUeCoTGKbm7wnDLSZ5ek1-6Gvc/getUpdates "HTTP/1.1 409 Conflict"
2025-12-12 19:26:26,962 ERROR No error handlers are registered, logging exception.
Traceback (most recent call last):
  File "C:\Users\OurPresent\Downloads\Maestría BD\Proyecto Final\GmailPointsWatcher\.venv\Lib\site-packages\telegram\ext\_utils\networkloop.py", line 134, in network_retry_loop
    await do_action()
  File "C:\Users\OurPresent\Downloads\Maestría BD\Proyecto Final\GmailPointsWatcher\.venv\Lib\site-packages\telegram\ext\_utils\networkloop.py", line 127, in do_action
    action_cb_task.result()
    ~~~~~~~~~~~~~~~~~~~~~^^
  File "C:\Users\OurPresent\Downloads\Maestría BD\Proyecto Final\GmailPointsWatcher\.venv\Lib\site-packages\telegram\ext\_updater.py", line 340, in polling_action_cb
    updates = await self.bot.get_updates(
              ^^^^^^^^^^^^^^^^^^^^^^^^^^^
    ...<3 lines>...
    )
    ^
  File "C:\Users\OurPresent\Downloads\Maestría BD\Proyecto Final\GmailPointsWatcher\.venv\Lib\site-packages\telegram\ext\_extbot.py", line 676, in get_updates
    updates = await super().get_updates(
              ^^^^^^^^^^^^^^^^^^^^^^^^^^
    ...<9 lines>...
    )
    ^
  File "C:\Users\OurPresent\Downloads\Maestría BD\Proyecto Final\GmailPointsWatcher\.venv\Lib\site-packages\telegram\_bot.py", line 4780, in get_updates
    await self._post(
    ^^^^^^^^^^^^^^^^^
    ...<7 lines>...
    ),
    ^
  File "C:\Users\OurPresent\Downloads\Maestría BD\Proyecto Final\GmailPointsWatcher\.venv\Lib\site-packages\telegram\_bot.py", line 703, in _post
    return await self._do_post(
           ^^^^^^^^^^^^^^^^^^^^
    ...<6 lines>...
    )
    ^
  File "C:\Users\OurPresent\Downloads\Maestría BD\Proyecto Final\GmailPointsWatcher\.venv\Lib\site-packages\telegram\ext\_extbot.py", line 372, in _do_post
    return await super()._do_post(
           ^^^^^^^^^^^^^^^^^^^^^^^
    ...<6 lines>...
    )
    ^
  File "C:\Users\OurPresent\Downloads\Maestría BD\Proyecto Final\GmailPointsWatcher\.venv\Lib\site-packages\telegram\_bot.py", line 732, in _do_post
    result = await request.post(
             ^^^^^^^^^^^^^^^^^^^
    ...<6 lines>...
    )
    ^
  File "C:\Users\OurPresent\Downloads\Maestría BD\Proyecto Final\GmailPointsWatcher\.venv\Lib\site-packages\telegram\request\_baserequest.py", line 198, in post
    result = await self._request_wrapper(
             ^^^^^^^^^^^^^^^^^^^^^^^^^^^^
    ...<7 lines>...
    )
    ^
  File "C:\Users\OurPresent\Downloads\Maestría BD\Proyecto Final\GmailPointsWatcher\.venv\Lib\site-packages\telegram\request\_baserequest.py", line 375, in _request_wrapper
    raise exception
telegram.error.Conflict: Conflict: terminated by other getUpdates request; make sure that only one bot instance is running
2025-12-12 19:26:33,960 INFO HTTP Request: POST https://api.telegram.org/bot8428323516:AAElzjmSPfUeCoTGKbm7wnDLSZ5ek1-6Gvc/getUpdates "HTTP/1.1 200 OK"
2025-12-12 19:26:44,111 INFO HTTP Request: POST https://api.telegram.org/bot8428323516:AAElzjmSPfUeCoTGKbm7wnDLSZ5ek1-6Gvc/getUpdates "HTTP/1.1 200 OK"
2025-12-12 19:26:48,323 INFO Running job "_email_job (trigger: interval[0:01:00], next run at: 2025-12-13 00:27:48 UTC)" (scheduled at 2025-12-13 00:26:48.319770+00:00)
2025-12-12 19:26:48,750 INFO Running job "_email_job (trigger: interval[0:01:00], next run at: 2025-12-13 00:27:48 UTC)" (scheduled at 2025-12-13 00:26:48.746944+00:00)
2025-12-12 19:26:49,022 INFO Job "_email_job (trigger: interval[0:01:00], next run at: 2025-12-13 00:27:48 UTC)" executed successfully
2025-12-12 19:26:49,324 INFO Job "_email_job (trigger: interval[0:01:00], next run at: 2025-12-13 00:27:48 UTC)" executed successfully
2025-12-12 19:26:54,270 INFO HTTP Request: POST https://api.telegram.org/bot8428323516:AAElzjmSPfUeCoTGKbm7wnDLSZ5ek1-6Gvc/getUpdates "HTTP/1.1 200 OK"
2025-12-12 19:26:57,517 INFO HTTP Request: POST https://api.telegram.org/bot8428323516:AAElzjmSPfUeCoTGKbm7wnDLSZ5ek1-6Gvc/getUpdates "HTTP/1.1 409 Conflict"
2025-12-12 19:26:57,518 ERROR No error handlers are registered, logging exception.
Traceback (most recent call last):
  File "C:\Users\OurPresent\Downloads\Maestría BD\Proyecto Final\GmailPointsWatcher\.venv\Lib\site-packages\telegram\ext\_utils\networkloop.py", line 134, in network_retry_loop
    await do_action()
  File "C:\Users\OurPresent\Downloads\Maestría BD\Proyecto Final\GmailPointsWatcher\.venv\Lib\site-packages\telegram\ext\_utils\networkloop.py", line 127, in do_action
    action_cb_task.result()
    ~~~~~~~~~~~~~~~~~~~~~^^
  File "C:\Users\OurPresent\Downloads\Maestría BD\Proyecto Final\GmailPointsWatcher\.venv\Lib\site-packages\telegram\ext\_updater.py", line 340, in polling_action_cb
    updates = await self.bot.get_updates(
              ^^^^^^^^^^^^^^^^^^^^^^^^^^^
    ...<3 lines>...
    )
    ^
  File "C:\Users\OurPresent\Downloads\Maestría BD\Proyecto Final\GmailPointsWatcher\.venv\Lib\site-packages\telegram\ext\_extbot.py", line 676, in get_updates
    updates = await super().get_updates(
              ^^^^^^^^^^^^^^^^^^^^^^^^^^
    ...<9 lines>...
    )
    ^
  File "C:\Users\OurPresent\Downloads\Maestría BD\Proyecto Final\GmailPointsWatcher\.venv\Lib\site-packages\telegram\_bot.py", line 4780, in get_updates
    await self._post(
    ^^^^^^^^^^^^^^^^^
    ...<7 lines>...
    ),
    ^
  File "C:\Users\OurPresent\Downloads\Maestría BD\Proyecto Final\GmailPointsWatcher\.venv\Lib\site-packages\telegram\_bot.py", line 703, in _post
    return await self._do_post(
           ^^^^^^^^^^^^^^^^^^^^
    ...<6 lines>...
    )
    ^
  File "C:\Users\OurPresent\Downloads\Maestría BD\Proyecto Final\GmailPointsWatcher\.venv\Lib\site-packages\telegram\ext\_extbot.py", line 372, in _do_post
    return await super()._do_post(
           ^^^^^^^^^^^^^^^^^^^^^^^
    ...<6 lines>...
    )
    ^
  File "C:\Users\OurPresent\Downloads\Maestría BD\Proyecto Final\GmailPointsWatcher\.venv\Lib\site-packages\telegram\_bot.py", line 732, in _do_post
    result = await request.post(
             ^^^^^^^^^^^^^^^^^^^
    ...<6 lines>...
    )
    ^
  File "C:\Users\OurPresent\Downloads\Maestría BD\Proyecto Final\GmailPointsWatcher\.venv\Lib\site-packages\telegram\request\_baserequest.py", line 198, in post
    result = await self._request_wrapper(
             ^^^^^^^^^^^^^^^^^^^^^^^^^^^^
    ...<7 lines>...
    )
    ^
  File "C:\Users\OurPresent\Downloads\Maestría BD\Proyecto Final\GmailPointsWatcher\.venv\Lib\site-packages\telegram\request\_baserequest.py", line 375, in _request_wrapper
    raise exception
telegram.error.Conflict: Conflict: terminated by other getUpdates request; make sure that only one bot instance is running
2025-12-12 19:27:01,977 INFO HTTP Request: POST https://api.telegram.org/bot8428323516:AAElzjmSPfUeCoTGKbm7wnDLSZ5ek1-6Gvc/getUpdates "HTTP/1.1 409 Conflict"
2025-12-12 19:27:01,978 ERROR No error handlers are registered, logging exception.
Traceback (most recent call last):
  File "C:\Users\OurPresent\Downloads\Maestría BD\Proyecto Final\GmailPointsWatcher\.venv\Lib\site-packages\telegram\ext\_utils\networkloop.py", line 134, in network_retry_loop
    await do_action()
  File "C:\Users\OurPresent\Downloads\Maestría BD\Proyecto Final\GmailPointsWatcher\.venv\Lib\site-packages\telegram\ext\_utils\networkloop.py", line 127, in do_action
    action_cb_task.result()
    ~~~~~~~~~~~~~~~~~~~~~^^
  File "C:\Users\OurPresent\Downloads\Maestría BD\Proyecto Final\GmailPointsWatcher\.venv\Lib\site-packages\telegram\ext\_updater.py", line 340, in polling_action_cb
    updates = await self.bot.get_updates(
              ^^^^^^^^^^^^^^^^^^^^^^^^^^^
    ...<3 lines>...
    )
    ^
  File "C:\Users\OurPresent\Downloads\Maestría BD\Proyecto Final\GmailPointsWatcher\.venv\Lib\site-packages\telegram\ext\_extbot.py", line 676, in get_updates
    updates = await super().get_updates(
              ^^^^^^^^^^^^^^^^^^^^^^^^^^
    ...<9 lines>...
    )
    ^
  File "C:\Users\OurPresent\Downloads\Maestría BD\Proyecto Final\GmailPointsWatcher\.venv\Lib\site-packages\telegram\_bot.py", line 4780, in get_updates
    await self._post(
    ^^^^^^^^^^^^^^^^^
    ...<7 lines>...
    ),
    ^
  File "C:\Users\OurPresent\Downloads\Maestría BD\Proyecto Final\GmailPointsWatcher\.venv\Lib\site-packages\telegram\_bot.py", line 703, in _post
    return await self._do_post(
           ^^^^^^^^^^^^^^^^^^^^
    ...<6 lines>...
    )
    ^
  File "C:\Users\OurPresent\Downloads\Maestría BD\Proyecto Final\GmailPointsWatcher\.venv\Lib\site-packages\telegram\ext\_extbot.py", line 372, in _do_post
    return await super()._do_post(
           ^^^^^^^^^^^^^^^^^^^^^^^
    ...<6 lines>...
    )
    ^
  File "C:\Users\OurPresent\Downloads\Maestría BD\Proyecto Final\GmailPointsWatcher\.venv\Lib\site-packages\telegram\_bot.py", line 732, in _do_post
    result = await request.post(
             ^^^^^^^^^^^^^^^^^^^
    ...<6 lines>...
    )
    ^
  File "C:\Users\OurPresent\Downloads\Maestría BD\Proyecto Final\GmailPointsWatcher\.venv\Lib\site-packages\telegram\request\_baserequest.py", line 198, in post
    result = await self._request_wrapper(
             ^^^^^^^^^^^^^^^^^^^^^^^^^^^^
    ...<7 lines>...
    )
    ^
  File "C:\Users\OurPresent\Downloads\Maestría BD\Proyecto Final\GmailPointsWatcher\.venv\Lib\site-packages\telegram\request\_baserequest.py", line 375, in _request_wrapper
    raise exception
telegram.error.Conflict: Conflict: terminated by other getUpdates request; make sure that only one bot instance is running
2025-12-12 19:27:08,975 INFO HTTP Request: POST https://api.telegram.org/bot8428323516:AAElzjmSPfUeCoTGKbm7wnDLSZ5ek1-6Gvc/getUpdates "HTTP/1.1 200 OK"
2025-12-12 19:27:19,129 INFO HTTP Request: POST https://api.telegram.org/bot8428323516:AAElzjmSPfUeCoTGKbm7wnDLSZ5ek1-6Gvc/getUpdates "HTTP/1.1 200 OK"
2025-12-12 19:27:29,285 INFO HTTP Request: POST https://api.telegram.org/bot8428323516:AAElzjmSPfUeCoTGKbm7wnDLSZ5ek1-6Gvc/getUpdates "HTTP/1.1 200 OK"
2025-12-12 19:27:32,521 INFO HTTP Request: POST https://api.telegram.org/bot8428323516:AAElzjmSPfUeCoTGKbm7wnDLSZ5ek1-6Gvc/getUpdates "HTTP/1.1 409 Conflict"
2025-12-12 19:27:32,523 ERROR No error handlers are registered, logging exception.
Traceback (most recent call last):
  File "C:\Users\OurPresent\Downloads\Maestría BD\Proyecto Final\GmailPointsWatcher\.venv\Lib\site-packages\telegram\ext\_utils\networkloop.py", line 134, in network_retry_loop
    await do_action()
  File "C:\Users\OurPresent\Downloads\Maestría BD\Proyecto Final\GmailPointsWatcher\.venv\Lib\site-packages\telegram\ext\_utils\networkloop.py", line 127, in do_action
    action_cb_task.result()
    ~~~~~~~~~~~~~~~~~~~~~^^
  File "C:\Users\OurPresent\Downloads\Maestría BD\Proyecto Final\GmailPointsWatcher\.venv\Lib\site-packages\telegram\ext\_updater.py", line 340, in polling_action_cb
    updates = await self.bot.get_updates(
              ^^^^^^^^^^^^^^^^^^^^^^^^^^^
    ...<3 lines>...
    )
    ^
  File "C:\Users\OurPresent\Downloads\Maestría BD\Proyecto Final\GmailPointsWatcher\.venv\Lib\site-packages\telegram\ext\_extbot.py", line 676, in get_updates
    updates = await super().get_updates(
              ^^^^^^^^^^^^^^^^^^^^^^^^^^
    ...<9 lines>...
    )
    ^
  File "C:\Users\OurPresent\Downloads\Maestría BD\Proyecto Final\GmailPointsWatcher\.venv\Lib\site-packages\telegram\_bot.py", line 4780, in get_updates
    await self._post(
    ^^^^^^^^^^^^^^^^^
    ...<7 lines>...
    ),
    ^
  File "C:\Users\OurPresent\Downloads\Maestría BD\Proyecto Final\GmailPointsWatcher\.venv\Lib\site-packages\telegram\_bot.py", line 703, in _post
    return await self._do_post(
           ^^^^^^^^^^^^^^^^^^^^
    ...<6 lines>...
    )
    ^
  File "C:\Users\OurPresent\Downloads\Maestría BD\Proyecto Final\GmailPointsWatcher\.venv\Lib\site-packages\telegram\ext\_extbot.py", line 372, in _do_post
    return await super()._do_post(
           ^^^^^^^^^^^^^^^^^^^^^^^
    ...<6 lines>...
    )
    ^
  File "C:\Users\OurPresent\Downloads\Maestría BD\Proyecto Final\GmailPointsWatcher\.venv\Lib\site-packages\telegram\_bot.py", line 732, in _do_post
    result = await request.post(
             ^^^^^^^^^^^^^^^^^^^
    ...<6 lines>...
    )
    ^
  File "C:\Users\OurPresent\Downloads\Maestría BD\Proyecto Final\GmailPointsWatcher\.venv\Lib\site-packages\telegram\request\_baserequest.py", line 198, in post
    result = await self._request_wrapper(
             ^^^^^^^^^^^^^^^^^^^^^^^^^^^^
    ...<7 lines>...
    )
    ^
  File "C:\Users\OurPresent\Downloads\Maestría BD\Proyecto Final\GmailPointsWatcher\.venv\Lib\site-packages\telegram\request\_baserequest.py", line 375, in _request_wrapper
    raise exception
telegram.error.Conflict: Conflict: terminated by other getUpdates request; make sure that only one bot instance is running
2025-12-12 19:27:36,676 INFO HTTP Request: POST https://api.telegram.org/bot8428323516:AAElzjmSPfUeCoTGKbm7wnDLSZ5ek1-6Gvc/getUpdates "HTTP/1.1 409 Conflict"
2025-12-12 19:27:36,677 ERROR No error handlers are registered, logging exception.
Traceback (most recent call last):
  File "C:\Users\OurPresent\Downloads\Maestría BD\Proyecto Final\GmailPointsWatcher\.venv\Lib\site-packages\telegram\ext\_utils\networkloop.py", line 134, in network_retry_loop
    await do_action()
  File "C:\Users\OurPresent\Downloads\Maestría BD\Proyecto Final\GmailPointsWatcher\.venv\Lib\site-packages\telegram\ext\_utils\networkloop.py", line 127, in do_action
    action_cb_task.result()
    ~~~~~~~~~~~~~~~~~~~~~^^
  File "C:\Users\OurPresent\Downloads\Maestría BD\Proyecto Final\GmailPointsWatcher\.venv\Lib\site-packages\telegram\ext\_updater.py", line 340, in polling_action_cb
    updates = await self.bot.get_updates(
              ^^^^^^^^^^^^^^^^^^^^^^^^^^^
    ...<3 lines>...
    )
    ^
  File "C:\Users\OurPresent\Downloads\Maestría BD\Proyecto Final\GmailPointsWatcher\.venv\Lib\site-packages\telegram\ext\_extbot.py", line 676, in get_updates
    updates = await super().get_updates(
              ^^^^^^^^^^^^^^^^^^^^^^^^^^
    ...<9 lines>...
    )
    ^
  File "C:\Users\OurPresent\Downloads\Maestría BD\Proyecto Final\GmailPointsWatcher\.venv\Lib\site-packages\telegram\_bot.py", line 4780, in get_updates
    await self._post(
    ^^^^^^^^^^^^^^^^^
    ...<7 lines>...
    ),
    ^
  File "C:\Users\OurPresent\Downloads\Maestría BD\Proyecto Final\GmailPointsWatcher\.venv\Lib\site-packages\telegram\_bot.py", line 703, in _post
    return await self._do_post(
           ^^^^^^^^^^^^^^^^^^^^
    ...<6 lines>...
    )
    ^
  File "C:\Users\OurPresent\Downloads\Maestría BD\Proyecto Final\GmailPointsWatcher\.venv\Lib\site-packages\telegram\ext\_extbot.py", line 372, in _do_post
    return await super()._do_post(
           ^^^^^^^^^^^^^^^^^^^^^^^
    ...<6 lines>...
    )
    ^
  File "C:\Users\OurPresent\Downloads\Maestría BD\Proyecto Final\GmailPointsWatcher\.venv\Lib\site-packages\telegram\_bot.py", line 732, in _do_post
    result = await request.post(
             ^^^^^^^^^^^^^^^^^^^
    ...<6 lines>...
    )
    ^
  File "C:\Users\OurPresent\Downloads\Maestría BD\Proyecto Final\GmailPointsWatcher\.venv\Lib\site-packages\telegram\request\_baserequest.py", line 198, in post
    result = await self._request_wrapper(
             ^^^^^^^^^^^^^^^^^^^^^^^^^^^^
    ...<7 lines>...
    )
    ^
  File "C:\Users\OurPresent\Downloads\Maestría BD\Proyecto Final\GmailPointsWatcher\.venv\Lib\site-packages\telegram\request\_baserequest.py", line 375, in _request_wrapper
    raise exception
telegram.error.Conflict: Conflict: terminated by other getUpdates request; make sure that only one bot instance is running
2025-12-12 19:27:43,676 INFO HTTP Request: POST https://api.telegram.org/bot8428323516:AAElzjmSPfUeCoTGKbm7wnDLSZ5ek1-6Gvc/getUpdates "HTTP/1.1 200 OK"
2025-12-12 19:27:48,320 INFO Running job "_email_job (trigger: interval[0:01:00], next run at: 2025-12-13 00:28:48 UTC)" (scheduled at 2025-12-13 00:27:48.319770+00:00)
2025-12-12 19:27:48,762 INFO Running job "_email_job (trigger: interval[0:01:00], next run at: 2025-12-13 00:28:48 UTC)" (scheduled at 2025-12-13 00:27:48.746944+00:00)
2025-12-12 19:27:48,911 INFO Job "_email_job (trigger: interval[0:01:00], next run at: 2025-12-13 00:28:48 UTC)" executed successfully
2025-12-12 19:27:49,340 INFO Job "_email_job (trigger: interval[0:01:00], next run at: 2025-12-13 00:28:48 UTC)" executed successfully
2025-12-12 19:27:53,828 INFO HTTP Request: POST https://api.telegram.org/bot8428323516:AAElzjmSPfUeCoTGKbm7wnDLSZ5ek1-6Gvc/getUpdates "HTTP/1.1 200 OK"
2025-12-12 19:28:03,981 INFO HTTP Request: POST https://api.telegram.org/bot8428323516:AAElzjmSPfUeCoTGKbm7wnDLSZ5ek1-6Gvc/getUpdates "HTTP/1.1 200 OK"
2025-12-12 19:28:07,242 INFO HTTP Request: POST https://api.telegram.org/bot8428323516:AAElzjmSPfUeCoTGKbm7wnDLSZ5ek1-6Gvc/getUpdates "HTTP/1.1 409 Conflict"
2025-12-12 19:28:07,244 ERROR No error handlers are registered, logging exception.
Traceback (most recent call last):
  File "C:\Users\OurPresent\Downloads\Maestría BD\Proyecto Final\GmailPointsWatcher\.venv\Lib\site-packages\telegram\ext\_utils\networkloop.py", line 134, in network_retry_loop
    await do_action()
  File "C:\Users\OurPresent\Downloads\Maestría BD\Proyecto Final\GmailPointsWatcher\.venv\Lib\site-packages\telegram\ext\_utils\networkloop.py", line 127, in do_action
    action_cb_task.result()
    ~~~~~~~~~~~~~~~~~~~~~^^
  File "C:\Users\OurPresent\Downloads\Maestría BD\Proyecto Final\GmailPointsWatcher\.venv\Lib\site-packages\telegram\ext\_updater.py", line 340, in polling_action_cb
    updates = await self.bot.get_updates(
              ^^^^^^^^^^^^^^^^^^^^^^^^^^^
    ...<3 lines>...
    )
    ^
  File "C:\Users\OurPresent\Downloads\Maestría BD\Proyecto Final\GmailPointsWatcher\.venv\Lib\site-packages\telegram\ext\_extbot.py", line 676, in get_updates
    updates = await super().get_updates(
              ^^^^^^^^^^^^^^^^^^^^^^^^^^
    ...<9 lines>...
    )
    ^
  File "C:\Users\OurPresent\Downloads\Maestría BD\Proyecto Final\GmailPointsWatcher\.venv\Lib\site-packages\telegram\_bot.py", line 4780, in get_updates
    await self._post(
    ^^^^^^^^^^^^^^^^^
    ...<7 lines>...
    ),
    ^
  File "C:\Users\OurPresent\Downloads\Maestría BD\Proyecto Final\GmailPointsWatcher\.venv\Lib\site-packages\telegram\_bot.py", line 703, in _post
    return await self._do_post(
           ^^^^^^^^^^^^^^^^^^^^
    ...<6 lines>...
    )
    ^
  File "C:\Users\OurPresent\Downloads\Maestría BD\Proyecto Final\GmailPointsWatcher\.venv\Lib\site-packages\telegram\ext\_extbot.py", line 372, in _do_post
    return await super()._do_post(
           ^^^^^^^^^^^^^^^^^^^^^^^
    ...<6 lines>...
    )
    ^
  File "C:\Users\OurPresent\Downloads\Maestría BD\Proyecto Final\GmailPointsWatcher\.venv\Lib\site-packages\telegram\_bot.py", line 732, in _do_post
    result = await request.post(
             ^^^^^^^^^^^^^^^^^^^
    ...<6 lines>...
    )
    ^
  File "C:\Users\OurPresent\Downloads\Maestría BD\Proyecto Final\GmailPointsWatcher\.venv\Lib\site-packages\telegram\request\_baserequest.py", line 198, in post
    result = await self._request_wrapper(
             ^^^^^^^^^^^^^^^^^^^^^^^^^^^^
    ...<7 lines>...
    )
    ^
  File "C:\Users\OurPresent\Downloads\Maestría BD\Proyecto Final\GmailPointsWatcher\.venv\Lib\site-packages\telegram\request\_baserequest.py", line 375, in _request_wrapper
    raise exception
telegram.error.Conflict: Conflict: terminated by other getUpdates request; make sure that only one bot instance is running
2025-12-12 19:28:11,404 INFO HTTP Request: POST https://api.telegram.org/bot8428323516:AAElzjmSPfUeCoTGKbm7wnDLSZ5ek1-6Gvc/getUpdates "HTTP/1.1 409 Conflict"
2025-12-12 19:28:11,406 ERROR No error handlers are registered, logging exception.
Traceback (most recent call last):
  File "C:\Users\OurPresent\Downloads\Maestría BD\Proyecto Final\GmailPointsWatcher\.venv\Lib\site-packages\telegram\ext\_utils\networkloop.py", line 134, in network_retry_loop
    await do_action()
  File "C:\Users\OurPresent\Downloads\Maestría BD\Proyecto Final\GmailPointsWatcher\.venv\Lib\site-packages\telegram\ext\_utils\networkloop.py", line 127, in do_action
    action_cb_task.result()
    ~~~~~~~~~~~~~~~~~~~~~^^
  File "C:\Users\OurPresent\Downloads\Maestría BD\Proyecto Final\GmailPointsWatcher\.venv\Lib\site-packages\telegram\ext\_updater.py", line 340, in polling_action_cb
    updates = await self.bot.get_updates(
              ^^^^^^^^^^^^^^^^^^^^^^^^^^^
    ...<3 lines>...
    )
    ^
  File "C:\Users\OurPresent\Downloads\Maestría BD\Proyecto Final\GmailPointsWatcher\.venv\Lib\site-packages\telegram\ext\_extbot.py", line 676, in get_updates
    updates = await super().get_updates(
              ^^^^^^^^^^^^^^^^^^^^^^^^^^
    ...<9 lines>...
    )
    ^
  File "C:\Users\OurPresent\Downloads\Maestría BD\Proyecto Final\GmailPointsWatcher\.venv\Lib\site-packages\telegram\_bot.py", line 4780, in get_updates
    await self._post(
    ^^^^^^^^^^^^^^^^^
    ...<7 lines>...
    ),
    ^
  File "C:\Users\OurPresent\Downloads\Maestría BD\Proyecto Final\GmailPointsWatcher\.venv\Lib\site-packages\telegram\_bot.py", line 703, in _post
    return await self._do_post(
           ^^^^^^^^^^^^^^^^^^^^
    ...<6 lines>...
    )
    ^
  File "C:\Users\OurPresent\Downloads\Maestría BD\Proyecto Final\GmailPointsWatcher\.venv\Lib\site-packages\telegram\ext\_extbot.py", line 372, in _do_post
    return await super()._do_post(
           ^^^^^^^^^^^^^^^^^^^^^^^
    ...<6 lines>...
    )
    ^
  File "C:\Users\OurPresent\Downloads\Maestría BD\Proyecto Final\GmailPointsWatcher\.venv\Lib\site-packages\telegram\_bot.py", line 732, in _do_post
    result = await request.post(
             ^^^^^^^^^^^^^^^^^^^
    ...<6 lines>...
    )
    ^
  File "C:\Users\OurPresent\Downloads\Maestría BD\Proyecto Final\GmailPointsWatcher\.venv\Lib\site-packages\telegram\request\_baserequest.py", line 198, in post
    result = await self._request_wrapper(
             ^^^^^^^^^^^^^^^^^^^^^^^^^^^^
    ...<7 lines>...
    )
    ^
  File "C:\Users\OurPresent\Downloads\Maestría BD\Proyecto Final\GmailPointsWatcher\.venv\Lib\site-packages\telegram\request\_baserequest.py", line 375, in _request_wrapper
    raise exception
telegram.error.Conflict: Conflict: terminated by other getUpdates request; make sure that only one bot instance is running
2025-12-12 19:28:18,396 INFO HTTP Request: POST https://api.telegram.org/bot8428323516:AAElzjmSPfUeCoTGKbm7wnDLSZ5ek1-6Gvc/getUpdates "HTTP/1.1 200 OK"
2025-12-12 19:28:28,549 INFO HTTP Request: POST https://api.telegram.org/bot8428323516:AAElzjmSPfUeCoTGKbm7wnDLSZ5ek1-6Gvc/getUpdates "HTTP/1.1 200 OK"
2025-12-12 19:28:38,700 INFO HTTP Request: POST https://api.telegram.org/bot8428323516:AAElzjmSPfUeCoTGKbm7wnDLSZ5ek1-6Gvc/getUpdates "HTTP/1.1 200 OK"
2025-12-12 19:28:41,962 INFO HTTP Request: POST https://api.telegram.org/bot8428323516:AAElzjmSPfUeCoTGKbm7wnDLSZ5ek1-6Gvc/getUpdates "HTTP/1.1 409 Conflict"
2025-12-12 19:28:41,963 ERROR No error handlers are registered, logging exception.
Traceback (most recent call last):
  File "C:\Users\OurPresent\Downloads\Maestría BD\Proyecto Final\GmailPointsWatcher\.venv\Lib\site-packages\telegram\ext\_utils\networkloop.py", line 134, in network_retry_loop
    await do_action()
  File "C:\Users\OurPresent\Downloads\Maestría BD\Proyecto Final\GmailPointsWatcher\.venv\Lib\site-packages\telegram\ext\_utils\networkloop.py", line 127, in do_action
    action_cb_task.result()
    ~~~~~~~~~~~~~~~~~~~~~^^
  File "C:\Users\OurPresent\Downloads\Maestría BD\Proyecto Final\GmailPointsWatcher\.venv\Lib\site-packages\telegram\ext\_updater.py", line 340, in polling_action_cb
    updates = await self.bot.get_updates(
              ^^^^^^^^^^^^^^^^^^^^^^^^^^^
    ...<3 lines>...
    )
    ^
  File "C:\Users\OurPresent\Downloads\Maestría BD\Proyecto Final\GmailPointsWatcher\.venv\Lib\site-packages\telegram\ext\_extbot.py", line 676, in get_updates
    updates = await super().get_updates(
              ^^^^^^^^^^^^^^^^^^^^^^^^^^
    ...<9 lines>...
    )
    ^
  File "C:\Users\OurPresent\Downloads\Maestría BD\Proyecto Final\GmailPointsWatcher\.venv\Lib\site-packages\telegram\_bot.py", line 4780, in get_updates
    await self._post(
    ^^^^^^^^^^^^^^^^^
    ...<7 lines>...
    ),
    ^
  File "C:\Users\OurPresent\Downloads\Maestría BD\Proyecto Final\GmailPointsWatcher\.venv\Lib\site-packages\telegram\_bot.py", line 703, in _post
    return await self._do_post(
           ^^^^^^^^^^^^^^^^^^^^
    ...<6 lines>...
    )
    ^
  File "C:\Users\OurPresent\Downloads\Maestría BD\Proyecto Final\GmailPointsWatcher\.venv\Lib\site-packages\telegram\ext\_extbot.py", line 372, in _do_post
    return await super()._do_post(
           ^^^^^^^^^^^^^^^^^^^^^^^
    ...<6 lines>...
    )
    ^
  File "C:\Users\OurPresent\Downloads\Maestría BD\Proyecto Final\GmailPointsWatcher\.venv\Lib\site-packages\telegram\_bot.py", line 732, in _do_post
    result = await request.post(
             ^^^^^^^^^^^^^^^^^^^
    ...<6 lines>...
    )
    ^
  File "C:\Users\OurPresent\Downloads\Maestría BD\Proyecto Final\GmailPointsWatcher\.venv\Lib\site-packages\telegram\request\_baserequest.py", line 198, in post
    result = await self._request_wrapper(
             ^^^^^^^^^^^^^^^^^^^^^^^^^^^^
    ...<7 lines>...
    )
    ^
  File "C:\Users\OurPresent\Downloads\Maestría BD\Proyecto Final\GmailPointsWatcher\.venv\Lib\site-packages\telegram\request\_baserequest.py", line 375, in _request_wrapper
    raise exception
telegram.error.Conflict: Conflict: terminated by other getUpdates request; make sure that only one bot instance is running
2025-12-12 19:28:46,130 INFO HTTP Request: POST https://api.telegram.org/bot8428323516:AAElzjmSPfUeCoTGKbm7wnDLSZ5ek1-6Gvc/getUpdates "HTTP/1.1 409 Conflict"
2025-12-12 19:28:46,131 ERROR No error handlers are registered, logging exception.
Traceback (most recent call last):
  File "C:\Users\OurPresent\Downloads\Maestría BD\Proyecto Final\GmailPointsWatcher\.venv\Lib\site-packages\telegram\ext\_utils\networkloop.py", line 134, in network_retry_loop
    await do_action()
  File "C:\Users\OurPresent\Downloads\Maestría BD\Proyecto Final\GmailPointsWatcher\.venv\Lib\site-packages\telegram\ext\_utils\networkloop.py", line 127, in do_action
    action_cb_task.result()
    ~~~~~~~~~~~~~~~~~~~~~^^
  File "C:\Users\OurPresent\Downloads\Maestría BD\Proyecto Final\GmailPointsWatcher\.venv\Lib\site-packages\telegram\ext\_updater.py", line 340, in polling_action_cb
    updates = await self.bot.get_updates(
              ^^^^^^^^^^^^^^^^^^^^^^^^^^^
    ...<3 lines>...
    )
    ^
  File "C:\Users\OurPresent\Downloads\Maestría BD\Proyecto Final\GmailPointsWatcher\.venv\Lib\site-packages\telegram\ext\_extbot.py", line 676, in get_updates
    updates = await super().get_updates(
              ^^^^^^^^^^^^^^^^^^^^^^^^^^
    ...<9 lines>...
    )
    ^
  File "C:\Users\OurPresent\Downloads\Maestría BD\Proyecto Final\GmailPointsWatcher\.venv\Lib\site-packages\telegram\_bot.py", line 4780, in get_updates
    await self._post(
    ^^^^^^^^^^^^^^^^^
    ...<7 lines>...
    ),
    ^
  File "C:\Users\OurPresent\Downloads\Maestría BD\Proyecto Final\GmailPointsWatcher\.venv\Lib\site-packages\telegram\_bot.py", line 703, in _post
    return await self._do_post(
           ^^^^^^^^^^^^^^^^^^^^
    ...<6 lines>...
    )
    ^
  File "C:\Users\OurPresent\Downloads\Maestría BD\Proyecto Final\GmailPointsWatcher\.venv\Lib\site-packages\telegram\ext\_extbot.py", line 372, in _do_post
    return await super()._do_post(
           ^^^^^^^^^^^^^^^^^^^^^^^
    ...<6 lines>...
    )
    ^
  File "C:\Users\OurPresent\Downloads\Maestría BD\Proyecto Final\GmailPointsWatcher\.venv\Lib\site-packages\telegram\_bot.py", line 732, in _do_post
    result = await request.post(
             ^^^^^^^^^^^^^^^^^^^
    ...<6 lines>...
    )
    ^
  File "C:\Users\OurPresent\Downloads\Maestría BD\Proyecto Final\GmailPointsWatcher\.venv\Lib\site-packages\telegram\request\_baserequest.py", line 198, in post
    result = await self._request_wrapper(
             ^^^^^^^^^^^^^^^^^^^^^^^^^^^^
    ...<7 lines>...
    )
    ^
  File "C:\Users\OurPresent\Downloads\Maestría BD\Proyecto Final\GmailPointsWatcher\.venv\Lib\site-packages\telegram\request\_baserequest.py", line 375, in _request_wrapper
    raise exception
telegram.error.Conflict: Conflict: terminated by other getUpdates request; make sure that only one bot instance is running
2025-12-12 19:28:48,327 INFO Running job "_email_job (trigger: interval[0:01:00], next run at: 2025-12-13 00:29:48 UTC)" (scheduled at 2025-12-13 00:28:48.319770+00:00)
2025-12-12 19:28:48,754 INFO Running job "_email_job (trigger: interval[0:01:00], next run at: 2025-12-13 00:29:48 UTC)" (scheduled at 2025-12-13 00:28:48.746944+00:00)
2025-12-12 19:28:49,037 INFO Job "_email_job (trigger: interval[0:01:00], next run at: 2025-12-13 00:29:48 UTC)" executed successfully
2025-12-12 19:28:49,348 INFO Job "_email_job (trigger: interval[0:01:00], next run at: 2025-12-13 00:29:48 UTC)" executed successfully
2025-12-12 19:28:53,125 INFO HTTP Request: POST https://api.telegram.org/bot8428323516:AAElzjmSPfUeCoTGKbm7wnDLSZ5ek1-6Gvc/getUpdates "HTTP/1.1 200 OK"
2025-12-12 19:29:03,278 INFO HTTP Request: POST https://api.telegram.org/bot8428323516:AAElzjmSPfUeCoTGKbm7wnDLSZ5ek1-6Gvc/getUpdates "HTTP/1.1 200 OK"
2025-12-12 19:29:13,429 INFO HTTP Request: POST https://api.telegram.org/bot8428323516:AAElzjmSPfUeCoTGKbm7wnDLSZ5ek1-6Gvc/getUpdates "HTTP/1.1 200 OK"
2025-12-12 19:29:16,609 INFO HTTP Request: POST https://api.telegram.org/bot8428323516:AAElzjmSPfUeCoTGKbm7wnDLSZ5ek1-6Gvc/getUpdates "HTTP/1.1 409 Conflict"
2025-12-12 19:29:16,611 ERROR No error handlers are registered, logging exception.
Traceback (most recent call last):
  File "C:\Users\OurPresent\Downloads\Maestría BD\Proyecto Final\GmailPointsWatcher\.venv\Lib\site-packages\telegram\ext\_utils\networkloop.py", line 134, in network_retry_loop
    await do_action()
  File "C:\Users\OurPresent\Downloads\Maestría BD\Proyecto Final\GmailPointsWatcher\.venv\Lib\site-packages\telegram\ext\_utils\networkloop.py", line 127, in do_action
    action_cb_task.result()
    ~~~~~~~~~~~~~~~~~~~~~^^
  File "C:\Users\OurPresent\Downloads\Maestría BD\Proyecto Final\GmailPointsWatcher\.venv\Lib\site-packages\telegram\ext\_updater.py", line 340, in polling_action_cb
    updates = await self.bot.get_updates(
              ^^^^^^^^^^^^^^^^^^^^^^^^^^^
    ...<3 lines>...
    )
    ^
  File "C:\Users\OurPresent\Downloads\Maestría BD\Proyecto Final\GmailPointsWatcher\.venv\Lib\site-packages\telegram\ext\_extbot.py", line 676, in get_updates
    updates = await super().get_updates(
              ^^^^^^^^^^^^^^^^^^^^^^^^^^
    ...<9 lines>...
    )
    ^
  File "C:\Users\OurPresent\Downloads\Maestría BD\Proyecto Final\GmailPointsWatcher\.venv\Lib\site-packages\telegram\_bot.py", line 4780, in get_updates
    await self._post(
    ^^^^^^^^^^^^^^^^^
    ...<7 lines>...
    ),
    ^
  File "C:\Users\OurPresent\Downloads\Maestría BD\Proyecto Final\GmailPointsWatcher\.venv\Lib\site-packages\telegram\_bot.py", line 703, in _post
    return await self._do_post(
           ^^^^^^^^^^^^^^^^^^^^
    ...<6 lines>...
    )
    ^
  File "C:\Users\OurPresent\Downloads\Maestría BD\Proyecto Final\GmailPointsWatcher\.venv\Lib\site-packages\telegram\ext\_extbot.py", line 372, in _do_post
    return await super()._do_post(
           ^^^^^^^^^^^^^^^^^^^^^^^
    ...<6 lines>...
    )
    ^
  File "C:\Users\OurPresent\Downloads\Maestría BD\Proyecto Final\GmailPointsWatcher\.venv\Lib\site-packages\telegram\_bot.py", line 732, in _do_post
    result = await request.post(
             ^^^^^^^^^^^^^^^^^^^
    ...<6 lines>...
    )
    ^
  File "C:\Users\OurPresent\Downloads\Maestría BD\Proyecto Final\GmailPointsWatcher\.venv\Lib\site-packages\telegram\request\_baserequest.py", line 198, in post
    result = await self._request_wrapper(
             ^^^^^^^^^^^^^^^^^^^^^^^^^^^^
    ...<7 lines>...
    )
    ^
  File "C:\Users\OurPresent\Downloads\Maestría BD\Proyecto Final\GmailPointsWatcher\.venv\Lib\site-packages\telegram\request\_baserequest.py", line 375, in _request_wrapper
    raise exception
telegram.error.Conflict: Conflict: terminated by other getUpdates request; make sure that only one bot instance is running
2025-12-12 19:29:20,772 INFO HTTP Request: POST https://api.telegram.org/bot8428323516:AAElzjmSPfUeCoTGKbm7wnDLSZ5ek1-6Gvc/getUpdates "HTTP/1.1 409 Conflict"
2025-12-12 19:29:20,773 ERROR No error handlers are registered, logging exception.
Traceback (most recent call last):
  File "C:\Users\OurPresent\Downloads\Maestría BD\Proyecto Final\GmailPointsWatcher\.venv\Lib\site-packages\telegram\ext\_utils\networkloop.py", line 134, in network_retry_loop
    await do_action()
  File "C:\Users\OurPresent\Downloads\Maestría BD\Proyecto Final\GmailPointsWatcher\.venv\Lib\site-packages\telegram\ext\_utils\networkloop.py", line 127, in do_action
    action_cb_task.result()
    ~~~~~~~~~~~~~~~~~~~~~^^
  File "C:\Users\OurPresent\Downloads\Maestría BD\Proyecto Final\GmailPointsWatcher\.venv\Lib\site-packages\telegram\ext\_updater.py", line 340, in polling_action_cb
    updates = await self.bot.get_updates(
              ^^^^^^^^^^^^^^^^^^^^^^^^^^^
    ...<3 lines>...
    )
    ^
  File "C:\Users\OurPresent\Downloads\Maestría BD\Proyecto Final\GmailPointsWatcher\.venv\Lib\site-packages\telegram\ext\_extbot.py", line 676, in get_updates
    updates = await super().get_updates(
              ^^^^^^^^^^^^^^^^^^^^^^^^^^
    ...<9 lines>...
    )
    ^
  File "C:\Users\OurPresent\Downloads\Maestría BD\Proyecto Final\GmailPointsWatcher\.venv\Lib\site-packages\telegram\_bot.py", line 4780, in get_updates
    await self._post(
    ^^^^^^^^^^^^^^^^^
    ...<7 lines>...
    ),
    ^
  File "C:\Users\OurPresent\Downloads\Maestría BD\Proyecto Final\GmailPointsWatcher\.venv\Lib\site-packages\telegram\_bot.py", line 703, in _post
    return await self._do_post(
           ^^^^^^^^^^^^^^^^^^^^
    ...<6 lines>...
    )
    ^
  File "C:\Users\OurPresent\Downloads\Maestría BD\Proyecto Final\GmailPointsWatcher\.venv\Lib\site-packages\telegram\ext\_extbot.py", line 372, in _do_post
    return await super()._do_post(
           ^^^^^^^^^^^^^^^^^^^^^^^
    ...<6 lines>...
    )
    ^
  File "C:\Users\OurPresent\Downloads\Maestría BD\Proyecto Final\GmailPointsWatcher\.venv\Lib\site-packages\telegram\_bot.py", line 732, in _do_post
    result = await request.post(
             ^^^^^^^^^^^^^^^^^^^
    ...<6 lines>...
    )
    ^
  File "C:\Users\OurPresent\Downloads\Maestría BD\Proyecto Final\GmailPointsWatcher\.venv\Lib\site-packages\telegram\request\_baserequest.py", line 198, in post
    result = await self._request_wrapper(
             ^^^^^^^^^^^^^^^^^^^^^^^^^^^^
    ...<7 lines>...
    )
    ^
  File "C:\Users\OurPresent\Downloads\Maestría BD\Proyecto Final\GmailPointsWatcher\.venv\Lib\site-packages\telegram\request\_baserequest.py", line 375, in _request_wrapper
    raise exception
telegram.error.Conflict: Conflict: terminated by other getUpdates request; make sure that only one bot instance is running
2025-12-12 19:29:27,775 INFO HTTP Request: POST https://api.telegram.org/bot8428323516:AAElzjmSPfUeCoTGKbm7wnDLSZ5ek1-6Gvc/getUpdates "HTTP/1.1 200 OK"
2025-12-12 19:29:37,926 INFO HTTP Request: POST https://api.telegram.org/bot8428323516:AAElzjmSPfUeCoTGKbm7wnDLSZ5ek1-6Gvc/getUpdates "HTTP/1.1 200 OK"
2025-12-12 19:29:48,082 INFO HTTP Request: POST https://api.telegram.org/bot8428323516:AAElzjmSPfUeCoTGKbm7wnDLSZ5ek1-6Gvc/getUpdates "HTTP/1.1 200 OK"
2025-12-12 19:29:48,320 INFO Running job "_email_job (trigger: interval[0:01:00], next run at: 2025-12-13 00:30:48 UTC)" (scheduled at 2025-12-13 00:29:48.319770+00:00)
2025-12-12 19:29:48,760 INFO Running job "_email_job (trigger: interval[0:01:00], next run at: 2025-12-13 00:30:48 UTC)" (scheduled at 2025-12-13 00:29:48.746944+00:00)
2025-12-12 19:29:48,911 INFO Job "_email_job (trigger: interval[0:01:00], next run at: 2025-12-13 00:30:48 UTC)" executed successfully
2025-12-12 19:29:49,349 INFO Job "_email_job (trigger: interval[0:01:00], next run at: 2025-12-13 00:30:48 UTC)" executed successfully
2025-12-12 19:29:51,331 INFO HTTP Request: POST https://api.telegram.org/bot8428323516:AAElzjmSPfUeCoTGKbm7wnDLSZ5ek1-6Gvc/getUpdates "HTTP/1.1 409 Conflict"
2025-12-12 19:29:51,333 ERROR No error handlers are registered, logging exception.
Traceback (most recent call last):
  File "C:\Users\OurPresent\Downloads\Maestría BD\Proyecto Final\GmailPointsWatcher\.venv\Lib\site-packages\telegram\ext\_utils\networkloop.py", line 134, in network_retry_loop
    await do_action()
  File "C:\Users\OurPresent\Downloads\Maestría BD\Proyecto Final\GmailPointsWatcher\.venv\Lib\site-packages\telegram\ext\_utils\networkloop.py", line 127, in do_action
    action_cb_task.result()
    ~~~~~~~~~~~~~~~~~~~~~^^
  File "C:\Users\OurPresent\Downloads\Maestría BD\Proyecto Final\GmailPointsWatcher\.venv\Lib\site-packages\telegram\ext\_updater.py", line 340, in polling_action_cb
    updates = await self.bot.get_updates(
              ^^^^^^^^^^^^^^^^^^^^^^^^^^^
    ...<3 lines>...
    )
    ^
  File "C:\Users\OurPresent\Downloads\Maestría BD\Proyecto Final\GmailPointsWatcher\.venv\Lib\site-packages\telegram\ext\_extbot.py", line 676, in get_updates
    updates = await super().get_updates(
              ^^^^^^^^^^^^^^^^^^^^^^^^^^
    ...<9 lines>...
    )
    ^
  File "C:\Users\OurPresent\Downloads\Maestría BD\Proyecto Final\GmailPointsWatcher\.venv\Lib\site-packages\telegram\_bot.py", line 4780, in get_updates
    await self._post(
    ^^^^^^^^^^^^^^^^^
    ...<7 lines>...
    ),
    ^
  File "C:\Users\OurPresent\Downloads\Maestría BD\Proyecto Final\GmailPointsWatcher\.venv\Lib\site-packages\telegram\_bot.py", line 703, in _post
    return await self._do_post(
           ^^^^^^^^^^^^^^^^^^^^
    ...<6 lines>...
    )
    ^
  File "C:\Users\OurPresent\Downloads\Maestría BD\Proyecto Final\GmailPointsWatcher\.venv\Lib\site-packages\telegram\ext\_extbot.py", line 372, in _do_post
    return await super()._do_post(
           ^^^^^^^^^^^^^^^^^^^^^^^
    ...<6 lines>...
    )
    ^
  File "C:\Users\OurPresent\Downloads\Maestría BD\Proyecto Final\GmailPointsWatcher\.venv\Lib\site-packages\telegram\_bot.py", line 732, in _do_post
    result = await request.post(
             ^^^^^^^^^^^^^^^^^^^
    ...<6 lines>...
    )
    ^
  File "C:\Users\OurPresent\Downloads\Maestría BD\Proyecto Final\GmailPointsWatcher\.venv\Lib\site-packages\telegram\request\_baserequest.py", line 198, in post
    result = await self._request_wrapper(
             ^^^^^^^^^^^^^^^^^^^^^^^^^^^^
    ...<7 lines>...
    )
    ^
  File "C:\Users\OurPresent\Downloads\Maestría BD\Proyecto Final\GmailPointsWatcher\.venv\Lib\site-packages\telegram\request\_baserequest.py", line 375, in _request_wrapper
    raise exception
telegram.error.Conflict: Conflict: terminated by other getUpdates request; make sure that only one bot instance is running
2025-12-12 19:29:55,498 INFO HTTP Request: POST https://api.telegram.org/bot8428323516:AAElzjmSPfUeCoTGKbm7wnDLSZ5ek1-6Gvc/getUpdates "HTTP/1.1 409 Conflict"
2025-12-12 19:29:55,499 ERROR No error handlers are registered, logging exception.
Traceback (most recent call last):
  File "C:\Users\OurPresent\Downloads\Maestría BD\Proyecto Final\GmailPointsWatcher\.venv\Lib\site-packages\telegram\ext\_utils\networkloop.py", line 134, in network_retry_loop
    await do_action()
  File "C:\Users\OurPresent\Downloads\Maestría BD\Proyecto Final\GmailPointsWatcher\.venv\Lib\site-packages\telegram\ext\_utils\networkloop.py", line 127, in do_action
    action_cb_task.result()
    ~~~~~~~~~~~~~~~~~~~~~^^
  File "C:\Users\OurPresent\Downloads\Maestría BD\Proyecto Final\GmailPointsWatcher\.venv\Lib\site-packages\telegram\ext\_updater.py", line 340, in polling_action_cb
    updates = await self.bot.get_updates(
              ^^^^^^^^^^^^^^^^^^^^^^^^^^^
    ...<3 lines>...
    )
    ^
  File "C:\Users\OurPresent\Downloads\Maestría BD\Proyecto Final\GmailPointsWatcher\.venv\Lib\site-packages\telegram\ext\_extbot.py", line 676, in get_updates
    updates = await super().get_updates(
              ^^^^^^^^^^^^^^^^^^^^^^^^^^
    ...<9 lines>...
    )
    ^
  File "C:\Users\OurPresent\Downloads\Maestría BD\Proyecto Final\GmailPointsWatcher\.venv\Lib\site-packages\telegram\_bot.py", line 4780, in get_updates
    await self._post(
    ^^^^^^^^^^^^^^^^^
    ...<7 lines>...
    ),
    ^
  File "C:\Users\OurPresent\Downloads\Maestría BD\Proyecto Final\GmailPointsWatcher\.venv\Lib\site-packages\telegram\_bot.py", line 703, in _post
    return await self._do_post(
           ^^^^^^^^^^^^^^^^^^^^
    ...<6 lines>...
    )
    ^
  File "C:\Users\OurPresent\Downloads\Maestría BD\Proyecto Final\GmailPointsWatcher\.venv\Lib\site-packages\telegram\ext\_extbot.py", line 372, in _do_post
    return await super()._do_post(
           ^^^^^^^^^^^^^^^^^^^^^^^
    ...<6 lines>...
    )
    ^
  File "C:\Users\OurPresent\Downloads\Maestría BD\Proyecto Final\GmailPointsWatcher\.venv\Lib\site-packages\telegram\_bot.py", line 732, in _do_post
    result = await request.post(
             ^^^^^^^^^^^^^^^^^^^
    ...<6 lines>...
    )
    ^
  File "C:\Users\OurPresent\Downloads\Maestría BD\Proyecto Final\GmailPointsWatcher\.venv\Lib\site-packages\telegram\request\_baserequest.py", line 198, in post
    result = await self._request_wrapper(
             ^^^^^^^^^^^^^^^^^^^^^^^^^^^^
    ...<7 lines>...
    )
    ^
  File "C:\Users\OurPresent\Downloads\Maestría BD\Proyecto Final\GmailPointsWatcher\.venv\Lib\site-packages\telegram\request\_baserequest.py", line 375, in _request_wrapper
    raise exception
telegram.error.Conflict: Conflict: terminated by other getUpdates request; make sure that only one bot instance is running
2025-12-12 19:30:02,499 INFO HTTP Request: POST https://api.telegram.org/bot8428323516:AAElzjmSPfUeCoTGKbm7wnDLSZ5ek1-6Gvc/getUpdates "HTTP/1.1 200 OK"
2025-12-12 19:30:12,654 INFO HTTP Request: POST https://api.telegram.org/bot8428323516:AAElzjmSPfUeCoTGKbm7wnDLSZ5ek1-6Gvc/getUpdates "HTTP/1.1 200 OK"
2025-12-12 19:30:22,810 INFO HTTP Request: POST https://api.telegram.org/bot8428323516:AAElzjmSPfUeCoTGKbm7wnDLSZ5ek1-6Gvc/getUpdates "HTTP/1.1 200 OK"
2025-12-12 19:30:26,039 INFO HTTP Request: POST https://api.telegram.org/bot8428323516:AAElzjmSPfUeCoTGKbm7wnDLSZ5ek1-6Gvc/getUpdates "HTTP/1.1 409 Conflict"
2025-12-12 19:30:26,041 ERROR No error handlers are registered, logging exception.
Traceback (most recent call last):
  File "C:\Users\OurPresent\Downloads\Maestría BD\Proyecto Final\GmailPointsWatcher\.venv\Lib\site-packages\telegram\ext\_utils\networkloop.py", line 134, in network_retry_loop
    await do_action()
  File "C:\Users\OurPresent\Downloads\Maestría BD\Proyecto Final\GmailPointsWatcher\.venv\Lib\site-packages\telegram\ext\_utils\networkloop.py", line 127, in do_action
    action_cb_task.result()
    ~~~~~~~~~~~~~~~~~~~~~^^
  File "C:\Users\OurPresent\Downloads\Maestría BD\Proyecto Final\GmailPointsWatcher\.venv\Lib\site-packages\telegram\ext\_updater.py", line 340, in polling_action_cb
    updates = await self.bot.get_updates(
              ^^^^^^^^^^^^^^^^^^^^^^^^^^^
    ...<3 lines>...
    )
    ^
  File "C:\Users\OurPresent\Downloads\Maestría BD\Proyecto Final\GmailPointsWatcher\.venv\Lib\site-packages\telegram\ext\_extbot.py", line 676, in get_updates
    updates = await super().get_updates(
              ^^^^^^^^^^^^^^^^^^^^^^^^^^
    ...<9 lines>...
    )
    ^
  File "C:\Users\OurPresent\Downloads\Maestría BD\Proyecto Final\GmailPointsWatcher\.venv\Lib\site-packages\telegram\_bot.py", line 4780, in get_updates
    await self._post(
    ^^^^^^^^^^^^^^^^^
    ...<7 lines>...
    ),
    ^
  File "C:\Users\OurPresent\Downloads\Maestría BD\Proyecto Final\GmailPointsWatcher\.venv\Lib\site-packages\telegram\_bot.py", line 703, in _post
    return await self._do_post(
           ^^^^^^^^^^^^^^^^^^^^
    ...<6 lines>...
    )
    ^
  File "C:\Users\OurPresent\Downloads\Maestría BD\Proyecto Final\GmailPointsWatcher\.venv\Lib\site-packages\telegram\ext\_extbot.py", line 372, in _do_post
    return await super()._do_post(
           ^^^^^^^^^^^^^^^^^^^^^^^
    ...<6 lines>...
    )
    ^
  File "C:\Users\OurPresent\Downloads\Maestría BD\Proyecto Final\GmailPointsWatcher\.venv\Lib\site-packages\telegram\_bot.py", line 732, in _do_post
    result = await request.post(
             ^^^^^^^^^^^^^^^^^^^
    ...<6 lines>...
    )
    ^
  File "C:\Users\OurPresent\Downloads\Maestría BD\Proyecto Final\GmailPointsWatcher\.venv\Lib\site-packages\telegram\request\_baserequest.py", line 198, in post
    result = await self._request_wrapper(
             ^^^^^^^^^^^^^^^^^^^^^^^^^^^^
    ...<7 lines>...
    )
    ^
  File "C:\Users\OurPresent\Downloads\Maestría BD\Proyecto Final\GmailPointsWatcher\.venv\Lib\site-packages\telegram\request\_baserequest.py", line 375, in _request_wrapper
    raise exception
telegram.error.Conflict: Conflict: terminated by other getUpdates request; make sure that only one bot instance is running
2025-12-12 19:30:30,193 INFO HTTP Request: POST https://api.telegram.org/bot8428323516:AAElzjmSPfUeCoTGKbm7wnDLSZ5ek1-6Gvc/getUpdates "HTTP/1.1 409 Conflict"
2025-12-12 19:30:30,194 ERROR No error handlers are registered, logging exception.
Traceback (most recent call last):
  File "C:\Users\OurPresent\Downloads\Maestría BD\Proyecto Final\GmailPointsWatcher\.venv\Lib\site-packages\telegram\ext\_utils\networkloop.py", line 134, in network_retry_loop
    await do_action()
  File "C:\Users\OurPresent\Downloads\Maestría BD\Proyecto Final\GmailPointsWatcher\.venv\Lib\site-packages\telegram\ext\_utils\networkloop.py", line 127, in do_action
    action_cb_task.result()
    ~~~~~~~~~~~~~~~~~~~~~^^
  File "C:\Users\OurPresent\Downloads\Maestría BD\Proyecto Final\GmailPointsWatcher\.venv\Lib\site-packages\telegram\ext\_updater.py", line 340, in polling_action_cb
    updates = await self.bot.get_updates(
              ^^^^^^^^^^^^^^^^^^^^^^^^^^^
    ...<3 lines>...
    )
    ^
  File "C:\Users\OurPresent\Downloads\Maestría BD\Proyecto Final\GmailPointsWatcher\.venv\Lib\site-packages\telegram\ext\_extbot.py", line 676, in get_updates
    updates = await super().get_updates(
              ^^^^^^^^^^^^^^^^^^^^^^^^^^
    ...<9 lines>...
    )
    ^
  File "C:\Users\OurPresent\Downloads\Maestría BD\Proyecto Final\GmailPointsWatcher\.venv\Lib\site-packages\telegram\_bot.py", line 4780, in get_updates
    await self._post(
    ^^^^^^^^^^^^^^^^^
    ...<7 lines>...
    ),
    ^
  File "C:\Users\OurPresent\Downloads\Maestría BD\Proyecto Final\GmailPointsWatcher\.venv\Lib\site-packages\telegram\_bot.py", line 703, in _post
    return await self._do_post(
           ^^^^^^^^^^^^^^^^^^^^
    ...<6 lines>...
    )
    ^
  File "C:\Users\OurPresent\Downloads\Maestría BD\Proyecto Final\GmailPointsWatcher\.venv\Lib\site-packages\telegram\ext\_extbot.py", line 372, in _do_post
    return await super()._do_post(
           ^^^^^^^^^^^^^^^^^^^^^^^
    ...<6 lines>...
    )
    ^
  File "C:\Users\OurPresent\Downloads\Maestría BD\Proyecto Final\GmailPointsWatcher\.venv\Lib\site-packages\telegram\_bot.py", line 732, in _do_post
    result = await request.post(
             ^^^^^^^^^^^^^^^^^^^
    ...<6 lines>...
    )
    ^
  File "C:\Users\OurPresent\Downloads\Maestría BD\Proyecto Final\GmailPointsWatcher\.venv\Lib\site-packages\telegram\request\_baserequest.py", line 198, in post
    result = await self._request_wrapper(
             ^^^^^^^^^^^^^^^^^^^^^^^^^^^^
    ...<7 lines>...
    )
    ^
  File "C:\Users\OurPresent\Downloads\Maestría BD\Proyecto Final\GmailPointsWatcher\.venv\Lib\site-packages\telegram\request\_baserequest.py", line 375, in _request_wrapper
    raise exception
telegram.error.Conflict: Conflict: terminated by other getUpdates request; make sure that only one bot instance is running
2025-12-12 19:30:37,195 INFO HTTP Request: POST https://api.telegram.org/bot8428323516:AAElzjmSPfUeCoTGKbm7wnDLSZ5ek1-6Gvc/getUpdates "HTTP/1.1 200 OK"
2025-12-12 19:30:47,347 INFO HTTP Request: POST https://api.telegram.org/bot8428323516:AAElzjmSPfUeCoTGKbm7wnDLSZ5ek1-6Gvc/getUpdates "HTTP/1.1 200 OK"
2025-12-12 19:30:48,322 INFO Running job "_email_job (trigger: interval[0:01:00], next run at: 2025-12-13 00:31:48 UTC)" (scheduled at 2025-12-13 00:30:48.319770+00:00)
2025-12-12 19:30:48,747 INFO Running job "_email_job (trigger: interval[0:01:00], next run at: 2025-12-13 00:31:48 UTC)" (scheduled at 2025-12-13 00:30:48.746944+00:00)
2025-12-12 19:30:49,097 INFO Job "_email_job (trigger: interval[0:01:00], next run at: 2025-12-13 00:31:48 UTC)" executed successfully
2025-12-12 19:30:49,465 INFO Job "_email_job (trigger: interval[0:01:00], next run at: 2025-12-13 00:31:48 UTC)" executed successfully
2025-12-12 19:30:57,501 INFO HTTP Request: POST https://api.telegram.org/bot8428323516:AAElzjmSPfUeCoTGKbm7wnDLSZ5ek1-6Gvc/getUpdates "HTTP/1.1 200 OK"
2025-12-12 19:31:00,777 INFO HTTP Request: POST https://api.telegram.org/bot8428323516:AAElzjmSPfUeCoTGKbm7wnDLSZ5ek1-6Gvc/getUpdates "HTTP/1.1 409 Conflict"
2025-12-12 19:31:00,778 ERROR No error handlers are registered, logging exception.
Traceback (most recent call last):
  File "C:\Users\OurPresent\Downloads\Maestría BD\Proyecto Final\GmailPointsWatcher\.venv\Lib\site-packages\telegram\ext\_utils\networkloop.py", line 134, in network_retry_loop
    await do_action()
  File "C:\Users\OurPresent\Downloads\Maestría BD\Proyecto Final\GmailPointsWatcher\.venv\Lib\site-packages\telegram\ext\_utils\networkloop.py", line 127, in do_action
    action_cb_task.result()
    ~~~~~~~~~~~~~~~~~~~~~^^
  File "C:\Users\OurPresent\Downloads\Maestría BD\Proyecto Final\GmailPointsWatcher\.venv\Lib\site-packages\telegram\ext\_updater.py", line 340, in polling_action_cb
    updates = await self.bot.get_updates(
              ^^^^^^^^^^^^^^^^^^^^^^^^^^^
    ...<3 lines>...
    )
    ^
  File "C:\Users\OurPresent\Downloads\Maestría BD\Proyecto Final\GmailPointsWatcher\.venv\Lib\site-packages\telegram\ext\_extbot.py", line 676, in get_updates
    updates = await super().get_updates(
              ^^^^^^^^^^^^^^^^^^^^^^^^^^
    ...<9 lines>...
    )
    ^
  File "C:\Users\OurPresent\Downloads\Maestría BD\Proyecto Final\GmailPointsWatcher\.venv\Lib\site-packages\telegram\_bot.py", line 4780, in get_updates
    await self._post(
    ^^^^^^^^^^^^^^^^^
    ...<7 lines>...
    ),
    ^
  File "C:\Users\OurPresent\Downloads\Maestría BD\Proyecto Final\GmailPointsWatcher\.venv\Lib\site-packages\telegram\_bot.py", line 703, in _post
    return await self._do_post(
           ^^^^^^^^^^^^^^^^^^^^
    ...<6 lines>...
    )
    ^
  File "C:\Users\OurPresent\Downloads\Maestría BD\Proyecto Final\GmailPointsWatcher\.venv\Lib\site-packages\telegram\ext\_extbot.py", line 372, in _do_post
    return await super()._do_post(
           ^^^^^^^^^^^^^^^^^^^^^^^
    ...<6 lines>...
    )
    ^
  File "C:\Users\OurPresent\Downloads\Maestría BD\Proyecto Final\GmailPointsWatcher\.venv\Lib\site-packages\telegram\_bot.py", line 732, in _do_post
    result = await request.post(
             ^^^^^^^^^^^^^^^^^^^
    ...<6 lines>...
    )
    ^
  File "C:\Users\OurPresent\Downloads\Maestría BD\Proyecto Final\GmailPointsWatcher\.venv\Lib\site-packages\telegram\request\_baserequest.py", line 198, in post
    result = await self._request_wrapper(
             ^^^^^^^^^^^^^^^^^^^^^^^^^^^^
    ...<7 lines>...
    )
    ^
  File "C:\Users\OurPresent\Downloads\Maestría BD\Proyecto Final\GmailPointsWatcher\.venv\Lib\site-packages\telegram\request\_baserequest.py", line 375, in _request_wrapper
    raise exception
telegram.error.Conflict: Conflict: terminated by other getUpdates request; make sure that only one bot instance is running
2025-12-12 19:31:04,934 INFO HTTP Request: POST https://api.telegram.org/bot8428323516:AAElzjmSPfUeCoTGKbm7wnDLSZ5ek1-6Gvc/getUpdates "HTTP/1.1 409 Conflict"
2025-12-12 19:31:04,935 ERROR No error handlers are registered, logging exception.
Traceback (most recent call last):
  File "C:\Users\OurPresent\Downloads\Maestría BD\Proyecto Final\GmailPointsWatcher\.venv\Lib\site-packages\telegram\ext\_utils\networkloop.py", line 134, in network_retry_loop
    await do_action()
  File "C:\Users\OurPresent\Downloads\Maestría BD\Proyecto Final\GmailPointsWatcher\.venv\Lib\site-packages\telegram\ext\_utils\networkloop.py", line 127, in do_action
    action_cb_task.result()
    ~~~~~~~~~~~~~~~~~~~~~^^
  File "C:\Users\OurPresent\Downloads\Maestría BD\Proyecto Final\GmailPointsWatcher\.venv\Lib\site-packages\telegram\ext\_updater.py", line 340, in polling_action_cb
    updates = await self.bot.get_updates(
              ^^^^^^^^^^^^^^^^^^^^^^^^^^^
    ...<3 lines>...
    )
    ^
  File "C:\Users\OurPresent\Downloads\Maestría BD\Proyecto Final\GmailPointsWatcher\.venv\Lib\site-packages\telegram\ext\_extbot.py", line 676, in get_updates
    updates = await super().get_updates(
              ^^^^^^^^^^^^^^^^^^^^^^^^^^
    ...<9 lines>...
    )
    ^
  File "C:\Users\OurPresent\Downloads\Maestría BD\Proyecto Final\GmailPointsWatcher\.venv\Lib\site-packages\telegram\_bot.py", line 4780, in get_updates
    await self._post(
    ^^^^^^^^^^^^^^^^^
    ...<7 lines>...
    ),
    ^
  File "C:\Users\OurPresent\Downloads\Maestría BD\Proyecto Final\GmailPointsWatcher\.venv\Lib\site-packages\telegram\_bot.py", line 703, in _post
    return await self._do_post(
           ^^^^^^^^^^^^^^^^^^^^
    ...<6 lines>...
    )
    ^
  File "C:\Users\OurPresent\Downloads\Maestría BD\Proyecto Final\GmailPointsWatcher\.venv\Lib\site-packages\telegram\ext\_extbot.py", line 372, in _do_post
    return await super()._do_post(
           ^^^^^^^^^^^^^^^^^^^^^^^
    ...<6 lines>...
    )
    ^
  File "C:\Users\OurPresent\Downloads\Maestría BD\Proyecto Final\GmailPointsWatcher\.venv\Lib\site-packages\telegram\_bot.py", line 732, in _do_post
    result = await request.post(
             ^^^^^^^^^^^^^^^^^^^
    ...<6 lines>...
    )
    ^
  File "C:\Users\OurPresent\Downloads\Maestría BD\Proyecto Final\GmailPointsWatcher\.venv\Lib\site-packages\telegram\request\_baserequest.py", line 198, in post
    result = await self._request_wrapper(
             ^^^^^^^^^^^^^^^^^^^^^^^^^^^^
    ...<7 lines>...
    )
    ^
  File "C:\Users\OurPresent\Downloads\Maestría BD\Proyecto Final\GmailPointsWatcher\.venv\Lib\site-packages\telegram\request\_baserequest.py", line 375, in _request_wrapper
    raise exception
telegram.error.Conflict: Conflict: terminated by other getUpdates request; make sure that only one bot instance is running
2025-12-12 19:31:11,932 INFO HTTP Request: POST https://api.telegram.org/bot8428323516:AAElzjmSPfUeCoTGKbm7wnDLSZ5ek1-6Gvc/getUpdates "HTTP/1.1 200 OK"
2025-12-12 19:31:22,087 INFO HTTP Request: POST https://api.telegram.org/bot8428323516:AAElzjmSPfUeCoTGKbm7wnDLSZ5ek1-6Gvc/getUpdates "HTTP/1.1 200 OK"
2025-12-12 19:31:32,238 INFO HTTP Request: POST https://api.telegram.org/bot8428323516:AAElzjmSPfUeCoTGKbm7wnDLSZ5ek1-6Gvc/getUpdates "HTTP/1.1 200 OK"
2025-12-12 19:31:35,398 INFO HTTP Request: POST https://api.telegram.org/bot8428323516:AAElzjmSPfUeCoTGKbm7wnDLSZ5ek1-6Gvc/getUpdates "HTTP/1.1 409 Conflict"
2025-12-12 19:31:35,399 ERROR No error handlers are registered, logging exception.
Traceback (most recent call last):
  File "C:\Users\OurPresent\Downloads\Maestría BD\Proyecto Final\GmailPointsWatcher\.venv\Lib\site-packages\telegram\ext\_utils\networkloop.py", line 134, in network_retry_loop
    await do_action()
  File "C:\Users\OurPresent\Downloads\Maestría BD\Proyecto Final\GmailPointsWatcher\.venv\Lib\site-packages\telegram\ext\_utils\networkloop.py", line 127, in do_action
    action_cb_task.result()
    ~~~~~~~~~~~~~~~~~~~~~^^
  File "C:\Users\OurPresent\Downloads\Maestría BD\Proyecto Final\GmailPointsWatcher\.venv\Lib\site-packages\telegram\ext\_updater.py", line 340, in polling_action_cb
    updates = await self.bot.get_updates(
              ^^^^^^^^^^^^^^^^^^^^^^^^^^^
    ...<3 lines>...
    )
    ^
  File "C:\Users\OurPresent\Downloads\Maestría BD\Proyecto Final\GmailPointsWatcher\.venv\Lib\site-packages\telegram\ext\_extbot.py", line 676, in get_updates
    updates = await super().get_updates(
              ^^^^^^^^^^^^^^^^^^^^^^^^^^
    ...<9 lines>...
    )
    ^
  File "C:\Users\OurPresent\Downloads\Maestría BD\Proyecto Final\GmailPointsWatcher\.venv\Lib\site-packages\telegram\_bot.py", line 4780, in get_updates
    await self._post(
    ^^^^^^^^^^^^^^^^^
    ...<7 lines>...
    ),
    ^
  File "C:\Users\OurPresent\Downloads\Maestría BD\Proyecto Final\GmailPointsWatcher\.venv\Lib\site-packages\telegram\_bot.py", line 703, in _post
    return await self._do_post(
           ^^^^^^^^^^^^^^^^^^^^
    ...<6 lines>...
    )
    ^
  File "C:\Users\OurPresent\Downloads\Maestría BD\Proyecto Final\GmailPointsWatcher\.venv\Lib\site-packages\telegram\ext\_extbot.py", line 372, in _do_post
    return await super()._do_post(
           ^^^^^^^^^^^^^^^^^^^^^^^
    ...<6 lines>...
    )
    ^
  File "C:\Users\OurPresent\Downloads\Maestría BD\Proyecto Final\GmailPointsWatcher\.venv\Lib\site-packages\telegram\_bot.py", line 732, in _do_post
    result = await request.post(
             ^^^^^^^^^^^^^^^^^^^
    ...<6 lines>...
    )
    ^
  File "C:\Users\OurPresent\Downloads\Maestría BD\Proyecto Final\GmailPointsWatcher\.venv\Lib\site-packages\telegram\request\_baserequest.py", line 198, in post
    result = await self._request_wrapper(
             ^^^^^^^^^^^^^^^^^^^^^^^^^^^^
    ...<7 lines>...
    )
    ^
  File "C:\Users\OurPresent\Downloads\Maestría BD\Proyecto Final\GmailPointsWatcher\.venv\Lib\site-packages\telegram\request\_baserequest.py", line 375, in _request_wrapper
    raise exception
telegram.error.Conflict: Conflict: terminated by other getUpdates request; make sure that only one bot instance is running
2025-12-12 19:31:39,562 INFO HTTP Request: POST https://api.telegram.org/bot8428323516:AAElzjmSPfUeCoTGKbm7wnDLSZ5ek1-6Gvc/getUpdates "HTTP/1.1 409 Conflict"
2025-12-12 19:31:39,563 ERROR No error handlers are registered, logging exception.
Traceback (most recent call last):
  File "C:\Users\OurPresent\Downloads\Maestría BD\Proyecto Final\GmailPointsWatcher\.venv\Lib\site-packages\telegram\ext\_utils\networkloop.py", line 134, in network_retry_loop
    await do_action()
  File "C:\Users\OurPresent\Downloads\Maestría BD\Proyecto Final\GmailPointsWatcher\.venv\Lib\site-packages\telegram\ext\_utils\networkloop.py", line 127, in do_action
    action_cb_task.result()
    ~~~~~~~~~~~~~~~~~~~~~^^
  File "C:\Users\OurPresent\Downloads\Maestría BD\Proyecto Final\GmailPointsWatcher\.venv\Lib\site-packages\telegram\ext\_updater.py", line 340, in polling_action_cb
    updates = await self.bot.get_updates(
              ^^^^^^^^^^^^^^^^^^^^^^^^^^^
    ...<3 lines>...
    )
    ^
  File "C:\Users\OurPresent\Downloads\Maestría BD\Proyecto Final\GmailPointsWatcher\.venv\Lib\site-packages\telegram\ext\_extbot.py", line 676, in get_updates
    updates = await super().get_updates(
              ^^^^^^^^^^^^^^^^^^^^^^^^^^
    ...<9 lines>...
    )
    ^
  File "C:\Users\OurPresent\Downloads\Maestría BD\Proyecto Final\GmailPointsWatcher\.venv\Lib\site-packages\telegram\_bot.py", line 4780, in get_updates
    await self._post(
    ^^^^^^^^^^^^^^^^^
    ...<7 lines>...
    ),
    ^
  File "C:\Users\OurPresent\Downloads\Maestría BD\Proyecto Final\GmailPointsWatcher\.venv\Lib\site-packages\telegram\_bot.py", line 703, in _post
    return await self._do_post(
           ^^^^^^^^^^^^^^^^^^^^
    ...<6 lines>...
    )
    ^
  File "C:\Users\OurPresent\Downloads\Maestría BD\Proyecto Final\GmailPointsWatcher\.venv\Lib\site-packages\telegram\ext\_extbot.py", line 372, in _do_post
    return await super()._do_post(
           ^^^^^^^^^^^^^^^^^^^^^^^
    ...<6 lines>...
    )
    ^
  File "C:\Users\OurPresent\Downloads\Maestría BD\Proyecto Final\GmailPointsWatcher\.venv\Lib\site-packages\telegram\_bot.py", line 732, in _do_post
    result = await request.post(
             ^^^^^^^^^^^^^^^^^^^
    ...<6 lines>...
    )
    ^
  File "C:\Users\OurPresent\Downloads\Maestría BD\Proyecto Final\GmailPointsWatcher\.venv\Lib\site-packages\telegram\request\_baserequest.py", line 198, in post
    result = await self._request_wrapper(
             ^^^^^^^^^^^^^^^^^^^^^^^^^^^^
    ...<7 lines>...
    )
    ^
  File "C:\Users\OurPresent\Downloads\Maestría BD\Proyecto Final\GmailPointsWatcher\.venv\Lib\site-packages\telegram\request\_baserequest.py", line 375, in _request_wrapper
    raise exception
telegram.error.Conflict: Conflict: terminated by other getUpdates request; make sure that only one bot instance is running
2025-12-12 19:31:46,562 INFO HTTP Request: POST https://api.telegram.org/bot8428323516:AAElzjmSPfUeCoTGKbm7wnDLSZ5ek1-6Gvc/getUpdates "HTTP/1.1 200 OK"
2025-12-12 19:31:48,330 INFO Running job "_email_job (trigger: interval[0:01:00], next run at: 2025-12-13 00:32:48 UTC)" (scheduled at 2025-12-13 00:31:48.319770+00:00)
2025-12-12 19:31:48,755 INFO Running job "_email_job (trigger: interval[0:01:00], next run at: 2025-12-13 00:32:48 UTC)" (scheduled at 2025-12-13 00:31:48.746944+00:00)
2025-12-12 19:31:48,938 INFO Job "_email_job (trigger: interval[0:01:00], next run at: 2025-12-13 00:32:48 UTC)" executed successfully
2025-12-12 19:31:49,347 INFO Job "_email_job (trigger: interval[0:01:00], next run at: 2025-12-13 00:32:48 UTC)" executed successfully
2025-12-12 19:31:56,715 INFO HTTP Request: POST https://api.telegram.org/bot8428323516:AAElzjmSPfUeCoTGKbm7wnDLSZ5ek1-6Gvc/getUpdates "HTTP/1.1 200 OK"
2025-12-12 19:32:06,869 INFO HTTP Request: POST https://api.telegram.org/bot8428323516:AAElzjmSPfUeCoTGKbm7wnDLSZ5ek1-6Gvc/getUpdates "HTTP/1.1 200 OK"
2025-12-12 19:32:10,159 INFO HTTP Request: POST https://api.telegram.org/bot8428323516:AAElzjmSPfUeCoTGKbm7wnDLSZ5ek1-6Gvc/getUpdates "HTTP/1.1 409 Conflict"
2025-12-12 19:32:10,160 ERROR No error handlers are registered, logging exception.
Traceback (most recent call last):
  File "C:\Users\OurPresent\Downloads\Maestría BD\Proyecto Final\GmailPointsWatcher\.venv\Lib\site-packages\telegram\ext\_utils\networkloop.py", line 134, in network_retry_loop
    await do_action()
  File "C:\Users\OurPresent\Downloads\Maestría BD\Proyecto Final\GmailPointsWatcher\.venv\Lib\site-packages\telegram\ext\_utils\networkloop.py", line 127, in do_action
    action_cb_task.result()
    ~~~~~~~~~~~~~~~~~~~~~^^
  File "C:\Users\OurPresent\Downloads\Maestría BD\Proyecto Final\GmailPointsWatcher\.venv\Lib\site-packages\telegram\ext\_updater.py", line 340, in polling_action_cb
    updates = await self.bot.get_updates(
              ^^^^^^^^^^^^^^^^^^^^^^^^^^^
    ...<3 lines>...
    )
    ^
  File "C:\Users\OurPresent\Downloads\Maestría BD\Proyecto Final\GmailPointsWatcher\.venv\Lib\site-packages\telegram\ext\_extbot.py", line 676, in get_updates
    updates = await super().get_updates(
              ^^^^^^^^^^^^^^^^^^^^^^^^^^
    ...<9 lines>...
    )
    ^
  File "C:\Users\OurPresent\Downloads\Maestría BD\Proyecto Final\GmailPointsWatcher\.venv\Lib\site-packages\telegram\_bot.py", line 4780, in get_updates
    await self._post(
    ^^^^^^^^^^^^^^^^^
    ...<7 lines>...
    ),
    ^
  File "C:\Users\OurPresent\Downloads\Maestría BD\Proyecto Final\GmailPointsWatcher\.venv\Lib\site-packages\telegram\_bot.py", line 703, in _post
    return await self._do_post(
           ^^^^^^^^^^^^^^^^^^^^
    ...<6 lines>...
    )
    ^
  File "C:\Users\OurPresent\Downloads\Maestría BD\Proyecto Final\GmailPointsWatcher\.venv\Lib\site-packages\telegram\ext\_extbot.py", line 372, in _do_post
    return await super()._do_post(
           ^^^^^^^^^^^^^^^^^^^^^^^
    ...<6 lines>...
    )
    ^
  File "C:\Users\OurPresent\Downloads\Maestría BD\Proyecto Final\GmailPointsWatcher\.venv\Lib\site-packages\telegram\_bot.py", line 732, in _do_post
    result = await request.post(
             ^^^^^^^^^^^^^^^^^^^
    ...<6 lines>...
    )
    ^
  File "C:\Users\OurPresent\Downloads\Maestría BD\Proyecto Final\GmailPointsWatcher\.venv\Lib\site-packages\telegram\request\_baserequest.py", line 198, in post
    result = await self._request_wrapper(
             ^^^^^^^^^^^^^^^^^^^^^^^^^^^^
    ...<7 lines>...
    )
    ^
  File "C:\Users\OurPresent\Downloads\Maestría BD\Proyecto Final\GmailPointsWatcher\.venv\Lib\site-packages\telegram\request\_baserequest.py", line 375, in _request_wrapper
    raise exception
telegram.error.Conflict: Conflict: terminated by other getUpdates request; make sure that only one bot instance is running
2025-12-12 19:32:14,322 INFO HTTP Request: POST https://api.telegram.org/bot8428323516:AAElzjmSPfUeCoTGKbm7wnDLSZ5ek1-6Gvc/getUpdates "HTTP/1.1 409 Conflict"
2025-12-12 19:32:14,323 ERROR No error handlers are registered, logging exception.
Traceback (most recent call last):
  File "C:\Users\OurPresent\Downloads\Maestría BD\Proyecto Final\GmailPointsWatcher\.venv\Lib\site-packages\telegram\ext\_utils\networkloop.py", line 134, in network_retry_loop
    await do_action()
  File "C:\Users\OurPresent\Downloads\Maestría BD\Proyecto Final\GmailPointsWatcher\.venv\Lib\site-packages\telegram\ext\_utils\networkloop.py", line 127, in do_action
    action_cb_task.result()
    ~~~~~~~~~~~~~~~~~~~~~^^
  File "C:\Users\OurPresent\Downloads\Maestría BD\Proyecto Final\GmailPointsWatcher\.venv\Lib\site-packages\telegram\ext\_updater.py", line 340, in polling_action_cb
    updates = await self.bot.get_updates(
              ^^^^^^^^^^^^^^^^^^^^^^^^^^^
    ...<3 lines>...
    )
    ^
  File "C:\Users\OurPresent\Downloads\Maestría BD\Proyecto Final\GmailPointsWatcher\.venv\Lib\site-packages\telegram\ext\_extbot.py", line 676, in get_updates
    updates = await super().get_updates(
              ^^^^^^^^^^^^^^^^^^^^^^^^^^
    ...<9 lines>...
    )
    ^
  File "C:\Users\OurPresent\Downloads\Maestría BD\Proyecto Final\GmailPointsWatcher\.venv\Lib\site-packages\telegram\_bot.py", line 4780, in get_updates
    await self._post(
    ^^^^^^^^^^^^^^^^^
    ...<7 lines>...
    ),
    ^
  File "C:\Users\OurPresent\Downloads\Maestría BD\Proyecto Final\GmailPointsWatcher\.venv\Lib\site-packages\telegram\_bot.py", line 703, in _post
    return await self._do_post(
           ^^^^^^^^^^^^^^^^^^^^
    ...<6 lines>...
    )
    ^
  File "C:\Users\OurPresent\Downloads\Maestría BD\Proyecto Final\GmailPointsWatcher\.venv\Lib\site-packages\telegram\ext\_extbot.py", line 372, in _do_post
    return await super()._do_post(
           ^^^^^^^^^^^^^^^^^^^^^^^
    ...<6 lines>...
    )
    ^
  File "C:\Users\OurPresent\Downloads\Maestría BD\Proyecto Final\GmailPointsWatcher\.venv\Lib\site-packages\telegram\_bot.py", line 732, in _do_post
    result = await request.post(
             ^^^^^^^^^^^^^^^^^^^
    ...<6 lines>...
    )
    ^
  File "C:\Users\OurPresent\Downloads\Maestría BD\Proyecto Final\GmailPointsWatcher\.venv\Lib\site-packages\telegram\request\_baserequest.py", line 198, in post
    result = await self._request_wrapper(
             ^^^^^^^^^^^^^^^^^^^^^^^^^^^^
    ...<7 lines>...
    )
    ^
  File "C:\Users\OurPresent\Downloads\Maestría BD\Proyecto Final\GmailPointsWatcher\.venv\Lib\site-packages\telegram\request\_baserequest.py", line 375, in _request_wrapper
    raise exception
telegram.error.Conflict: Conflict: terminated by other getUpdates request; make sure that only one bot instance is running
2025-12-12 19:32:21,324 INFO HTTP Request: POST https://api.telegram.org/bot8428323516:AAElzjmSPfUeCoTGKbm7wnDLSZ5ek1-6Gvc/getUpdates "HTTP/1.1 200 OK"
2025-12-12 19:32:31,477 INFO HTTP Request: POST https://api.telegram.org/bot8428323516:AAElzjmSPfUeCoTGKbm7wnDLSZ5ek1-6Gvc/getUpdates "HTTP/1.1 200 OK"
2025-12-12 19:32:41,629 INFO HTTP Request: POST https://api.telegram.org/bot8428323516:AAElzjmSPfUeCoTGKbm7wnDLSZ5ek1-6Gvc/getUpdates "HTTP/1.1 200 OK"
2025-12-12 19:32:44,775 INFO HTTP Request: POST https://api.telegram.org/bot8428323516:AAElzjmSPfUeCoTGKbm7wnDLSZ5ek1-6Gvc/getUpdates "HTTP/1.1 409 Conflict"
2025-12-12 19:32:44,777 ERROR No error handlers are registered, logging exception.
Traceback (most recent call last):
  File "C:\Users\OurPresent\Downloads\Maestría BD\Proyecto Final\GmailPointsWatcher\.venv\Lib\site-packages\telegram\ext\_utils\networkloop.py", line 134, in network_retry_loop
    await do_action()
  File "C:\Users\OurPresent\Downloads\Maestría BD\Proyecto Final\GmailPointsWatcher\.venv\Lib\site-packages\telegram\ext\_utils\networkloop.py", line 127, in do_action
    action_cb_task.result()
    ~~~~~~~~~~~~~~~~~~~~~^^
  File "C:\Users\OurPresent\Downloads\Maestría BD\Proyecto Final\GmailPointsWatcher\.venv\Lib\site-packages\telegram\ext\_updater.py", line 340, in polling_action_cb
    updates = await self.bot.get_updates(
              ^^^^^^^^^^^^^^^^^^^^^^^^^^^
    ...<3 lines>...
    )
    ^
  File "C:\Users\OurPresent\Downloads\Maestría BD\Proyecto Final\GmailPointsWatcher\.venv\Lib\site-packages\telegram\ext\_extbot.py", line 676, in get_updates
    updates = await super().get_updates(
              ^^^^^^^^^^^^^^^^^^^^^^^^^^
    ...<9 lines>...
    )
    ^
  File "C:\Users\OurPresent\Downloads\Maestría BD\Proyecto Final\GmailPointsWatcher\.venv\Lib\site-packages\telegram\_bot.py", line 4780, in get_updates
    await self._post(
    ^^^^^^^^^^^^^^^^^
    ...<7 lines>...
    ),
    ^
  File "C:\Users\OurPresent\Downloads\Maestría BD\Proyecto Final\GmailPointsWatcher\.venv\Lib\site-packages\telegram\_bot.py", line 703, in _post
    return await self._do_post(
           ^^^^^^^^^^^^^^^^^^^^
    ...<6 lines>...
    )
    ^
  File "C:\Users\OurPresent\Downloads\Maestría BD\Proyecto Final\GmailPointsWatcher\.venv\Lib\site-packages\telegram\ext\_extbot.py", line 372, in _do_post
    return await super()._do_post(
           ^^^^^^^^^^^^^^^^^^^^^^^
    ...<6 lines>...
    )
    ^
  File "C:\Users\OurPresent\Downloads\Maestría BD\Proyecto Final\GmailPointsWatcher\.venv\Lib\site-packages\telegram\_bot.py", line 732, in _do_post
    result = await request.post(
             ^^^^^^^^^^^^^^^^^^^
    ...<6 lines>...
    )
    ^
  File "C:\Users\OurPresent\Downloads\Maestría BD\Proyecto Final\GmailPointsWatcher\.venv\Lib\site-packages\telegram\request\_baserequest.py", line 198, in post
    result = await self._request_wrapper(
             ^^^^^^^^^^^^^^^^^^^^^^^^^^^^
    ...<7 lines>...
    )
    ^
  File "C:\Users\OurPresent\Downloads\Maestría BD\Proyecto Final\GmailPointsWatcher\.venv\Lib\site-packages\telegram\request\_baserequest.py", line 375, in _request_wrapper
    raise exception
telegram.error.Conflict: Conflict: terminated by other getUpdates request; make sure that only one bot instance is running
2025-12-12 19:32:48,332 INFO Running job "_email_job (trigger: interval[0:01:00], next run at: 2025-12-13 00:33:48 UTC)" (scheduled at 2025-12-13 00:32:48.319770+00:00)
2025-12-12 19:32:48,758 INFO Running job "_email_job (trigger: interval[0:01:00], next run at: 2025-12-13 00:33:48 UTC)" (scheduled at 2025-12-13 00:32:48.746944+00:00)
2025-12-12 19:32:48,941 INFO HTTP Request: POST https://api.telegram.org/bot8428323516:AAElzjmSPfUeCoTGKbm7wnDLSZ5ek1-6Gvc/getUpdates "HTTP/1.1 409 Conflict"
2025-12-12 19:32:48,942 ERROR No error handlers are registered, logging exception.
Traceback (most recent call last):
  File "C:\Users\OurPresent\Downloads\Maestría BD\Proyecto Final\GmailPointsWatcher\.venv\Lib\site-packages\telegram\ext\_utils\networkloop.py", line 134, in network_retry_loop
    await do_action()
  File "C:\Users\OurPresent\Downloads\Maestría BD\Proyecto Final\GmailPointsWatcher\.venv\Lib\site-packages\telegram\ext\_utils\networkloop.py", line 127, in do_action
    action_cb_task.result()
    ~~~~~~~~~~~~~~~~~~~~~^^
  File "C:\Users\OurPresent\Downloads\Maestría BD\Proyecto Final\GmailPointsWatcher\.venv\Lib\site-packages\telegram\ext\_updater.py", line 340, in polling_action_cb
    updates = await self.bot.get_updates(
              ^^^^^^^^^^^^^^^^^^^^^^^^^^^
    ...<3 lines>...
    )
    ^
  File "C:\Users\OurPresent\Downloads\Maestría BD\Proyecto Final\GmailPointsWatcher\.venv\Lib\site-packages\telegram\ext\_extbot.py", line 676, in get_updates
    updates = await super().get_updates(
              ^^^^^^^^^^^^^^^^^^^^^^^^^^
    ...<9 lines>...
    )
    ^
  File "C:\Users\OurPresent\Downloads\Maestría BD\Proyecto Final\GmailPointsWatcher\.venv\Lib\site-packages\telegram\_bot.py", line 4780, in get_updates
    await self._post(
    ^^^^^^^^^^^^^^^^^
    ...<7 lines>...
    ),
    ^
  File "C:\Users\OurPresent\Downloads\Maestría BD\Proyecto Final\GmailPointsWatcher\.venv\Lib\site-packages\telegram\_bot.py", line 703, in _post
    return await self._do_post(
           ^^^^^^^^^^^^^^^^^^^^
    ...<6 lines>...
    )
    ^
  File "C:\Users\OurPresent\Downloads\Maestría BD\Proyecto Final\GmailPointsWatcher\.venv\Lib\site-packages\telegram\ext\_extbot.py", line 372, in _do_post
    return await super()._do_post(
           ^^^^^^^^^^^^^^^^^^^^^^^
    ...<6 lines>...
    )
    ^
  File "C:\Users\OurPresent\Downloads\Maestría BD\Proyecto Final\GmailPointsWatcher\.venv\Lib\site-packages\telegram\_bot.py", line 732, in _do_post
    result = await request.post(
             ^^^^^^^^^^^^^^^^^^^
    ...<6 lines>...
    )
    ^
  File "C:\Users\OurPresent\Downloads\Maestría BD\Proyecto Final\GmailPointsWatcher\.venv\Lib\site-packages\telegram\request\_baserequest.py", line 198, in post
    result = await self._request_wrapper(
             ^^^^^^^^^^^^^^^^^^^^^^^^^^^^
    ...<7 lines>...
    )
    ^
  File "C:\Users\OurPresent\Downloads\Maestría BD\Proyecto Final\GmailPointsWatcher\.venv\Lib\site-packages\telegram\request\_baserequest.py", line 375, in _request_wrapper
    raise exception
telegram.error.Conflict: Conflict: terminated by other getUpdates request; make sure that only one bot instance is running
2025-12-12 19:32:48,955 INFO Job "_email_job (trigger: interval[0:01:00], next run at: 2025-12-13 00:33:48 UTC)" executed successfully
2025-12-12 19:32:49,349 INFO Job "_email_job (trigger: interval[0:01:00], next run at: 2025-12-13 00:33:48 UTC)" executed successfully
2025-12-12 19:32:55,945 INFO HTTP Request: POST https://api.telegram.org/bot8428323516:AAElzjmSPfUeCoTGKbm7wnDLSZ5ek1-6Gvc/getUpdates "HTTP/1.1 200 OK"
2025-12-12 19:33:06,099 INFO HTTP Request: POST https://api.telegram.org/bot8428323516:AAElzjmSPfUeCoTGKbm7wnDLSZ5ek1-6Gvc/getUpdates "HTTP/1.1 200 OK"
2025-12-12 19:33:16,253 INFO HTTP Request: POST https://api.telegram.org/bot8428323516:AAElzjmSPfUeCoTGKbm7wnDLSZ5ek1-6Gvc/getUpdates "HTTP/1.1 200 OK"
2025-12-12 19:33:19,523 INFO HTTP Request: POST https://api.telegram.org/bot8428323516:AAElzjmSPfUeCoTGKbm7wnDLSZ5ek1-6Gvc/getUpdates "HTTP/1.1 409 Conflict"
2025-12-12 19:33:19,524 ERROR No error handlers are registered, logging exception.
Traceback (most recent call last):
  File "C:\Users\OurPresent\Downloads\Maestría BD\Proyecto Final\GmailPointsWatcher\.venv\Lib\site-packages\telegram\ext\_utils\networkloop.py", line 134, in network_retry_loop
    await do_action()
  File "C:\Users\OurPresent\Downloads\Maestría BD\Proyecto Final\GmailPointsWatcher\.venv\Lib\site-packages\telegram\ext\_utils\networkloop.py", line 127, in do_action
    action_cb_task.result()
    ~~~~~~~~~~~~~~~~~~~~~^^
  File "C:\Users\OurPresent\Downloads\Maestría BD\Proyecto Final\GmailPointsWatcher\.venv\Lib\site-packages\telegram\ext\_updater.py", line 340, in polling_action_cb
    updates = await self.bot.get_updates(
              ^^^^^^^^^^^^^^^^^^^^^^^^^^^
    ...<3 lines>...
    )
    ^
  File "C:\Users\OurPresent\Downloads\Maestría BD\Proyecto Final\GmailPointsWatcher\.venv\Lib\site-packages\telegram\ext\_extbot.py", line 676, in get_updates
    updates = await super().get_updates(
              ^^^^^^^^^^^^^^^^^^^^^^^^^^
    ...<9 lines>...
    )
    ^
  File "C:\Users\OurPresent\Downloads\Maestría BD\Proyecto Final\GmailPointsWatcher\.venv\Lib\site-packages\telegram\_bot.py", line 4780, in get_updates
    await self._post(
    ^^^^^^^^^^^^^^^^^
    ...<7 lines>...
    ),
    ^
  File "C:\Users\OurPresent\Downloads\Maestría BD\Proyecto Final\GmailPointsWatcher\.venv\Lib\site-packages\telegram\_bot.py", line 703, in _post
    return await self._do_post(
           ^^^^^^^^^^^^^^^^^^^^
    ...<6 lines>...
    )
    ^
  File "C:\Users\OurPresent\Downloads\Maestría BD\Proyecto Final\GmailPointsWatcher\.venv\Lib\site-packages\telegram\ext\_extbot.py", line 372, in _do_post
    return await super()._do_post(
           ^^^^^^^^^^^^^^^^^^^^^^^
    ...<6 lines>...
    )
    ^
  File "C:\Users\OurPresent\Downloads\Maestría BD\Proyecto Final\GmailPointsWatcher\.venv\Lib\site-packages\telegram\_bot.py", line 732, in _do_post
    result = await request.post(
             ^^^^^^^^^^^^^^^^^^^
    ...<6 lines>...
    )
    ^
  File "C:\Users\OurPresent\Downloads\Maestría BD\Proyecto Final\GmailPointsWatcher\.venv\Lib\site-packages\telegram\request\_baserequest.py", line 198, in post
    result = await self._request_wrapper(
             ^^^^^^^^^^^^^^^^^^^^^^^^^^^^
    ...<7 lines>...
    )
    ^
  File "C:\Users\OurPresent\Downloads\Maestría BD\Proyecto Final\GmailPointsWatcher\.venv\Lib\site-packages\telegram\request\_baserequest.py", line 375, in _request_wrapper
    raise exception
telegram.error.Conflict: Conflict: terminated by other getUpdates request; make sure that only one bot instance is running
2025-12-12 19:33:23,681 INFO HTTP Request: POST https://api.telegram.org/bot8428323516:AAElzjmSPfUeCoTGKbm7wnDLSZ5ek1-6Gvc/getUpdates "HTTP/1.1 409 Conflict"
2025-12-12 19:33:23,682 ERROR No error handlers are registered, logging exception.
Traceback (most recent call last):
  File "C:\Users\OurPresent\Downloads\Maestría BD\Proyecto Final\GmailPointsWatcher\.venv\Lib\site-packages\telegram\ext\_utils\networkloop.py", line 134, in network_retry_loop
    await do_action()
  File "C:\Users\OurPresent\Downloads\Maestría BD\Proyecto Final\GmailPointsWatcher\.venv\Lib\site-packages\telegram\ext\_utils\networkloop.py", line 127, in do_action
    action_cb_task.result()
    ~~~~~~~~~~~~~~~~~~~~~^^
  File "C:\Users\OurPresent\Downloads\Maestría BD\Proyecto Final\GmailPointsWatcher\.venv\Lib\site-packages\telegram\ext\_updater.py", line 340, in polling_action_cb
    updates = await self.bot.get_updates(
              ^^^^^^^^^^^^^^^^^^^^^^^^^^^
    ...<3 lines>...
    )
    ^
  File "C:\Users\OurPresent\Downloads\Maestría BD\Proyecto Final\GmailPointsWatcher\.venv\Lib\site-packages\telegram\ext\_extbot.py", line 676, in get_updates
    updates = await super().get_updates(
              ^^^^^^^^^^^^^^^^^^^^^^^^^^
    ...<9 lines>...
    )
    ^
  File "C:\Users\OurPresent\Downloads\Maestría BD\Proyecto Final\GmailPointsWatcher\.venv\Lib\site-packages\telegram\_bot.py", line 4780, in get_updates
    await self._post(
    ^^^^^^^^^^^^^^^^^
    ...<7 lines>...
    ),
    ^
  File "C:\Users\OurPresent\Downloads\Maestría BD\Proyecto Final\GmailPointsWatcher\.venv\Lib\site-packages\telegram\_bot.py", line 703, in _post
    return await self._do_post(
           ^^^^^^^^^^^^^^^^^^^^
    ...<6 lines>...
    )
    ^
  File "C:\Users\OurPresent\Downloads\Maestría BD\Proyecto Final\GmailPointsWatcher\.venv\Lib\site-packages\telegram\ext\_extbot.py", line 372, in _do_post
    return await super()._do_post(
           ^^^^^^^^^^^^^^^^^^^^^^^
    ...<6 lines>...
    )
    ^
  File "C:\Users\OurPresent\Downloads\Maestría BD\Proyecto Final\GmailPointsWatcher\.venv\Lib\site-packages\telegram\_bot.py", line 732, in _do_post
    result = await request.post(
             ^^^^^^^^^^^^^^^^^^^
    ...<6 lines>...
    )
    ^
  File "C:\Users\OurPresent\Downloads\Maestría BD\Proyecto Final\GmailPointsWatcher\.venv\Lib\site-packages\telegram\request\_baserequest.py", line 198, in post
    result = await self._request_wrapper(
             ^^^^^^^^^^^^^^^^^^^^^^^^^^^^
    ...<7 lines>...
    )
    ^
  File "C:\Users\OurPresent\Downloads\Maestría BD\Proyecto Final\GmailPointsWatcher\.venv\Lib\site-packages\telegram\request\_baserequest.py", line 375, in _request_wrapper
    raise exception
telegram.error.Conflict: Conflict: terminated by other getUpdates request; make sure that only one bot instance is running
2025-12-12 19:33:30,683 INFO HTTP Request: POST https://api.telegram.org/bot8428323516:AAElzjmSPfUeCoTGKbm7wnDLSZ5ek1-6Gvc/getUpdates "HTTP/1.1 200 OK"
2025-12-12 19:33:40,835 INFO HTTP Request: POST https://api.telegram.org/bot8428323516:AAElzjmSPfUeCoTGKbm7wnDLSZ5ek1-6Gvc/getUpdates "HTTP/1.1 200 OK"
2025-12-12 19:33:48,335 INFO Running job "_email_job (trigger: interval[0:01:00], next run at: 2025-12-13 00:34:48 UTC)" (scheduled at 2025-12-13 00:33:48.319770+00:00)
2025-12-12 19:33:48,760 INFO Running job "_email_job (trigger: interval[0:01:00], next run at: 2025-12-13 00:34:48 UTC)" (scheduled at 2025-12-13 00:33:48.746944+00:00)
2025-12-12 19:33:48,938 INFO Job "_email_job (trigger: interval[0:01:00], next run at: 2025-12-13 00:34:48 UTC)" executed successfully
2025-12-12 19:33:49,443 INFO Job "_email_job (trigger: interval[0:01:00], next run at: 2025-12-13 00:34:48 UTC)" executed successfully
2025-12-12 19:33:50,992 INFO HTTP Request: POST https://api.telegram.org/bot8428323516:AAElzjmSPfUeCoTGKbm7wnDLSZ5ek1-6Gvc/getUpdates "HTTP/1.1 200 OK"
2025-12-12 19:33:54,271 INFO HTTP Request: POST https://api.telegram.org/bot8428323516:AAElzjmSPfUeCoTGKbm7wnDLSZ5ek1-6Gvc/getUpdates "HTTP/1.1 409 Conflict"
2025-12-12 19:33:54,272 ERROR No error handlers are registered, logging exception.
Traceback (most recent call last):
  File "C:\Users\OurPresent\Downloads\Maestría BD\Proyecto Final\GmailPointsWatcher\.venv\Lib\site-packages\telegram\ext\_utils\networkloop.py", line 134, in network_retry_loop
    await do_action()
  File "C:\Users\OurPresent\Downloads\Maestría BD\Proyecto Final\GmailPointsWatcher\.venv\Lib\site-packages\telegram\ext\_utils\networkloop.py", line 127, in do_action
    action_cb_task.result()
    ~~~~~~~~~~~~~~~~~~~~~^^
  File "C:\Users\OurPresent\Downloads\Maestría BD\Proyecto Final\GmailPointsWatcher\.venv\Lib\site-packages\telegram\ext\_updater.py", line 340, in polling_action_cb
    updates = await self.bot.get_updates(
              ^^^^^^^^^^^^^^^^^^^^^^^^^^^
    ...<3 lines>...
    )
    ^
  File "C:\Users\OurPresent\Downloads\Maestría BD\Proyecto Final\GmailPointsWatcher\.venv\Lib\site-packages\telegram\ext\_extbot.py", line 676, in get_updates
    updates = await super().get_updates(
              ^^^^^^^^^^^^^^^^^^^^^^^^^^
    ...<9 lines>...
    )
    ^
  File "C:\Users\OurPresent\Downloads\Maestría BD\Proyecto Final\GmailPointsWatcher\.venv\Lib\site-packages\telegram\_bot.py", line 4780, in get_updates
    await self._post(
    ^^^^^^^^^^^^^^^^^
    ...<7 lines>...
    ),
    ^
  File "C:\Users\OurPresent\Downloads\Maestría BD\Proyecto Final\GmailPointsWatcher\.venv\Lib\site-packages\telegram\_bot.py", line 703, in _post
    return await self._do_post(
           ^^^^^^^^^^^^^^^^^^^^
    ...<6 lines>...
    )
    ^
  File "C:\Users\OurPresent\Downloads\Maestría BD\Proyecto Final\GmailPointsWatcher\.venv\Lib\site-packages\telegram\ext\_extbot.py", line 372, in _do_post
    return await super()._do_post(
           ^^^^^^^^^^^^^^^^^^^^^^^
    ...<6 lines>...
    )
    ^
  File "C:\Users\OurPresent\Downloads\Maestría BD\Proyecto Final\GmailPointsWatcher\.venv\Lib\site-packages\telegram\_bot.py", line 732, in _do_post
    result = await request.post(
             ^^^^^^^^^^^^^^^^^^^
    ...<6 lines>...
    )
    ^
  File "C:\Users\OurPresent\Downloads\Maestría BD\Proyecto Final\GmailPointsWatcher\.venv\Lib\site-packages\telegram\request\_baserequest.py", line 198, in post
    result = await self._request_wrapper(
             ^^^^^^^^^^^^^^^^^^^^^^^^^^^^
    ...<7 lines>...
    )
    ^
  File "C:\Users\OurPresent\Downloads\Maestría BD\Proyecto Final\GmailPointsWatcher\.venv\Lib\site-packages\telegram\request\_baserequest.py", line 375, in _request_wrapper
    raise exception
telegram.error.Conflict: Conflict: terminated by other getUpdates request; make sure that only one bot instance is running
2025-12-12 19:33:58,437 INFO HTTP Request: POST https://api.telegram.org/bot8428323516:AAElzjmSPfUeCoTGKbm7wnDLSZ5ek1-6Gvc/getUpdates "HTTP/1.1 409 Conflict"
2025-12-12 19:33:58,438 ERROR No error handlers are registered, logging exception.
Traceback (most recent call last):
  File "C:\Users\OurPresent\Downloads\Maestría BD\Proyecto Final\GmailPointsWatcher\.venv\Lib\site-packages\telegram\ext\_utils\networkloop.py", line 134, in network_retry_loop
    await do_action()
  File "C:\Users\OurPresent\Downloads\Maestría BD\Proyecto Final\GmailPointsWatcher\.venv\Lib\site-packages\telegram\ext\_utils\networkloop.py", line 127, in do_action
    action_cb_task.result()
    ~~~~~~~~~~~~~~~~~~~~~^^
  File "C:\Users\OurPresent\Downloads\Maestría BD\Proyecto Final\GmailPointsWatcher\.venv\Lib\site-packages\telegram\ext\_updater.py", line 340, in polling_action_cb
    updates = await self.bot.get_updates(
              ^^^^^^^^^^^^^^^^^^^^^^^^^^^
    ...<3 lines>...
    )
    ^
  File "C:\Users\OurPresent\Downloads\Maestría BD\Proyecto Final\GmailPointsWatcher\.venv\Lib\site-packages\telegram\ext\_extbot.py", line 676, in get_updates
    updates = await super().get_updates(
              ^^^^^^^^^^^^^^^^^^^^^^^^^^
    ...<9 lines>...
    )
    ^
  File "C:\Users\OurPresent\Downloads\Maestría BD\Proyecto Final\GmailPointsWatcher\.venv\Lib\site-packages\telegram\_bot.py", line 4780, in get_updates
    await self._post(
    ^^^^^^^^^^^^^^^^^
    ...<7 lines>...
    ),
    ^
  File "C:\Users\OurPresent\Downloads\Maestría BD\Proyecto Final\GmailPointsWatcher\.venv\Lib\site-packages\telegram\_bot.py", line 703, in _post
    return await self._do_post(
           ^^^^^^^^^^^^^^^^^^^^
    ...<6 lines>...
    )
    ^
  File "C:\Users\OurPresent\Downloads\Maestría BD\Proyecto Final\GmailPointsWatcher\.venv\Lib\site-packages\telegram\ext\_extbot.py", line 372, in _do_post
    return await super()._do_post(
           ^^^^^^^^^^^^^^^^^^^^^^^
    ...<6 lines>...
    )
    ^
  File "C:\Users\OurPresent\Downloads\Maestría BD\Proyecto Final\GmailPointsWatcher\.venv\Lib\site-packages\telegram\_bot.py", line 732, in _do_post
    result = await request.post(
             ^^^^^^^^^^^^^^^^^^^
    ...<6 lines>...
    )
    ^
  File "C:\Users\OurPresent\Downloads\Maestría BD\Proyecto Final\GmailPointsWatcher\.venv\Lib\site-packages\telegram\request\_baserequest.py", line 198, in post
    result = await self._request_wrapper(
             ^^^^^^^^^^^^^^^^^^^^^^^^^^^^
    ...<7 lines>...
    )
    ^
  File "C:\Users\OurPresent\Downloads\Maestría BD\Proyecto Final\GmailPointsWatcher\.venv\Lib\site-packages\telegram\request\_baserequest.py", line 375, in _request_wrapper
    raise exception
telegram.error.Conflict: Conflict: terminated by other getUpdates request; make sure that only one bot instance is running
2025-12-12 19:34:05,433 INFO HTTP Request: POST https://api.telegram.org/bot8428323516:AAElzjmSPfUeCoTGKbm7wnDLSZ5ek1-6Gvc/getUpdates "HTTP/1.1 200 OK"
2025-12-12 19:34:15,584 INFO HTTP Request: POST https://api.telegram.org/bot8428323516:AAElzjmSPfUeCoTGKbm7wnDLSZ5ek1-6Gvc/getUpdates "HTTP/1.1 200 OK"
2025-12-12 19:34:25,736 INFO HTTP Request: POST https://api.telegram.org/bot8428323516:AAElzjmSPfUeCoTGKbm7wnDLSZ5ek1-6Gvc/getUpdates "HTTP/1.1 200 OK"
2025-12-12 19:34:29,024 INFO HTTP Request: POST https://api.telegram.org/bot8428323516:AAElzjmSPfUeCoTGKbm7wnDLSZ5ek1-6Gvc/getUpdates "HTTP/1.1 409 Conflict"
2025-12-12 19:34:29,025 ERROR No error handlers are registered, logging exception.
Traceback (most recent call last):
  File "C:\Users\OurPresent\Downloads\Maestría BD\Proyecto Final\GmailPointsWatcher\.venv\Lib\site-packages\telegram\ext\_utils\networkloop.py", line 134, in network_retry_loop
    await do_action()
  File "C:\Users\OurPresent\Downloads\Maestría BD\Proyecto Final\GmailPointsWatcher\.venv\Lib\site-packages\telegram\ext\_utils\networkloop.py", line 127, in do_action
    action_cb_task.result()
    ~~~~~~~~~~~~~~~~~~~~~^^
  File "C:\Users\OurPresent\Downloads\Maestría BD\Proyecto Final\GmailPointsWatcher\.venv\Lib\site-packages\telegram\ext\_updater.py", line 340, in polling_action_cb
    updates = await self.bot.get_updates(
              ^^^^^^^^^^^^^^^^^^^^^^^^^^^
    ...<3 lines>...
    )
    ^
  File "C:\Users\OurPresent\Downloads\Maestría BD\Proyecto Final\GmailPointsWatcher\.venv\Lib\site-packages\telegram\ext\_extbot.py", line 676, in get_updates
    updates = await super().get_updates(
              ^^^^^^^^^^^^^^^^^^^^^^^^^^
    ...<9 lines>...
    )
    ^
  File "C:\Users\OurPresent\Downloads\Maestría BD\Proyecto Final\GmailPointsWatcher\.venv\Lib\site-packages\telegram\_bot.py", line 4780, in get_updates
    await self._post(
    ^^^^^^^^^^^^^^^^^
    ...<7 lines>...
    ),
    ^
  File "C:\Users\OurPresent\Downloads\Maestría BD\Proyecto Final\GmailPointsWatcher\.venv\Lib\site-packages\telegram\_bot.py", line 703, in _post
    return await self._do_post(
           ^^^^^^^^^^^^^^^^^^^^
    ...<6 lines>...
    )
    ^
  File "C:\Users\OurPresent\Downloads\Maestría BD\Proyecto Final\GmailPointsWatcher\.venv\Lib\site-packages\telegram\ext\_extbot.py", line 372, in _do_post
    return await super()._do_post(
           ^^^^^^^^^^^^^^^^^^^^^^^
    ...<6 lines>...
    )
    ^
  File "C:\Users\OurPresent\Downloads\Maestría BD\Proyecto Final\GmailPointsWatcher\.venv\Lib\site-packages\telegram\_bot.py", line 732, in _do_post
    result = await request.post(
             ^^^^^^^^^^^^^^^^^^^
    ...<6 lines>...
    )
    ^
  File "C:\Users\OurPresent\Downloads\Maestría BD\Proyecto Final\GmailPointsWatcher\.venv\Lib\site-packages\telegram\request\_baserequest.py", line 198, in post
    result = await self._request_wrapper(
             ^^^^^^^^^^^^^^^^^^^^^^^^^^^^
    ...<7 lines>...
    )
    ^
  File "C:\Users\OurPresent\Downloads\Maestría BD\Proyecto Final\GmailPointsWatcher\.venv\Lib\site-packages\telegram\request\_baserequest.py", line 375, in _request_wrapper
    raise exception
telegram.error.Conflict: Conflict: terminated by other getUpdates request; make sure that only one bot instance is running
2025-12-12 19:34:33,187 INFO HTTP Request: POST https://api.telegram.org/bot8428323516:AAElzjmSPfUeCoTGKbm7wnDLSZ5ek1-6Gvc/getUpdates "HTTP/1.1 409 Conflict"
2025-12-12 19:34:33,188 ERROR No error handlers are registered, logging exception.
Traceback (most recent call last):
  File "C:\Users\OurPresent\Downloads\Maestría BD\Proyecto Final\GmailPointsWatcher\.venv\Lib\site-packages\telegram\ext\_utils\networkloop.py", line 134, in network_retry_loop
    await do_action()
  File "C:\Users\OurPresent\Downloads\Maestría BD\Proyecto Final\GmailPointsWatcher\.venv\Lib\site-packages\telegram\ext\_utils\networkloop.py", line 127, in do_action
    action_cb_task.result()
    ~~~~~~~~~~~~~~~~~~~~~^^
  File "C:\Users\OurPresent\Downloads\Maestría BD\Proyecto Final\GmailPointsWatcher\.venv\Lib\site-packages\telegram\ext\_updater.py", line 340, in polling_action_cb
    updates = await self.bot.get_updates(
              ^^^^^^^^^^^^^^^^^^^^^^^^^^^
    ...<3 lines>...
    )
    ^
  File "C:\Users\OurPresent\Downloads\Maestría BD\Proyecto Final\GmailPointsWatcher\.venv\Lib\site-packages\telegram\ext\_extbot.py", line 676, in get_updates
    updates = await super().get_updates(
              ^^^^^^^^^^^^^^^^^^^^^^^^^^
    ...<9 lines>...
    )
    ^
  File "C:\Users\OurPresent\Downloads\Maestría BD\Proyecto Final\GmailPointsWatcher\.venv\Lib\site-packages\telegram\_bot.py", line 4780, in get_updates
    await self._post(
    ^^^^^^^^^^^^^^^^^
    ...<7 lines>...
    ),
    ^
  File "C:\Users\OurPresent\Downloads\Maestría BD\Proyecto Final\GmailPointsWatcher\.venv\Lib\site-packages\telegram\_bot.py", line 703, in _post
    return await self._do_post(
           ^^^^^^^^^^^^^^^^^^^^
    ...<6 lines>...
    )
    ^
  File "C:\Users\OurPresent\Downloads\Maestría BD\Proyecto Final\GmailPointsWatcher\.venv\Lib\site-packages\telegram\ext\_extbot.py", line 372, in _do_post
    return await super()._do_post(
           ^^^^^^^^^^^^^^^^^^^^^^^
    ...<6 lines>...
    )
    ^
  File "C:\Users\OurPresent\Downloads\Maestría BD\Proyecto Final\GmailPointsWatcher\.venv\Lib\site-packages\telegram\_bot.py", line 732, in _do_post
    result = await request.post(
             ^^^^^^^^^^^^^^^^^^^
    ...<6 lines>...
    )
    ^
  File "C:\Users\OurPresent\Downloads\Maestría BD\Proyecto Final\GmailPointsWatcher\.venv\Lib\site-packages\telegram\request\_baserequest.py", line 198, in post
    result = await self._request_wrapper(
             ^^^^^^^^^^^^^^^^^^^^^^^^^^^^
    ...<7 lines>...
    )
    ^
  File "C:\Users\OurPresent\Downloads\Maestría BD\Proyecto Final\GmailPointsWatcher\.venv\Lib\site-packages\telegram\request\_baserequest.py", line 375, in _request_wrapper
    raise exception
telegram.error.Conflict: Conflict: terminated by other getUpdates request; make sure that only one bot instance is running
2025-12-12 19:34:40,182 INFO HTTP Request: POST https://api.telegram.org/bot8428323516:AAElzjmSPfUeCoTGKbm7wnDLSZ5ek1-6Gvc/getUpdates "HTTP/1.1 200 OK"
2025-12-12 19:34:48,322 INFO Running job "_email_job (trigger: interval[0:01:00], next run at: 2025-12-13 00:35:48 UTC)" (scheduled at 2025-12-13 00:34:48.319770+00:00)
2025-12-12 19:34:48,760 INFO Running job "_email_job (trigger: interval[0:01:00], next run at: 2025-12-13 00:35:48 UTC)" (scheduled at 2025-12-13 00:34:48.746944+00:00)
2025-12-12 19:34:49,043 INFO Job "_email_job (trigger: interval[0:01:00], next run at: 2025-12-13 00:35:48 UTC)" executed successfully
2025-12-12 19:34:49,339 INFO Job "_email_job (trigger: interval[0:01:00], next run at: 2025-12-13 00:35:48 UTC)" executed successfully
2025-12-12 19:34:50,333 INFO HTTP Request: POST https://api.telegram.org/bot8428323516:AAElzjmSPfUeCoTGKbm7wnDLSZ5ek1-6Gvc/getUpdates "HTTP/1.1 200 OK"
2025-12-12 19:35:00,485 INFO HTTP Request: POST https://api.telegram.org/bot8428323516:AAElzjmSPfUeCoTGKbm7wnDLSZ5ek1-6Gvc/getUpdates "HTTP/1.1 200 OK"
2025-12-12 19:35:03,825 INFO HTTP Request: POST https://api.telegram.org/bot8428323516:AAElzjmSPfUeCoTGKbm7wnDLSZ5ek1-6Gvc/getUpdates "HTTP/1.1 409 Conflict"
2025-12-12 19:35:03,827 ERROR No error handlers are registered, logging exception.
Traceback (most recent call last):
  File "C:\Users\OurPresent\Downloads\Maestría BD\Proyecto Final\GmailPointsWatcher\.venv\Lib\site-packages\telegram\ext\_utils\networkloop.py", line 134, in network_retry_loop
    await do_action()
  File "C:\Users\OurPresent\Downloads\Maestría BD\Proyecto Final\GmailPointsWatcher\.venv\Lib\site-packages\telegram\ext\_utils\networkloop.py", line 127, in do_action
    action_cb_task.result()
    ~~~~~~~~~~~~~~~~~~~~~^^
  File "C:\Users\OurPresent\Downloads\Maestría BD\Proyecto Final\GmailPointsWatcher\.venv\Lib\site-packages\telegram\ext\_updater.py", line 340, in polling_action_cb
    updates = await self.bot.get_updates(
              ^^^^^^^^^^^^^^^^^^^^^^^^^^^
    ...<3 lines>...
    )
    ^
  File "C:\Users\OurPresent\Downloads\Maestría BD\Proyecto Final\GmailPointsWatcher\.venv\Lib\site-packages\telegram\ext\_extbot.py", line 676, in get_updates
    updates = await super().get_updates(
              ^^^^^^^^^^^^^^^^^^^^^^^^^^
    ...<9 lines>...
    )
    ^
  File "C:\Users\OurPresent\Downloads\Maestría BD\Proyecto Final\GmailPointsWatcher\.venv\Lib\site-packages\telegram\_bot.py", line 4780, in get_updates
    await self._post(
    ^^^^^^^^^^^^^^^^^
    ...<7 lines>...
    ),
    ^
  File "C:\Users\OurPresent\Downloads\Maestría BD\Proyecto Final\GmailPointsWatcher\.venv\Lib\site-packages\telegram\_bot.py", line 703, in _post
    return await self._do_post(
           ^^^^^^^^^^^^^^^^^^^^
    ...<6 lines>...
    )
    ^
  File "C:\Users\OurPresent\Downloads\Maestría BD\Proyecto Final\GmailPointsWatcher\.venv\Lib\site-packages\telegram\ext\_extbot.py", line 372, in _do_post
    return await super()._do_post(
           ^^^^^^^^^^^^^^^^^^^^^^^
    ...<6 lines>...
    )
    ^
  File "C:\Users\OurPresent\Downloads\Maestría BD\Proyecto Final\GmailPointsWatcher\.venv\Lib\site-packages\telegram\_bot.py", line 732, in _do_post
    result = await request.post(
             ^^^^^^^^^^^^^^^^^^^
    ...<6 lines>...
    )
    ^
  File "C:\Users\OurPresent\Downloads\Maestría BD\Proyecto Final\GmailPointsWatcher\.venv\Lib\site-packages\telegram\request\_baserequest.py", line 198, in post
    result = await self._request_wrapper(
             ^^^^^^^^^^^^^^^^^^^^^^^^^^^^
    ...<7 lines>...
    )
    ^
  File "C:\Users\OurPresent\Downloads\Maestría BD\Proyecto Final\GmailPointsWatcher\.venv\Lib\site-packages\telegram\request\_baserequest.py", line 375, in _request_wrapper
    raise exception
telegram.error.Conflict: Conflict: terminated by other getUpdates request; make sure that only one bot instance is running
2025-12-12 19:35:07,999 INFO HTTP Request: POST https://api.telegram.org/bot8428323516:AAElzjmSPfUeCoTGKbm7wnDLSZ5ek1-6Gvc/getUpdates "HTTP/1.1 409 Conflict"
2025-12-12 19:35:08,001 ERROR No error handlers are registered, logging exception.
Traceback (most recent call last):
  File "C:\Users\OurPresent\Downloads\Maestría BD\Proyecto Final\GmailPointsWatcher\.venv\Lib\site-packages\telegram\ext\_utils\networkloop.py", line 134, in network_retry_loop
    await do_action()
  File "C:\Users\OurPresent\Downloads\Maestría BD\Proyecto Final\GmailPointsWatcher\.venv\Lib\site-packages\telegram\ext\_utils\networkloop.py", line 127, in do_action
    action_cb_task.result()
    ~~~~~~~~~~~~~~~~~~~~~^^
  File "C:\Users\OurPresent\Downloads\Maestría BD\Proyecto Final\GmailPointsWatcher\.venv\Lib\site-packages\telegram\ext\_updater.py", line 340, in polling_action_cb
    updates = await self.bot.get_updates(
              ^^^^^^^^^^^^^^^^^^^^^^^^^^^
    ...<3 lines>...
    )
    ^
  File "C:\Users\OurPresent\Downloads\Maestría BD\Proyecto Final\GmailPointsWatcher\.venv\Lib\site-packages\telegram\ext\_extbot.py", line 676, in get_updates
    updates = await super().get_updates(
              ^^^^^^^^^^^^^^^^^^^^^^^^^^
    ...<9 lines>...
    )
    ^
  File "C:\Users\OurPresent\Downloads\Maestría BD\Proyecto Final\GmailPointsWatcher\.venv\Lib\site-packages\telegram\_bot.py", line 4780, in get_updates
    await self._post(
    ^^^^^^^^^^^^^^^^^
    ...<7 lines>...
    ),
    ^
  File "C:\Users\OurPresent\Downloads\Maestría BD\Proyecto Final\GmailPointsWatcher\.venv\Lib\site-packages\telegram\_bot.py", line 703, in _post
    return await self._do_post(
           ^^^^^^^^^^^^^^^^^^^^
    ...<6 lines>...
    )
    ^
  File "C:\Users\OurPresent\Downloads\Maestría BD\Proyecto Final\GmailPointsWatcher\.venv\Lib\site-packages\telegram\ext\_extbot.py", line 372, in _do_post
    return await super()._do_post(
           ^^^^^^^^^^^^^^^^^^^^^^^
    ...<6 lines>...
    )
    ^
  File "C:\Users\OurPresent\Downloads\Maestría BD\Proyecto Final\GmailPointsWatcher\.venv\Lib\site-packages\telegram\_bot.py", line 732, in _do_post
    result = await request.post(
             ^^^^^^^^^^^^^^^^^^^
    ...<6 lines>...
    )
    ^
  File "C:\Users\OurPresent\Downloads\Maestría BD\Proyecto Final\GmailPointsWatcher\.venv\Lib\site-packages\telegram\request\_baserequest.py", line 198, in post
    result = await self._request_wrapper(
             ^^^^^^^^^^^^^^^^^^^^^^^^^^^^
    ...<7 lines>...
    )
    ^
  File "C:\Users\OurPresent\Downloads\Maestría BD\Proyecto Final\GmailPointsWatcher\.venv\Lib\site-packages\telegram\request\_baserequest.py", line 375, in _request_wrapper
    raise exception
telegram.error.Conflict: Conflict: terminated by other getUpdates request; make sure that only one bot instance is running
2025-12-12 19:35:14,995 INFO HTTP Request: POST https://api.telegram.org/bot8428323516:AAElzjmSPfUeCoTGKbm7wnDLSZ5ek1-6Gvc/getUpdates "HTTP/1.1 200 OK"
2025-12-12 19:35:25,147 INFO HTTP Request: POST https://api.telegram.org/bot8428323516:AAElzjmSPfUeCoTGKbm7wnDLSZ5ek1-6Gvc/getUpdates "HTTP/1.1 200 OK"
2025-12-12 19:35:35,298 INFO HTTP Request: POST https://api.telegram.org/bot8428323516:AAElzjmSPfUeCoTGKbm7wnDLSZ5ek1-6Gvc/getUpdates "HTTP/1.1 200 OK"
2025-12-12 19:35:38,469 INFO HTTP Request: POST https://api.telegram.org/bot8428323516:AAElzjmSPfUeCoTGKbm7wnDLSZ5ek1-6Gvc/getUpdates "HTTP/1.1 409 Conflict"
2025-12-12 19:35:38,471 ERROR No error handlers are registered, logging exception.
Traceback (most recent call last):
  File "C:\Users\OurPresent\Downloads\Maestría BD\Proyecto Final\GmailPointsWatcher\.venv\Lib\site-packages\telegram\ext\_utils\networkloop.py", line 134, in network_retry_loop
    await do_action()
  File "C:\Users\OurPresent\Downloads\Maestría BD\Proyecto Final\GmailPointsWatcher\.venv\Lib\site-packages\telegram\ext\_utils\networkloop.py", line 127, in do_action
    action_cb_task.result()
    ~~~~~~~~~~~~~~~~~~~~~^^
  File "C:\Users\OurPresent\Downloads\Maestría BD\Proyecto Final\GmailPointsWatcher\.venv\Lib\site-packages\telegram\ext\_updater.py", line 340, in polling_action_cb
    updates = await self.bot.get_updates(
              ^^^^^^^^^^^^^^^^^^^^^^^^^^^
    ...<3 lines>...
    )
    ^
  File "C:\Users\OurPresent\Downloads\Maestría BD\Proyecto Final\GmailPointsWatcher\.venv\Lib\site-packages\telegram\ext\_extbot.py", line 676, in get_updates
    updates = await super().get_updates(
              ^^^^^^^^^^^^^^^^^^^^^^^^^^
    ...<9 lines>...
    )
    ^
  File "C:\Users\OurPresent\Downloads\Maestría BD\Proyecto Final\GmailPointsWatcher\.venv\Lib\site-packages\telegram\_bot.py", line 4780, in get_updates
    await self._post(
    ^^^^^^^^^^^^^^^^^
    ...<7 lines>...
    ),
    ^
  File "C:\Users\OurPresent\Downloads\Maestría BD\Proyecto Final\GmailPointsWatcher\.venv\Lib\site-packages\telegram\_bot.py", line 703, in _post
    return await self._do_post(
           ^^^^^^^^^^^^^^^^^^^^
    ...<6 lines>...
    )
    ^
  File "C:\Users\OurPresent\Downloads\Maestría BD\Proyecto Final\GmailPointsWatcher\.venv\Lib\site-packages\telegram\ext\_extbot.py", line 372, in _do_post
    return await super()._do_post(
           ^^^^^^^^^^^^^^^^^^^^^^^
    ...<6 lines>...
    )
    ^
  File "C:\Users\OurPresent\Downloads\Maestría BD\Proyecto Final\GmailPointsWatcher\.venv\Lib\site-packages\telegram\_bot.py", line 732, in _do_post
    result = await request.post(
             ^^^^^^^^^^^^^^^^^^^
    ...<6 lines>...
    )
    ^
  File "C:\Users\OurPresent\Downloads\Maestría BD\Proyecto Final\GmailPointsWatcher\.venv\Lib\site-packages\telegram\request\_baserequest.py", line 198, in post
    result = await self._request_wrapper(
             ^^^^^^^^^^^^^^^^^^^^^^^^^^^^
    ...<7 lines>...
    )
    ^
  File "C:\Users\OurPresent\Downloads\Maestría BD\Proyecto Final\GmailPointsWatcher\.venv\Lib\site-packages\telegram\request\_baserequest.py", line 375, in _request_wrapper
    raise exception
telegram.error.Conflict: Conflict: terminated by other getUpdates request; make sure that only one bot instance is running
2025-12-12 19:35:42,632 INFO HTTP Request: POST https://api.telegram.org/bot8428323516:AAElzjmSPfUeCoTGKbm7wnDLSZ5ek1-6Gvc/getUpdates "HTTP/1.1 409 Conflict"
2025-12-12 19:35:42,634 ERROR No error handlers are registered, logging exception.
Traceback (most recent call last):
  File "C:\Users\OurPresent\Downloads\Maestría BD\Proyecto Final\GmailPointsWatcher\.venv\Lib\site-packages\telegram\ext\_utils\networkloop.py", line 134, in network_retry_loop
    await do_action()
  File "C:\Users\OurPresent\Downloads\Maestría BD\Proyecto Final\GmailPointsWatcher\.venv\Lib\site-packages\telegram\ext\_utils\networkloop.py", line 127, in do_action
    action_cb_task.result()
    ~~~~~~~~~~~~~~~~~~~~~^^
  File "C:\Users\OurPresent\Downloads\Maestría BD\Proyecto Final\GmailPointsWatcher\.venv\Lib\site-packages\telegram\ext\_updater.py", line 340, in polling_action_cb
    updates = await self.bot.get_updates(
              ^^^^^^^^^^^^^^^^^^^^^^^^^^^
    ...<3 lines>...
    )
    ^
  File "C:\Users\OurPresent\Downloads\Maestría BD\Proyecto Final\GmailPointsWatcher\.venv\Lib\site-packages\telegram\ext\_extbot.py", line 676, in get_updates
    updates = await super().get_updates(
              ^^^^^^^^^^^^^^^^^^^^^^^^^^
    ...<9 lines>...
    )
    ^
  File "C:\Users\OurPresent\Downloads\Maestría BD\Proyecto Final\GmailPointsWatcher\.venv\Lib\site-packages\telegram\_bot.py", line 4780, in get_updates
    await self._post(
    ^^^^^^^^^^^^^^^^^
    ...<7 lines>...
    ),
    ^
  File "C:\Users\OurPresent\Downloads\Maestría BD\Proyecto Final\GmailPointsWatcher\.venv\Lib\site-packages\telegram\_bot.py", line 703, in _post
    return await self._do_post(
           ^^^^^^^^^^^^^^^^^^^^
    ...<6 lines>...
    )
    ^
  File "C:\Users\OurPresent\Downloads\Maestría BD\Proyecto Final\GmailPointsWatcher\.venv\Lib\site-packages\telegram\ext\_extbot.py", line 372, in _do_post
    return await super()._do_post(
           ^^^^^^^^^^^^^^^^^^^^^^^
    ...<6 lines>...
    )
    ^
  File "C:\Users\OurPresent\Downloads\Maestría BD\Proyecto Final\GmailPointsWatcher\.venv\Lib\site-packages\telegram\_bot.py", line 732, in _do_post
    result = await request.post(
             ^^^^^^^^^^^^^^^^^^^
    ...<6 lines>...
    )
    ^
  File "C:\Users\OurPresent\Downloads\Maestría BD\Proyecto Final\GmailPointsWatcher\.venv\Lib\site-packages\telegram\request\_baserequest.py", line 198, in post
    result = await self._request_wrapper(
             ^^^^^^^^^^^^^^^^^^^^^^^^^^^^
    ...<7 lines>...
    )
    ^
  File "C:\Users\OurPresent\Downloads\Maestría BD\Proyecto Final\GmailPointsWatcher\.venv\Lib\site-packages\telegram\request\_baserequest.py", line 375, in _request_wrapper
    raise exception
telegram.error.Conflict: Conflict: terminated by other getUpdates request; make sure that only one bot instance is running
2025-12-12 19:35:48,330 INFO Running job "_email_job (trigger: interval[0:01:00], next run at: 2025-12-13 00:36:48 UTC)" (scheduled at 2025-12-13 00:35:48.319770+00:00)
2025-12-12 19:35:48,758 INFO Running job "_email_job (trigger: interval[0:01:00], next run at: 2025-12-13 00:36:48 UTC)" (scheduled at 2025-12-13 00:35:48.746944+00:00)
2025-12-12 19:35:49,035 INFO Job "_email_job (trigger: interval[0:01:00], next run at: 2025-12-13 00:36:48 UTC)" executed successfully
2025-12-12 19:35:49,327 INFO Job "_email_job (trigger: interval[0:01:00], next run at: 2025-12-13 00:36:48 UTC)" executed successfully
2025-12-12 19:35:49,629 INFO HTTP Request: POST https://api.telegram.org/bot8428323516:AAElzjmSPfUeCoTGKbm7wnDLSZ5ek1-6Gvc/getUpdates "HTTP/1.1 200 OK"
2025-12-12 19:35:59,780 INFO HTTP Request: POST https://api.telegram.org/bot8428323516:AAElzjmSPfUeCoTGKbm7wnDLSZ5ek1-6Gvc/getUpdates "HTTP/1.1 200 OK"
2025-12-12 19:36:09,931 INFO HTTP Request: POST https://api.telegram.org/bot8428323516:AAElzjmSPfUeCoTGKbm7wnDLSZ5ek1-6Gvc/getUpdates "HTTP/1.1 200 OK"
2025-12-12 19:36:13,215 INFO HTTP Request: POST https://api.telegram.org/bot8428323516:AAElzjmSPfUeCoTGKbm7wnDLSZ5ek1-6Gvc/getUpdates "HTTP/1.1 409 Conflict"
2025-12-12 19:36:13,216 ERROR No error handlers are registered, logging exception.
Traceback (most recent call last):
  File "C:\Users\OurPresent\Downloads\Maestría BD\Proyecto Final\GmailPointsWatcher\.venv\Lib\site-packages\telegram\ext\_utils\networkloop.py", line 134, in network_retry_loop
    await do_action()
  File "C:\Users\OurPresent\Downloads\Maestría BD\Proyecto Final\GmailPointsWatcher\.venv\Lib\site-packages\telegram\ext\_utils\networkloop.py", line 127, in do_action
    action_cb_task.result()
    ~~~~~~~~~~~~~~~~~~~~~^^
  File "C:\Users\OurPresent\Downloads\Maestría BD\Proyecto Final\GmailPointsWatcher\.venv\Lib\site-packages\telegram\ext\_updater.py", line 340, in polling_action_cb
    updates = await self.bot.get_updates(
              ^^^^^^^^^^^^^^^^^^^^^^^^^^^
    ...<3 lines>...
    )
    ^
  File "C:\Users\OurPresent\Downloads\Maestría BD\Proyecto Final\GmailPointsWatcher\.venv\Lib\site-packages\telegram\ext\_extbot.py", line 676, in get_updates
    updates = await super().get_updates(
              ^^^^^^^^^^^^^^^^^^^^^^^^^^
    ...<9 lines>...
    )
    ^
  File "C:\Users\OurPresent\Downloads\Maestría BD\Proyecto Final\GmailPointsWatcher\.venv\Lib\site-packages\telegram\_bot.py", line 4780, in get_updates
    await self._post(
    ^^^^^^^^^^^^^^^^^
    ...<7 lines>...
    ),
    ^
  File "C:\Users\OurPresent\Downloads\Maestría BD\Proyecto Final\GmailPointsWatcher\.venv\Lib\site-packages\telegram\_bot.py", line 703, in _post
    return await self._do_post(
           ^^^^^^^^^^^^^^^^^^^^
    ...<6 lines>...
    )
    ^
  File "C:\Users\OurPresent\Downloads\Maestría BD\Proyecto Final\GmailPointsWatcher\.venv\Lib\site-packages\telegram\ext\_extbot.py", line 372, in _do_post
    return await super()._do_post(
           ^^^^^^^^^^^^^^^^^^^^^^^
    ...<6 lines>...
    )
    ^
  File "C:\Users\OurPresent\Downloads\Maestría BD\Proyecto Final\GmailPointsWatcher\.venv\Lib\site-packages\telegram\_bot.py", line 732, in _do_post
    result = await request.post(
             ^^^^^^^^^^^^^^^^^^^
    ...<6 lines>...
    )
    ^
  File "C:\Users\OurPresent\Downloads\Maestría BD\Proyecto Final\GmailPointsWatcher\.venv\Lib\site-packages\telegram\request\_baserequest.py", line 198, in post
    result = await self._request_wrapper(
             ^^^^^^^^^^^^^^^^^^^^^^^^^^^^
    ...<7 lines>...
    )
    ^
  File "C:\Users\OurPresent\Downloads\Maestría BD\Proyecto Final\GmailPointsWatcher\.venv\Lib\site-packages\telegram\request\_baserequest.py", line 375, in _request_wrapper
    raise exception
telegram.error.Conflict: Conflict: terminated by other getUpdates request; make sure that only one bot instance is running
2025-12-12 19:36:17,380 INFO HTTP Request: POST https://api.telegram.org/bot8428323516:AAElzjmSPfUeCoTGKbm7wnDLSZ5ek1-6Gvc/getUpdates "HTTP/1.1 409 Conflict"
2025-12-12 19:36:17,381 ERROR No error handlers are registered, logging exception.
Traceback (most recent call last):
  File "C:\Users\OurPresent\Downloads\Maestría BD\Proyecto Final\GmailPointsWatcher\.venv\Lib\site-packages\telegram\ext\_utils\networkloop.py", line 134, in network_retry_loop
    await do_action()
  File "C:\Users\OurPresent\Downloads\Maestría BD\Proyecto Final\GmailPointsWatcher\.venv\Lib\site-packages\telegram\ext\_utils\networkloop.py", line 127, in do_action
    action_cb_task.result()
    ~~~~~~~~~~~~~~~~~~~~~^^
  File "C:\Users\OurPresent\Downloads\Maestría BD\Proyecto Final\GmailPointsWatcher\.venv\Lib\site-packages\telegram\ext\_updater.py", line 340, in polling_action_cb
    updates = await self.bot.get_updates(
              ^^^^^^^^^^^^^^^^^^^^^^^^^^^
    ...<3 lines>...
    )
    ^
  File "C:\Users\OurPresent\Downloads\Maestría BD\Proyecto Final\GmailPointsWatcher\.venv\Lib\site-packages\telegram\ext\_extbot.py", line 676, in get_updates
    updates = await super().get_updates(
              ^^^^^^^^^^^^^^^^^^^^^^^^^^
    ...<9 lines>...
    )
    ^
  File "C:\Users\OurPresent\Downloads\Maestría BD\Proyecto Final\GmailPointsWatcher\.venv\Lib\site-packages\telegram\_bot.py", line 4780, in get_updates
    await self._post(
    ^^^^^^^^^^^^^^^^^
    ...<7 lines>...
    ),
    ^
  File "C:\Users\OurPresent\Downloads\Maestría BD\Proyecto Final\GmailPointsWatcher\.venv\Lib\site-packages\telegram\_bot.py", line 703, in _post
    return await self._do_post(
           ^^^^^^^^^^^^^^^^^^^^
    ...<6 lines>...
    )
    ^
  File "C:\Users\OurPresent\Downloads\Maestría BD\Proyecto Final\GmailPointsWatcher\.venv\Lib\site-packages\telegram\ext\_extbot.py", line 372, in _do_post
    return await super()._do_post(
           ^^^^^^^^^^^^^^^^^^^^^^^
    ...<6 lines>...
    )
    ^
  File "C:\Users\OurPresent\Downloads\Maestría BD\Proyecto Final\GmailPointsWatcher\.venv\Lib\site-packages\telegram\_bot.py", line 732, in _do_post
    result = await request.post(
             ^^^^^^^^^^^^^^^^^^^
    ...<6 lines>...
    )
    ^
  File "C:\Users\OurPresent\Downloads\Maestría BD\Proyecto Final\GmailPointsWatcher\.venv\Lib\site-packages\telegram\request\_baserequest.py", line 198, in post
    result = await self._request_wrapper(
             ^^^^^^^^^^^^^^^^^^^^^^^^^^^^
    ...<7 lines>...
    )
    ^
  File "C:\Users\OurPresent\Downloads\Maestría BD\Proyecto Final\GmailPointsWatcher\.venv\Lib\site-packages\telegram\request\_baserequest.py", line 375, in _request_wrapper
    raise exception
telegram.error.Conflict: Conflict: terminated by other getUpdates request; make sure that only one bot instance is running
2025-12-12 19:36:24,381 INFO HTTP Request: POST https://api.telegram.org/bot8428323516:AAElzjmSPfUeCoTGKbm7wnDLSZ5ek1-6Gvc/getUpdates "HTTP/1.1 200 OK"
2025-12-12 19:36:34,534 INFO HTTP Request: POST https://api.telegram.org/bot8428323516:AAElzjmSPfUeCoTGKbm7wnDLSZ5ek1-6Gvc/getUpdates "HTTP/1.1 200 OK"
2025-12-12 19:36:44,686 INFO HTTP Request: POST https://api.telegram.org/bot8428323516:AAElzjmSPfUeCoTGKbm7wnDLSZ5ek1-6Gvc/getUpdates "HTTP/1.1 200 OK"
2025-12-12 19:36:47,858 INFO HTTP Request: POST https://api.telegram.org/bot8428323516:AAElzjmSPfUeCoTGKbm7wnDLSZ5ek1-6Gvc/getUpdates "HTTP/1.1 409 Conflict"
2025-12-12 19:36:47,859 ERROR No error handlers are registered, logging exception.
Traceback (most recent call last):
  File "C:\Users\OurPresent\Downloads\Maestría BD\Proyecto Final\GmailPointsWatcher\.venv\Lib\site-packages\telegram\ext\_utils\networkloop.py", line 134, in network_retry_loop
    await do_action()
  File "C:\Users\OurPresent\Downloads\Maestría BD\Proyecto Final\GmailPointsWatcher\.venv\Lib\site-packages\telegram\ext\_utils\networkloop.py", line 127, in do_action
    action_cb_task.result()
    ~~~~~~~~~~~~~~~~~~~~~^^
  File "C:\Users\OurPresent\Downloads\Maestría BD\Proyecto Final\GmailPointsWatcher\.venv\Lib\site-packages\telegram\ext\_updater.py", line 340, in polling_action_cb
    updates = await self.bot.get_updates(
              ^^^^^^^^^^^^^^^^^^^^^^^^^^^
    ...<3 lines>...
    )
    ^
  File "C:\Users\OurPresent\Downloads\Maestría BD\Proyecto Final\GmailPointsWatcher\.venv\Lib\site-packages\telegram\ext\_extbot.py", line 676, in get_updates
    updates = await super().get_updates(
              ^^^^^^^^^^^^^^^^^^^^^^^^^^
    ...<9 lines>...
    )
    ^
  File "C:\Users\OurPresent\Downloads\Maestría BD\Proyecto Final\GmailPointsWatcher\.venv\Lib\site-packages\telegram\_bot.py", line 4780, in get_updates
    await self._post(
    ^^^^^^^^^^^^^^^^^
    ...<7 lines>...
    ),
    ^
  File "C:\Users\OurPresent\Downloads\Maestría BD\Proyecto Final\GmailPointsWatcher\.venv\Lib\site-packages\telegram\_bot.py", line 703, in _post
    return await self._do_post(
           ^^^^^^^^^^^^^^^^^^^^
    ...<6 lines>...
    )
    ^
  File "C:\Users\OurPresent\Downloads\Maestría BD\Proyecto Final\GmailPointsWatcher\.venv\Lib\site-packages\telegram\ext\_extbot.py", line 372, in _do_post
    return await super()._do_post(
           ^^^^^^^^^^^^^^^^^^^^^^^
    ...<6 lines>...
    )
    ^
  File "C:\Users\OurPresent\Downloads\Maestría BD\Proyecto Final\GmailPointsWatcher\.venv\Lib\site-packages\telegram\_bot.py", line 732, in _do_post
    result = await request.post(
             ^^^^^^^^^^^^^^^^^^^
    ...<6 lines>...
    )
    ^
  File "C:\Users\OurPresent\Downloads\Maestría BD\Proyecto Final\GmailPointsWatcher\.venv\Lib\site-packages\telegram\request\_baserequest.py", line 198, in post
    result = await self._request_wrapper(
             ^^^^^^^^^^^^^^^^^^^^^^^^^^^^
    ...<7 lines>...
    )
    ^
  File "C:\Users\OurPresent\Downloads\Maestría BD\Proyecto Final\GmailPointsWatcher\.venv\Lib\site-packages\telegram\request\_baserequest.py", line 375, in _request_wrapper
    raise exception
telegram.error.Conflict: Conflict: terminated by other getUpdates request; make sure that only one bot instance is running
2025-12-12 19:36:48,322 INFO Running job "_email_job (trigger: interval[0:01:00], next run at: 2025-12-13 00:37:48 UTC)" (scheduled at 2025-12-13 00:36:48.319770+00:00)
2025-12-12 19:36:48,761 INFO Running job "_email_job (trigger: interval[0:01:00], next run at: 2025-12-13 00:37:48 UTC)" (scheduled at 2025-12-13 00:36:48.746944+00:00)
2025-12-12 19:36:48,899 INFO Job "_email_job (trigger: interval[0:01:00], next run at: 2025-12-13 00:37:48 UTC)" executed successfully
2025-12-12 19:36:49,337 INFO Job "_email_job (trigger: interval[0:01:00], next run at: 2025-12-13 00:37:48 UTC)" executed successfully
2025-12-12 19:36:52,027 INFO HTTP Request: POST https://api.telegram.org/bot8428323516:AAElzjmSPfUeCoTGKbm7wnDLSZ5ek1-6Gvc/getUpdates "HTTP/1.1 409 Conflict"
2025-12-12 19:36:52,028 ERROR No error handlers are registered, logging exception.
Traceback (most recent call last):
  File "C:\Users\OurPresent\Downloads\Maestría BD\Proyecto Final\GmailPointsWatcher\.venv\Lib\site-packages\telegram\ext\_utils\networkloop.py", line 134, in network_retry_loop
    await do_action()
  File "C:\Users\OurPresent\Downloads\Maestría BD\Proyecto Final\GmailPointsWatcher\.venv\Lib\site-packages\telegram\ext\_utils\networkloop.py", line 127, in do_action
    action_cb_task.result()
    ~~~~~~~~~~~~~~~~~~~~~^^
  File "C:\Users\OurPresent\Downloads\Maestría BD\Proyecto Final\GmailPointsWatcher\.venv\Lib\site-packages\telegram\ext\_updater.py", line 340, in polling_action_cb
    updates = await self.bot.get_updates(
              ^^^^^^^^^^^^^^^^^^^^^^^^^^^
    ...<3 lines>...
    )
    ^
  File "C:\Users\OurPresent\Downloads\Maestría BD\Proyecto Final\GmailPointsWatcher\.venv\Lib\site-packages\telegram\ext\_extbot.py", line 676, in get_updates
    updates = await super().get_updates(
              ^^^^^^^^^^^^^^^^^^^^^^^^^^
    ...<9 lines>...
    )
    ^
  File "C:\Users\OurPresent\Downloads\Maestría BD\Proyecto Final\GmailPointsWatcher\.venv\Lib\site-packages\telegram\_bot.py", line 4780, in get_updates
    await self._post(
    ^^^^^^^^^^^^^^^^^
    ...<7 lines>...
    ),
    ^
  File "C:\Users\OurPresent\Downloads\Maestría BD\Proyecto Final\GmailPointsWatcher\.venv\Lib\site-packages\telegram\_bot.py", line 703, in _post
    return await self._do_post(
           ^^^^^^^^^^^^^^^^^^^^
    ...<6 lines>...
    )
    ^
  File "C:\Users\OurPresent\Downloads\Maestría BD\Proyecto Final\GmailPointsWatcher\.venv\Lib\site-packages\telegram\ext\_extbot.py", line 372, in _do_post
    return await super()._do_post(
           ^^^^^^^^^^^^^^^^^^^^^^^
    ...<6 lines>...
    )
    ^
  File "C:\Users\OurPresent\Downloads\Maestría BD\Proyecto Final\GmailPointsWatcher\.venv\Lib\site-packages\telegram\_bot.py", line 732, in _do_post
    result = await request.post(
             ^^^^^^^^^^^^^^^^^^^
    ...<6 lines>...
    )
    ^
  File "C:\Users\OurPresent\Downloads\Maestría BD\Proyecto Final\GmailPointsWatcher\.venv\Lib\site-packages\telegram\request\_baserequest.py", line 198, in post
    result = await self._request_wrapper(
             ^^^^^^^^^^^^^^^^^^^^^^^^^^^^
    ...<7 lines>...
    )
    ^
  File "C:\Users\OurPresent\Downloads\Maestría BD\Proyecto Final\GmailPointsWatcher\.venv\Lib\site-packages\telegram\request\_baserequest.py", line 375, in _request_wrapper
    raise exception
telegram.error.Conflict: Conflict: terminated by other getUpdates request; make sure that only one bot instance is running
2025-12-12 19:36:59,022 INFO HTTP Request: POST https://api.telegram.org/bot8428323516:AAElzjmSPfUeCoTGKbm7wnDLSZ5ek1-6Gvc/getUpdates "HTTP/1.1 200 OK"
2025-12-12 19:37:09,173 INFO HTTP Request: POST https://api.telegram.org/bot8428323516:AAElzjmSPfUeCoTGKbm7wnDLSZ5ek1-6Gvc/getUpdates "HTTP/1.1 200 OK"
2025-12-12 19:37:19,325 INFO HTTP Request: POST https://api.telegram.org/bot8428323516:AAElzjmSPfUeCoTGKbm7wnDLSZ5ek1-6Gvc/getUpdates "HTTP/1.1 200 OK"
2025-12-12 19:37:22,614 INFO HTTP Request: POST https://api.telegram.org/bot8428323516:AAElzjmSPfUeCoTGKbm7wnDLSZ5ek1-6Gvc/getUpdates "HTTP/1.1 409 Conflict"
2025-12-12 19:37:22,615 ERROR No error handlers are registered, logging exception.
Traceback (most recent call last):
  File "C:\Users\OurPresent\Downloads\Maestría BD\Proyecto Final\GmailPointsWatcher\.venv\Lib\site-packages\telegram\ext\_utils\networkloop.py", line 134, in network_retry_loop
    await do_action()
  File "C:\Users\OurPresent\Downloads\Maestría BD\Proyecto Final\GmailPointsWatcher\.venv\Lib\site-packages\telegram\ext\_utils\networkloop.py", line 127, in do_action
    action_cb_task.result()
    ~~~~~~~~~~~~~~~~~~~~~^^
  File "C:\Users\OurPresent\Downloads\Maestría BD\Proyecto Final\GmailPointsWatcher\.venv\Lib\site-packages\telegram\ext\_updater.py", line 340, in polling_action_cb
    updates = await self.bot.get_updates(
              ^^^^^^^^^^^^^^^^^^^^^^^^^^^
    ...<3 lines>...
    )
    ^
  File "C:\Users\OurPresent\Downloads\Maestría BD\Proyecto Final\GmailPointsWatcher\.venv\Lib\site-packages\telegram\ext\_extbot.py", line 676, in get_updates
    updates = await super().get_updates(
              ^^^^^^^^^^^^^^^^^^^^^^^^^^
    ...<9 lines>...
    )
    ^
  File "C:\Users\OurPresent\Downloads\Maestría BD\Proyecto Final\GmailPointsWatcher\.venv\Lib\site-packages\telegram\_bot.py", line 4780, in get_updates
    await self._post(
    ^^^^^^^^^^^^^^^^^
    ...<7 lines>...
    ),
    ^
  File "C:\Users\OurPresent\Downloads\Maestría BD\Proyecto Final\GmailPointsWatcher\.venv\Lib\site-packages\telegram\_bot.py", line 703, in _post
    return await self._do_post(
           ^^^^^^^^^^^^^^^^^^^^
    ...<6 lines>...
    )
    ^
  File "C:\Users\OurPresent\Downloads\Maestría BD\Proyecto Final\GmailPointsWatcher\.venv\Lib\site-packages\telegram\ext\_extbot.py", line 372, in _do_post
    return await super()._do_post(
           ^^^^^^^^^^^^^^^^^^^^^^^
    ...<6 lines>...
    )
    ^
  File "C:\Users\OurPresent\Downloads\Maestría BD\Proyecto Final\GmailPointsWatcher\.venv\Lib\site-packages\telegram\_bot.py", line 732, in _do_post
    result = await request.post(
             ^^^^^^^^^^^^^^^^^^^
    ...<6 lines>...
    )
    ^
  File "C:\Users\OurPresent\Downloads\Maestría BD\Proyecto Final\GmailPointsWatcher\.venv\Lib\site-packages\telegram\request\_baserequest.py", line 198, in post
    result = await self._request_wrapper(
             ^^^^^^^^^^^^^^^^^^^^^^^^^^^^
    ...<7 lines>...
    )
    ^
  File "C:\Users\OurPresent\Downloads\Maestría BD\Proyecto Final\GmailPointsWatcher\.venv\Lib\site-packages\telegram\request\_baserequest.py", line 375, in _request_wrapper
    raise exception
telegram.error.Conflict: Conflict: terminated by other getUpdates request; make sure that only one bot instance is running
2025-12-12 19:37:26,779 INFO HTTP Request: POST https://api.telegram.org/bot8428323516:AAElzjmSPfUeCoTGKbm7wnDLSZ5ek1-6Gvc/getUpdates "HTTP/1.1 409 Conflict"
2025-12-12 19:37:26,780 ERROR No error handlers are registered, logging exception.
Traceback (most recent call last):
  File "C:\Users\OurPresent\Downloads\Maestría BD\Proyecto Final\GmailPointsWatcher\.venv\Lib\site-packages\telegram\ext\_utils\networkloop.py", line 134, in network_retry_loop
    await do_action()
  File "C:\Users\OurPresent\Downloads\Maestría BD\Proyecto Final\GmailPointsWatcher\.venv\Lib\site-packages\telegram\ext\_utils\networkloop.py", line 127, in do_action
    action_cb_task.result()
    ~~~~~~~~~~~~~~~~~~~~~^^
  File "C:\Users\OurPresent\Downloads\Maestría BD\Proyecto Final\GmailPointsWatcher\.venv\Lib\site-packages\telegram\ext\_updater.py", line 340, in polling_action_cb
    updates = await self.bot.get_updates(
              ^^^^^^^^^^^^^^^^^^^^^^^^^^^
    ...<3 lines>...
    )
    ^
  File "C:\Users\OurPresent\Downloads\Maestría BD\Proyecto Final\GmailPointsWatcher\.venv\Lib\site-packages\telegram\ext\_extbot.py", line 676, in get_updates
    updates = await super().get_updates(
              ^^^^^^^^^^^^^^^^^^^^^^^^^^
    ...<9 lines>...
    )
    ^
  File "C:\Users\OurPresent\Downloads\Maestría BD\Proyecto Final\GmailPointsWatcher\.venv\Lib\site-packages\telegram\_bot.py", line 4780, in get_updates
    await self._post(
    ^^^^^^^^^^^^^^^^^
    ...<7 lines>...
    ),
    ^
  File "C:\Users\OurPresent\Downloads\Maestría BD\Proyecto Final\GmailPointsWatcher\.venv\Lib\site-packages\telegram\_bot.py", line 703, in _post
    return await self._do_post(
           ^^^^^^^^^^^^^^^^^^^^
    ...<6 lines>...
    )
    ^
  File "C:\Users\OurPresent\Downloads\Maestría BD\Proyecto Final\GmailPointsWatcher\.venv\Lib\site-packages\telegram\ext\_extbot.py", line 372, in _do_post
    return await super()._do_post(
           ^^^^^^^^^^^^^^^^^^^^^^^
    ...<6 lines>...
    )
    ^
  File "C:\Users\OurPresent\Downloads\Maestría BD\Proyecto Final\GmailPointsWatcher\.venv\Lib\site-packages\telegram\_bot.py", line 732, in _do_post
    result = await request.post(
             ^^^^^^^^^^^^^^^^^^^
    ...<6 lines>...
    )
    ^
  File "C:\Users\OurPresent\Downloads\Maestría BD\Proyecto Final\GmailPointsWatcher\.venv\Lib\site-packages\telegram\request\_baserequest.py", line 198, in post
    result = await self._request_wrapper(
             ^^^^^^^^^^^^^^^^^^^^^^^^^^^^
    ...<7 lines>...
    )
    ^
  File "C:\Users\OurPresent\Downloads\Maestría BD\Proyecto Final\GmailPointsWatcher\.venv\Lib\site-packages\telegram\request\_baserequest.py", line 375, in _request_wrapper
    raise exception
telegram.error.Conflict: Conflict: terminated by other getUpdates request; make sure that only one bot instance is running
2025-12-12 19:37:33,773 INFO HTTP Request: POST https://api.telegram.org/bot8428323516:AAElzjmSPfUeCoTGKbm7wnDLSZ5ek1-6Gvc/getUpdates "HTTP/1.1 200 OK"
2025-12-12 19:37:43,924 INFO HTTP Request: POST https://api.telegram.org/bot8428323516:AAElzjmSPfUeCoTGKbm7wnDLSZ5ek1-6Gvc/getUpdates "HTTP/1.1 200 OK"
2025-12-12 19:37:48,321 INFO Running job "_email_job (trigger: interval[0:01:00], next run at: 2025-12-13 00:38:48 UTC)" (scheduled at 2025-12-13 00:37:48.319770+00:00)
2025-12-12 19:37:48,747 INFO Running job "_email_job (trigger: interval[0:01:00], next run at: 2025-12-13 00:38:48 UTC)" (scheduled at 2025-12-13 00:37:48.746944+00:00)
2025-12-12 19:37:49,023 INFO Job "_email_job (trigger: interval[0:01:00], next run at: 2025-12-13 00:38:48 UTC)" executed successfully
2025-12-12 19:37:49,310 INFO Job "_email_job (trigger: interval[0:01:00], next run at: 2025-12-13 00:38:48 UTC)" executed successfully
2025-12-12 19:37:54,077 INFO HTTP Request: POST https://api.telegram.org/bot8428323516:AAElzjmSPfUeCoTGKbm7wnDLSZ5ek1-6Gvc/getUpdates "HTTP/1.1 200 OK"
2025-12-12 19:37:57,355 INFO HTTP Request: POST https://api.telegram.org/bot8428323516:AAElzjmSPfUeCoTGKbm7wnDLSZ5ek1-6Gvc/getUpdates "HTTP/1.1 409 Conflict"
2025-12-12 19:37:57,357 ERROR No error handlers are registered, logging exception.
Traceback (most recent call last):
  File "C:\Users\OurPresent\Downloads\Maestría BD\Proyecto Final\GmailPointsWatcher\.venv\Lib\site-packages\telegram\ext\_utils\networkloop.py", line 134, in network_retry_loop
    await do_action()
  File "C:\Users\OurPresent\Downloads\Maestría BD\Proyecto Final\GmailPointsWatcher\.venv\Lib\site-packages\telegram\ext\_utils\networkloop.py", line 127, in do_action
    action_cb_task.result()
    ~~~~~~~~~~~~~~~~~~~~~^^
  File "C:\Users\OurPresent\Downloads\Maestría BD\Proyecto Final\GmailPointsWatcher\.venv\Lib\site-packages\telegram\ext\_updater.py", line 340, in polling_action_cb
    updates = await self.bot.get_updates(
              ^^^^^^^^^^^^^^^^^^^^^^^^^^^
    ...<3 lines>...
    )
    ^
  File "C:\Users\OurPresent\Downloads\Maestría BD\Proyecto Final\GmailPointsWatcher\.venv\Lib\site-packages\telegram\ext\_extbot.py", line 676, in get_updates
    updates = await super().get_updates(
              ^^^^^^^^^^^^^^^^^^^^^^^^^^
    ...<9 lines>...
    )
    ^
  File "C:\Users\OurPresent\Downloads\Maestría BD\Proyecto Final\GmailPointsWatcher\.venv\Lib\site-packages\telegram\_bot.py", line 4780, in get_updates
    await self._post(
    ^^^^^^^^^^^^^^^^^
    ...<7 lines>...
    ),
    ^
  File "C:\Users\OurPresent\Downloads\Maestría BD\Proyecto Final\GmailPointsWatcher\.venv\Lib\site-packages\telegram\_bot.py", line 703, in _post
    return await self._do_post(
           ^^^^^^^^^^^^^^^^^^^^
    ...<6 lines>...
    )
    ^
  File "C:\Users\OurPresent\Downloads\Maestría BD\Proyecto Final\GmailPointsWatcher\.venv\Lib\site-packages\telegram\ext\_extbot.py", line 372, in _do_post
    return await super()._do_post(
           ^^^^^^^^^^^^^^^^^^^^^^^
    ...<6 lines>...
    )
    ^
  File "C:\Users\OurPresent\Downloads\Maestría BD\Proyecto Final\GmailPointsWatcher\.venv\Lib\site-packages\telegram\_bot.py", line 732, in _do_post
    result = await request.post(
             ^^^^^^^^^^^^^^^^^^^
    ...<6 lines>...
    )
    ^
  File "C:\Users\OurPresent\Downloads\Maestría BD\Proyecto Final\GmailPointsWatcher\.venv\Lib\site-packages\telegram\request\_baserequest.py", line 198, in post
    result = await self._request_wrapper(
             ^^^^^^^^^^^^^^^^^^^^^^^^^^^^
    ...<7 lines>...
    )
    ^
  File "C:\Users\OurPresent\Downloads\Maestría BD\Proyecto Final\GmailPointsWatcher\.venv\Lib\site-packages\telegram\request\_baserequest.py", line 375, in _request_wrapper
    raise exception
telegram.error.Conflict: Conflict: terminated by other getUpdates request; make sure that only one bot instance is running
2025-12-12 19:38:01,520 INFO HTTP Request: POST https://api.telegram.org/bot8428323516:AAElzjmSPfUeCoTGKbm7wnDLSZ5ek1-6Gvc/getUpdates "HTTP/1.1 409 Conflict"
2025-12-12 19:38:01,521 ERROR No error handlers are registered, logging exception.
Traceback (most recent call last):
  File "C:\Users\OurPresent\Downloads\Maestría BD\Proyecto Final\GmailPointsWatcher\.venv\Lib\site-packages\telegram\ext\_utils\networkloop.py", line 134, in network_retry_loop
    await do_action()
  File "C:\Users\OurPresent\Downloads\Maestría BD\Proyecto Final\GmailPointsWatcher\.venv\Lib\site-packages\telegram\ext\_utils\networkloop.py", line 127, in do_action
    action_cb_task.result()
    ~~~~~~~~~~~~~~~~~~~~~^^
  File "C:\Users\OurPresent\Downloads\Maestría BD\Proyecto Final\GmailPointsWatcher\.venv\Lib\site-packages\telegram\ext\_updater.py", line 340, in polling_action_cb
    updates = await self.bot.get_updates(
              ^^^^^^^^^^^^^^^^^^^^^^^^^^^
    ...<3 lines>...
    )
    ^
  File "C:\Users\OurPresent\Downloads\Maestría BD\Proyecto Final\GmailPointsWatcher\.venv\Lib\site-packages\telegram\ext\_extbot.py", line 676, in get_updates
    updates = await super().get_updates(
              ^^^^^^^^^^^^^^^^^^^^^^^^^^
    ...<9 lines>...
    )
    ^
  File "C:\Users\OurPresent\Downloads\Maestría BD\Proyecto Final\GmailPointsWatcher\.venv\Lib\site-packages\telegram\_bot.py", line 4780, in get_updates
    await self._post(
    ^^^^^^^^^^^^^^^^^
    ...<7 lines>...
    ),
    ^
  File "C:\Users\OurPresent\Downloads\Maestría BD\Proyecto Final\GmailPointsWatcher\.venv\Lib\site-packages\telegram\_bot.py", line 703, in _post
    return await self._do_post(
           ^^^^^^^^^^^^^^^^^^^^
    ...<6 lines>...
    )
    ^
  File "C:\Users\OurPresent\Downloads\Maestría BD\Proyecto Final\GmailPointsWatcher\.venv\Lib\site-packages\telegram\ext\_extbot.py", line 372, in _do_post
    return await super()._do_post(
           ^^^^^^^^^^^^^^^^^^^^^^^
    ...<6 lines>...
    )
    ^
  File "C:\Users\OurPresent\Downloads\Maestría BD\Proyecto Final\GmailPointsWatcher\.venv\Lib\site-packages\telegram\_bot.py", line 732, in _do_post
    result = await request.post(
             ^^^^^^^^^^^^^^^^^^^
    ...<6 lines>...
    )
    ^
  File "C:\Users\OurPresent\Downloads\Maestría BD\Proyecto Final\GmailPointsWatcher\.venv\Lib\site-packages\telegram\request\_baserequest.py", line 198, in post
    result = await self._request_wrapper(
             ^^^^^^^^^^^^^^^^^^^^^^^^^^^^
    ...<7 lines>...
    )
    ^
  File "C:\Users\OurPresent\Downloads\Maestría BD\Proyecto Final\GmailPointsWatcher\.venv\Lib\site-packages\telegram\request\_baserequest.py", line 375, in _request_wrapper
    raise exception
telegram.error.Conflict: Conflict: terminated by other getUpdates request; make sure that only one bot instance is running
2025-12-12 19:38:08,520 INFO HTTP Request: POST https://api.telegram.org/bot8428323516:AAElzjmSPfUeCoTGKbm7wnDLSZ5ek1-6Gvc/getUpdates "HTTP/1.1 200 OK"
2025-12-12 19:38:18,672 INFO HTTP Request: POST https://api.telegram.org/bot8428323516:AAElzjmSPfUeCoTGKbm7wnDLSZ5ek1-6Gvc/getUpdates "HTTP/1.1 200 OK"
2025-12-12 19:38:28,823 INFO HTTP Request: POST https://api.telegram.org/bot8428323516:AAElzjmSPfUeCoTGKbm7wnDLSZ5ek1-6Gvc/getUpdates "HTTP/1.1 200 OK"
2025-12-12 19:38:32,110 INFO HTTP Request: POST https://api.telegram.org/bot8428323516:AAElzjmSPfUeCoTGKbm7wnDLSZ5ek1-6Gvc/getUpdates "HTTP/1.1 409 Conflict"
2025-12-12 19:38:32,111 ERROR No error handlers are registered, logging exception.
Traceback (most recent call last):
  File "C:\Users\OurPresent\Downloads\Maestría BD\Proyecto Final\GmailPointsWatcher\.venv\Lib\site-packages\telegram\ext\_utils\networkloop.py", line 134, in network_retry_loop
    await do_action()
  File "C:\Users\OurPresent\Downloads\Maestría BD\Proyecto Final\GmailPointsWatcher\.venv\Lib\site-packages\telegram\ext\_utils\networkloop.py", line 127, in do_action
    action_cb_task.result()
    ~~~~~~~~~~~~~~~~~~~~~^^
  File "C:\Users\OurPresent\Downloads\Maestría BD\Proyecto Final\GmailPointsWatcher\.venv\Lib\site-packages\telegram\ext\_updater.py", line 340, in polling_action_cb
    updates = await self.bot.get_updates(
              ^^^^^^^^^^^^^^^^^^^^^^^^^^^
    ...<3 lines>...
    )
    ^
  File "C:\Users\OurPresent\Downloads\Maestría BD\Proyecto Final\GmailPointsWatcher\.venv\Lib\site-packages\telegram\ext\_extbot.py", line 676, in get_updates
    updates = await super().get_updates(
              ^^^^^^^^^^^^^^^^^^^^^^^^^^
    ...<9 lines>...
    )
    ^
  File "C:\Users\OurPresent\Downloads\Maestría BD\Proyecto Final\GmailPointsWatcher\.venv\Lib\site-packages\telegram\_bot.py", line 4780, in get_updates
    await self._post(
    ^^^^^^^^^^^^^^^^^
    ...<7 lines>...
    ),
    ^
  File "C:\Users\OurPresent\Downloads\Maestría BD\Proyecto Final\GmailPointsWatcher\.venv\Lib\site-packages\telegram\_bot.py", line 703, in _post
    return await self._do_post(
           ^^^^^^^^^^^^^^^^^^^^
    ...<6 lines>...
    )
    ^
  File "C:\Users\OurPresent\Downloads\Maestría BD\Proyecto Final\GmailPointsWatcher\.venv\Lib\site-packages\telegram\ext\_extbot.py", line 372, in _do_post
    return await super()._do_post(
           ^^^^^^^^^^^^^^^^^^^^^^^
    ...<6 lines>...
    )
    ^
  File "C:\Users\OurPresent\Downloads\Maestría BD\Proyecto Final\GmailPointsWatcher\.venv\Lib\site-packages\telegram\_bot.py", line 732, in _do_post
    result = await request.post(
             ^^^^^^^^^^^^^^^^^^^
    ...<6 lines>...
    )
    ^
  File "C:\Users\OurPresent\Downloads\Maestría BD\Proyecto Final\GmailPointsWatcher\.venv\Lib\site-packages\telegram\request\_baserequest.py", line 198, in post
    result = await self._request_wrapper(
             ^^^^^^^^^^^^^^^^^^^^^^^^^^^^
    ...<7 lines>...
    )
    ^
  File "C:\Users\OurPresent\Downloads\Maestría BD\Proyecto Final\GmailPointsWatcher\.venv\Lib\site-packages\telegram\request\_baserequest.py", line 375, in _request_wrapper
    raise exception
telegram.error.Conflict: Conflict: terminated by other getUpdates request; make sure that only one bot instance is running
2025-12-12 19:38:36,266 INFO HTTP Request: POST https://api.telegram.org/bot8428323516:AAElzjmSPfUeCoTGKbm7wnDLSZ5ek1-6Gvc/getUpdates "HTTP/1.1 409 Conflict"
2025-12-12 19:38:36,267 ERROR No error handlers are registered, logging exception.
Traceback (most recent call last):
  File "C:\Users\OurPresent\Downloads\Maestría BD\Proyecto Final\GmailPointsWatcher\.venv\Lib\site-packages\telegram\ext\_utils\networkloop.py", line 134, in network_retry_loop
    await do_action()
  File "C:\Users\OurPresent\Downloads\Maestría BD\Proyecto Final\GmailPointsWatcher\.venv\Lib\site-packages\telegram\ext\_utils\networkloop.py", line 127, in do_action
    action_cb_task.result()
    ~~~~~~~~~~~~~~~~~~~~~^^
  File "C:\Users\OurPresent\Downloads\Maestría BD\Proyecto Final\GmailPointsWatcher\.venv\Lib\site-packages\telegram\ext\_updater.py", line 340, in polling_action_cb
    updates = await self.bot.get_updates(
              ^^^^^^^^^^^^^^^^^^^^^^^^^^^
    ...<3 lines>...
    )
    ^
  File "C:\Users\OurPresent\Downloads\Maestría BD\Proyecto Final\GmailPointsWatcher\.venv\Lib\site-packages\telegram\ext\_extbot.py", line 676, in get_updates
    updates = await super().get_updates(
              ^^^^^^^^^^^^^^^^^^^^^^^^^^
    ...<9 lines>...
    )
    ^
  File "C:\Users\OurPresent\Downloads\Maestría BD\Proyecto Final\GmailPointsWatcher\.venv\Lib\site-packages\telegram\_bot.py", line 4780, in get_updates
    await self._post(
    ^^^^^^^^^^^^^^^^^
    ...<7 lines>...
    ),
    ^
  File "C:\Users\OurPresent\Downloads\Maestría BD\Proyecto Final\GmailPointsWatcher\.venv\Lib\site-packages\telegram\_bot.py", line 703, in _post
    return await self._do_post(
           ^^^^^^^^^^^^^^^^^^^^
    ...<6 lines>...
    )
    ^
  File "C:\Users\OurPresent\Downloads\Maestría BD\Proyecto Final\GmailPointsWatcher\.venv\Lib\site-packages\telegram\ext\_extbot.py", line 372, in _do_post
    return await super()._do_post(
           ^^^^^^^^^^^^^^^^^^^^^^^
    ...<6 lines>...
    )
    ^
  File "C:\Users\OurPresent\Downloads\Maestría BD\Proyecto Final\GmailPointsWatcher\.venv\Lib\site-packages\telegram\_bot.py", line 732, in _do_post
    result = await request.post(
             ^^^^^^^^^^^^^^^^^^^
    ...<6 lines>...
    )
    ^
  File "C:\Users\OurPresent\Downloads\Maestría BD\Proyecto Final\GmailPointsWatcher\.venv\Lib\site-packages\telegram\request\_baserequest.py", line 198, in post
    result = await self._request_wrapper(
             ^^^^^^^^^^^^^^^^^^^^^^^^^^^^
    ...<7 lines>...
    )
    ^
  File "C:\Users\OurPresent\Downloads\Maestría BD\Proyecto Final\GmailPointsWatcher\.venv\Lib\site-packages\telegram\request\_baserequest.py", line 375, in _request_wrapper
    raise exception
telegram.error.Conflict: Conflict: terminated by other getUpdates request; make sure that only one bot instance is running
2025-12-12 19:38:43,265 INFO HTTP Request: POST https://api.telegram.org/bot8428323516:AAElzjmSPfUeCoTGKbm7wnDLSZ5ek1-6Gvc/getUpdates "HTTP/1.1 200 OK"
2025-12-12 19:38:48,326 INFO Running job "_email_job (trigger: interval[0:01:00], next run at: 2025-12-13 00:39:48 UTC)" (scheduled at 2025-12-13 00:38:48.319770+00:00)
2025-12-12 19:38:48,749 INFO Running job "_email_job (trigger: interval[0:01:00], next run at: 2025-12-13 00:39:48 UTC)" (scheduled at 2025-12-13 00:38:48.746944+00:00)
2025-12-12 19:38:48,933 INFO Job "_email_job (trigger: interval[0:01:00], next run at: 2025-12-13 00:39:48 UTC)" executed successfully
2025-12-12 19:38:49,326 INFO Job "_email_job (trigger: interval[0:01:00], next run at: 2025-12-13 00:39:48 UTC)" executed successfully
2025-12-12 19:38:53,418 INFO HTTP Request: POST https://api.telegram.org/bot8428323516:AAElzjmSPfUeCoTGKbm7wnDLSZ5ek1-6Gvc/getUpdates "HTTP/1.1 200 OK"
2025-12-12 19:39:03,570 INFO HTTP Request: POST https://api.telegram.org/bot8428323516:AAElzjmSPfUeCoTGKbm7wnDLSZ5ek1-6Gvc/getUpdates "HTTP/1.1 200 OK"
2025-12-12 19:39:06,724 INFO HTTP Request: POST https://api.telegram.org/bot8428323516:AAElzjmSPfUeCoTGKbm7wnDLSZ5ek1-6Gvc/getUpdates "HTTP/1.1 409 Conflict"
2025-12-12 19:39:06,725 ERROR No error handlers are registered, logging exception.
Traceback (most recent call last):
  File "C:\Users\OurPresent\Downloads\Maestría BD\Proyecto Final\GmailPointsWatcher\.venv\Lib\site-packages\telegram\ext\_utils\networkloop.py", line 134, in network_retry_loop
    await do_action()
  File "C:\Users\OurPresent\Downloads\Maestría BD\Proyecto Final\GmailPointsWatcher\.venv\Lib\site-packages\telegram\ext\_utils\networkloop.py", line 127, in do_action
    action_cb_task.result()
    ~~~~~~~~~~~~~~~~~~~~~^^
  File "C:\Users\OurPresent\Downloads\Maestría BD\Proyecto Final\GmailPointsWatcher\.venv\Lib\site-packages\telegram\ext\_updater.py", line 340, in polling_action_cb
    updates = await self.bot.get_updates(
              ^^^^^^^^^^^^^^^^^^^^^^^^^^^
    ...<3 lines>...
    )
    ^
  File "C:\Users\OurPresent\Downloads\Maestría BD\Proyecto Final\GmailPointsWatcher\.venv\Lib\site-packages\telegram\ext\_extbot.py", line 676, in get_updates
    updates = await super().get_updates(
              ^^^^^^^^^^^^^^^^^^^^^^^^^^
    ...<9 lines>...
    )
    ^
  File "C:\Users\OurPresent\Downloads\Maestría BD\Proyecto Final\GmailPointsWatcher\.venv\Lib\site-packages\telegram\_bot.py", line 4780, in get_updates
    await self._post(
    ^^^^^^^^^^^^^^^^^
    ...<7 lines>...
    ),
    ^
  File "C:\Users\OurPresent\Downloads\Maestría BD\Proyecto Final\GmailPointsWatcher\.venv\Lib\site-packages\telegram\_bot.py", line 703, in _post
    return await self._do_post(
           ^^^^^^^^^^^^^^^^^^^^
    ...<6 lines>...
    )
    ^
  File "C:\Users\OurPresent\Downloads\Maestría BD\Proyecto Final\GmailPointsWatcher\.venv\Lib\site-packages\telegram\ext\_extbot.py", line 372, in _do_post
    return await super()._do_post(
           ^^^^^^^^^^^^^^^^^^^^^^^
    ...<6 lines>...
    )
    ^
  File "C:\Users\OurPresent\Downloads\Maestría BD\Proyecto Final\GmailPointsWatcher\.venv\Lib\site-packages\telegram\_bot.py", line 732, in _do_post
    result = await request.post(
             ^^^^^^^^^^^^^^^^^^^
    ...<6 lines>...
    )
    ^
  File "C:\Users\OurPresent\Downloads\Maestría BD\Proyecto Final\GmailPointsWatcher\.venv\Lib\site-packages\telegram\request\_baserequest.py", line 198, in post
    result = await self._request_wrapper(
             ^^^^^^^^^^^^^^^^^^^^^^^^^^^^
    ...<7 lines>...
    )
    ^
  File "C:\Users\OurPresent\Downloads\Maestría BD\Proyecto Final\GmailPointsWatcher\.venv\Lib\site-packages\telegram\request\_baserequest.py", line 375, in _request_wrapper
    raise exception
telegram.error.Conflict: Conflict: terminated by other getUpdates request; make sure that only one bot instance is running
2025-12-12 19:39:10,890 INFO HTTP Request: POST https://api.telegram.org/bot8428323516:AAElzjmSPfUeCoTGKbm7wnDLSZ5ek1-6Gvc/getUpdates "HTTP/1.1 409 Conflict"
2025-12-12 19:39:10,891 ERROR No error handlers are registered, logging exception.
Traceback (most recent call last):
  File "C:\Users\OurPresent\Downloads\Maestría BD\Proyecto Final\GmailPointsWatcher\.venv\Lib\site-packages\telegram\ext\_utils\networkloop.py", line 134, in network_retry_loop
    await do_action()
  File "C:\Users\OurPresent\Downloads\Maestría BD\Proyecto Final\GmailPointsWatcher\.venv\Lib\site-packages\telegram\ext\_utils\networkloop.py", line 127, in do_action
    action_cb_task.result()
    ~~~~~~~~~~~~~~~~~~~~~^^
  File "C:\Users\OurPresent\Downloads\Maestría BD\Proyecto Final\GmailPointsWatcher\.venv\Lib\site-packages\telegram\ext\_updater.py", line 340, in polling_action_cb
    updates = await self.bot.get_updates(
              ^^^^^^^^^^^^^^^^^^^^^^^^^^^
    ...<3 lines>...
    )
    ^
  File "C:\Users\OurPresent\Downloads\Maestría BD\Proyecto Final\GmailPointsWatcher\.venv\Lib\site-packages\telegram\ext\_extbot.py", line 676, in get_updates
    updates = await super().get_updates(
              ^^^^^^^^^^^^^^^^^^^^^^^^^^
    ...<9 lines>...
    )
    ^
  File "C:\Users\OurPresent\Downloads\Maestría BD\Proyecto Final\GmailPointsWatcher\.venv\Lib\site-packages\telegram\_bot.py", line 4780, in get_updates
    await self._post(
    ^^^^^^^^^^^^^^^^^
    ...<7 lines>...
    ),
    ^
  File "C:\Users\OurPresent\Downloads\Maestría BD\Proyecto Final\GmailPointsWatcher\.venv\Lib\site-packages\telegram\_bot.py", line 703, in _post
    return await self._do_post(
           ^^^^^^^^^^^^^^^^^^^^
    ...<6 lines>...
    )
    ^
  File "C:\Users\OurPresent\Downloads\Maestría BD\Proyecto Final\GmailPointsWatcher\.venv\Lib\site-packages\telegram\ext\_extbot.py", line 372, in _do_post
    return await super()._do_post(
           ^^^^^^^^^^^^^^^^^^^^^^^
    ...<6 lines>...
    )
    ^
  File "C:\Users\OurPresent\Downloads\Maestría BD\Proyecto Final\GmailPointsWatcher\.venv\Lib\site-packages\telegram\_bot.py", line 732, in _do_post
    result = await request.post(
             ^^^^^^^^^^^^^^^^^^^
    ...<6 lines>...
    )
    ^
  File "C:\Users\OurPresent\Downloads\Maestría BD\Proyecto Final\GmailPointsWatcher\.venv\Lib\site-packages\telegram\request\_baserequest.py", line 198, in post
    result = await self._request_wrapper(
             ^^^^^^^^^^^^^^^^^^^^^^^^^^^^
    ...<7 lines>...
    )
    ^
  File "C:\Users\OurPresent\Downloads\Maestría BD\Proyecto Final\GmailPointsWatcher\.venv\Lib\site-packages\telegram\request\_baserequest.py", line 375, in _request_wrapper
    raise exception
telegram.error.Conflict: Conflict: terminated by other getUpdates request; make sure that only one bot instance is running
2025-12-12 19:39:17,890 INFO HTTP Request: POST https://api.telegram.org/bot8428323516:AAElzjmSPfUeCoTGKbm7wnDLSZ5ek1-6Gvc/getUpdates "HTTP/1.1 200 OK"
2025-12-12 19:39:28,041 INFO HTTP Request: POST https://api.telegram.org/bot8428323516:AAElzjmSPfUeCoTGKbm7wnDLSZ5ek1-6Gvc/getUpdates "HTTP/1.1 200 OK"
2025-12-12 19:39:38,193 INFO HTTP Request: POST https://api.telegram.org/bot8428323516:AAElzjmSPfUeCoTGKbm7wnDLSZ5ek1-6Gvc/getUpdates "HTTP/1.1 200 OK"
2025-12-12 19:39:41,468 INFO HTTP Request: POST https://api.telegram.org/bot8428323516:AAElzjmSPfUeCoTGKbm7wnDLSZ5ek1-6Gvc/getUpdates "HTTP/1.1 409 Conflict"
2025-12-12 19:39:41,470 ERROR No error handlers are registered, logging exception.
Traceback (most recent call last):
  File "C:\Users\OurPresent\Downloads\Maestría BD\Proyecto Final\GmailPointsWatcher\.venv\Lib\site-packages\telegram\ext\_utils\networkloop.py", line 134, in network_retry_loop
    await do_action()
  File "C:\Users\OurPresent\Downloads\Maestría BD\Proyecto Final\GmailPointsWatcher\.venv\Lib\site-packages\telegram\ext\_utils\networkloop.py", line 127, in do_action
    action_cb_task.result()
    ~~~~~~~~~~~~~~~~~~~~~^^
  File "C:\Users\OurPresent\Downloads\Maestría BD\Proyecto Final\GmailPointsWatcher\.venv\Lib\site-packages\telegram\ext\_updater.py", line 340, in polling_action_cb
    updates = await self.bot.get_updates(
              ^^^^^^^^^^^^^^^^^^^^^^^^^^^
    ...<3 lines>...
    )
    ^
  File "C:\Users\OurPresent\Downloads\Maestría BD\Proyecto Final\GmailPointsWatcher\.venv\Lib\site-packages\telegram\ext\_extbot.py", line 676, in get_updates
    updates = await super().get_updates(
              ^^^^^^^^^^^^^^^^^^^^^^^^^^
    ...<9 lines>...
    )
    ^
  File "C:\Users\OurPresent\Downloads\Maestría BD\Proyecto Final\GmailPointsWatcher\.venv\Lib\site-packages\telegram\_bot.py", line 4780, in get_updates
    await self._post(
    ^^^^^^^^^^^^^^^^^
    ...<7 lines>...
    ),
    ^
  File "C:\Users\OurPresent\Downloads\Maestría BD\Proyecto Final\GmailPointsWatcher\.venv\Lib\site-packages\telegram\_bot.py", line 703, in _post
    return await self._do_post(
           ^^^^^^^^^^^^^^^^^^^^
    ...<6 lines>...
    )
    ^
  File "C:\Users\OurPresent\Downloads\Maestría BD\Proyecto Final\GmailPointsWatcher\.venv\Lib\site-packages\telegram\ext\_extbot.py", line 372, in _do_post
    return await super()._do_post(
           ^^^^^^^^^^^^^^^^^^^^^^^
    ...<6 lines>...
    )
    ^
  File "C:\Users\OurPresent\Downloads\Maestría BD\Proyecto Final\GmailPointsWatcher\.venv\Lib\site-packages\telegram\_bot.py", line 732, in _do_post
    result = await request.post(
             ^^^^^^^^^^^^^^^^^^^
    ...<6 lines>...
    )
    ^
  File "C:\Users\OurPresent\Downloads\Maestría BD\Proyecto Final\GmailPointsWatcher\.venv\Lib\site-packages\telegram\request\_baserequest.py", line 198, in post
    result = await self._request_wrapper(
             ^^^^^^^^^^^^^^^^^^^^^^^^^^^^
    ...<7 lines>...
    )
    ^
  File "C:\Users\OurPresent\Downloads\Maestría BD\Proyecto Final\GmailPointsWatcher\.venv\Lib\site-packages\telegram\request\_baserequest.py", line 375, in _request_wrapper
    raise exception
telegram.error.Conflict: Conflict: terminated by other getUpdates request; make sure that only one bot instance is running
2025-12-12 19:39:45,631 INFO HTTP Request: POST https://api.telegram.org/bot8428323516:AAElzjmSPfUeCoTGKbm7wnDLSZ5ek1-6Gvc/getUpdates "HTTP/1.1 409 Conflict"
2025-12-12 19:39:45,632 ERROR No error handlers are registered, logging exception.
Traceback (most recent call last):
  File "C:\Users\OurPresent\Downloads\Maestría BD\Proyecto Final\GmailPointsWatcher\.venv\Lib\site-packages\telegram\ext\_utils\networkloop.py", line 134, in network_retry_loop
    await do_action()
  File "C:\Users\OurPresent\Downloads\Maestría BD\Proyecto Final\GmailPointsWatcher\.venv\Lib\site-packages\telegram\ext\_utils\networkloop.py", line 127, in do_action
    action_cb_task.result()
    ~~~~~~~~~~~~~~~~~~~~~^^
  File "C:\Users\OurPresent\Downloads\Maestría BD\Proyecto Final\GmailPointsWatcher\.venv\Lib\site-packages\telegram\ext\_updater.py", line 340, in polling_action_cb
    updates = await self.bot.get_updates(
              ^^^^^^^^^^^^^^^^^^^^^^^^^^^
    ...<3 lines>...
    )
    ^
  File "C:\Users\OurPresent\Downloads\Maestría BD\Proyecto Final\GmailPointsWatcher\.venv\Lib\site-packages\telegram\ext\_extbot.py", line 676, in get_updates
    updates = await super().get_updates(
              ^^^^^^^^^^^^^^^^^^^^^^^^^^
    ...<9 lines>...
    )
    ^
  File "C:\Users\OurPresent\Downloads\Maestría BD\Proyecto Final\GmailPointsWatcher\.venv\Lib\site-packages\telegram\_bot.py", line 4780, in get_updates
    await self._post(
    ^^^^^^^^^^^^^^^^^
    ...<7 lines>...
    ),
    ^
  File "C:\Users\OurPresent\Downloads\Maestría BD\Proyecto Final\GmailPointsWatcher\.venv\Lib\site-packages\telegram\_bot.py", line 703, in _post
    return await self._do_post(
           ^^^^^^^^^^^^^^^^^^^^
    ...<6 lines>...
    )
    ^
  File "C:\Users\OurPresent\Downloads\Maestría BD\Proyecto Final\GmailPointsWatcher\.venv\Lib\site-packages\telegram\ext\_extbot.py", line 372, in _do_post
    return await super()._do_post(
           ^^^^^^^^^^^^^^^^^^^^^^^
    ...<6 lines>...
    )
    ^
  File "C:\Users\OurPresent\Downloads\Maestría BD\Proyecto Final\GmailPointsWatcher\.venv\Lib\site-packages\telegram\_bot.py", line 732, in _do_post
    result = await request.post(
             ^^^^^^^^^^^^^^^^^^^
    ...<6 lines>...
    )
    ^
  File "C:\Users\OurPresent\Downloads\Maestría BD\Proyecto Final\GmailPointsWatcher\.venv\Lib\site-packages\telegram\request\_baserequest.py", line 198, in post
    result = await self._request_wrapper(
             ^^^^^^^^^^^^^^^^^^^^^^^^^^^^
    ...<7 lines>...
    )
    ^
  File "C:\Users\OurPresent\Downloads\Maestría BD\Proyecto Final\GmailPointsWatcher\.venv\Lib\site-packages\telegram\request\_baserequest.py", line 375, in _request_wrapper
    raise exception
telegram.error.Conflict: Conflict: terminated by other getUpdates request; make sure that only one bot instance is running
2025-12-12 19:39:48,332 INFO Running job "_email_job (trigger: interval[0:01:00], next run at: 2025-12-13 00:40:48 UTC)" (scheduled at 2025-12-13 00:39:48.319770+00:00)
2025-12-12 19:39:48,754 INFO Running job "_email_job (trigger: interval[0:01:00], next run at: 2025-12-13 00:40:48 UTC)" (scheduled at 2025-12-13 00:39:48.746944+00:00)
2025-12-12 19:39:48,925 INFO Job "_email_job (trigger: interval[0:01:00], next run at: 2025-12-13 00:40:48 UTC)" executed successfully
2025-12-12 19:39:49,333 INFO Job "_email_job (trigger: interval[0:01:00], next run at: 2025-12-13 00:40:48 UTC)" executed successfully
2025-12-12 19:39:52,630 INFO HTTP Request: POST https://api.telegram.org/bot8428323516:AAElzjmSPfUeCoTGKbm7wnDLSZ5ek1-6Gvc/getUpdates "HTTP/1.1 200 OK"
2025-12-12 19:40:02,786 INFO HTTP Request: POST https://api.telegram.org/bot8428323516:AAElzjmSPfUeCoTGKbm7wnDLSZ5ek1-6Gvc/getUpdates "HTTP/1.1 200 OK"
2025-12-12 19:40:12,939 INFO HTTP Request: POST https://api.telegram.org/bot8428323516:AAElzjmSPfUeCoTGKbm7wnDLSZ5ek1-6Gvc/getUpdates "HTTP/1.1 200 OK"
2025-12-12 19:40:16,211 INFO HTTP Request: POST https://api.telegram.org/bot8428323516:AAElzjmSPfUeCoTGKbm7wnDLSZ5ek1-6Gvc/getUpdates "HTTP/1.1 409 Conflict"
2025-12-12 19:40:16,213 ERROR No error handlers are registered, logging exception.
Traceback (most recent call last):
  File "C:\Users\OurPresent\Downloads\Maestría BD\Proyecto Final\GmailPointsWatcher\.venv\Lib\site-packages\telegram\ext\_utils\networkloop.py", line 134, in network_retry_loop
    await do_action()
  File "C:\Users\OurPresent\Downloads\Maestría BD\Proyecto Final\GmailPointsWatcher\.venv\Lib\site-packages\telegram\ext\_utils\networkloop.py", line 127, in do_action
    action_cb_task.result()
    ~~~~~~~~~~~~~~~~~~~~~^^
  File "C:\Users\OurPresent\Downloads\Maestría BD\Proyecto Final\GmailPointsWatcher\.venv\Lib\site-packages\telegram\ext\_updater.py", line 340, in polling_action_cb
    updates = await self.bot.get_updates(
              ^^^^^^^^^^^^^^^^^^^^^^^^^^^
    ...<3 lines>...
    )
    ^
  File "C:\Users\OurPresent\Downloads\Maestría BD\Proyecto Final\GmailPointsWatcher\.venv\Lib\site-packages\telegram\ext\_extbot.py", line 676, in get_updates
    updates = await super().get_updates(
              ^^^^^^^^^^^^^^^^^^^^^^^^^^
    ...<9 lines>...
    )
    ^
  File "C:\Users\OurPresent\Downloads\Maestría BD\Proyecto Final\GmailPointsWatcher\.venv\Lib\site-packages\telegram\_bot.py", line 4780, in get_updates
    await self._post(
    ^^^^^^^^^^^^^^^^^
    ...<7 lines>...
    ),
    ^
  File "C:\Users\OurPresent\Downloads\Maestría BD\Proyecto Final\GmailPointsWatcher\.venv\Lib\site-packages\telegram\_bot.py", line 703, in _post
    return await self._do_post(
           ^^^^^^^^^^^^^^^^^^^^
    ...<6 lines>...
    )
    ^
  File "C:\Users\OurPresent\Downloads\Maestría BD\Proyecto Final\GmailPointsWatcher\.venv\Lib\site-packages\telegram\ext\_extbot.py", line 372, in _do_post
    return await super()._do_post(
           ^^^^^^^^^^^^^^^^^^^^^^^
    ...<6 lines>...
    )
    ^
  File "C:\Users\OurPresent\Downloads\Maestría BD\Proyecto Final\GmailPointsWatcher\.venv\Lib\site-packages\telegram\_bot.py", line 732, in _do_post
    result = await request.post(
             ^^^^^^^^^^^^^^^^^^^
    ...<6 lines>...
    )
    ^
  File "C:\Users\OurPresent\Downloads\Maestría BD\Proyecto Final\GmailPointsWatcher\.venv\Lib\site-packages\telegram\request\_baserequest.py", line 198, in post
    result = await self._request_wrapper(
             ^^^^^^^^^^^^^^^^^^^^^^^^^^^^
    ...<7 lines>...
    )
    ^
  File "C:\Users\OurPresent\Downloads\Maestría BD\Proyecto Final\GmailPointsWatcher\.venv\Lib\site-packages\telegram\request\_baserequest.py", line 375, in _request_wrapper
    raise exception
telegram.error.Conflict: Conflict: terminated by other getUpdates request; make sure that only one bot instance is running
2025-12-12 19:40:20,374 INFO HTTP Request: POST https://api.telegram.org/bot8428323516:AAElzjmSPfUeCoTGKbm7wnDLSZ5ek1-6Gvc/getUpdates "HTTP/1.1 409 Conflict"
2025-12-12 19:40:20,376 ERROR No error handlers are registered, logging exception.
Traceback (most recent call last):
  File "C:\Users\OurPresent\Downloads\Maestría BD\Proyecto Final\GmailPointsWatcher\.venv\Lib\site-packages\telegram\ext\_utils\networkloop.py", line 134, in network_retry_loop
    await do_action()
  File "C:\Users\OurPresent\Downloads\Maestría BD\Proyecto Final\GmailPointsWatcher\.venv\Lib\site-packages\telegram\ext\_utils\networkloop.py", line 127, in do_action
    action_cb_task.result()
    ~~~~~~~~~~~~~~~~~~~~~^^
  File "C:\Users\OurPresent\Downloads\Maestría BD\Proyecto Final\GmailPointsWatcher\.venv\Lib\site-packages\telegram\ext\_updater.py", line 340, in polling_action_cb
    updates = await self.bot.get_updates(
              ^^^^^^^^^^^^^^^^^^^^^^^^^^^
    ...<3 lines>...
    )
    ^
  File "C:\Users\OurPresent\Downloads\Maestría BD\Proyecto Final\GmailPointsWatcher\.venv\Lib\site-packages\telegram\ext\_extbot.py", line 676, in get_updates
    updates = await super().get_updates(
              ^^^^^^^^^^^^^^^^^^^^^^^^^^
    ...<9 lines>...
    )
    ^
  File "C:\Users\OurPresent\Downloads\Maestría BD\Proyecto Final\GmailPointsWatcher\.venv\Lib\site-packages\telegram\_bot.py", line 4780, in get_updates
    await self._post(
    ^^^^^^^^^^^^^^^^^
    ...<7 lines>...
    ),
    ^
  File "C:\Users\OurPresent\Downloads\Maestría BD\Proyecto Final\GmailPointsWatcher\.venv\Lib\site-packages\telegram\_bot.py", line 703, in _post
    return await self._do_post(
           ^^^^^^^^^^^^^^^^^^^^
    ...<6 lines>...
    )
    ^
  File "C:\Users\OurPresent\Downloads\Maestría BD\Proyecto Final\GmailPointsWatcher\.venv\Lib\site-packages\telegram\ext\_extbot.py", line 372, in _do_post
    return await super()._do_post(
           ^^^^^^^^^^^^^^^^^^^^^^^
    ...<6 lines>...
    )
    ^
  File "C:\Users\OurPresent\Downloads\Maestría BD\Proyecto Final\GmailPointsWatcher\.venv\Lib\site-packages\telegram\_bot.py", line 732, in _do_post
    result = await request.post(
             ^^^^^^^^^^^^^^^^^^^
    ...<6 lines>...
    )
    ^
  File "C:\Users\OurPresent\Downloads\Maestría BD\Proyecto Final\GmailPointsWatcher\.venv\Lib\site-packages\telegram\request\_baserequest.py", line 198, in post
    result = await self._request_wrapper(
             ^^^^^^^^^^^^^^^^^^^^^^^^^^^^
    ...<7 lines>...
    )
    ^
  File "C:\Users\OurPresent\Downloads\Maestría BD\Proyecto Final\GmailPointsWatcher\.venv\Lib\site-packages\telegram\request\_baserequest.py", line 375, in _request_wrapper
    raise exception
telegram.error.Conflict: Conflict: terminated by other getUpdates request; make sure that only one bot instance is running
2025-12-12 19:40:27,376 INFO HTTP Request: POST https://api.telegram.org/bot8428323516:AAElzjmSPfUeCoTGKbm7wnDLSZ5ek1-6Gvc/getUpdates "HTTP/1.1 200 OK"
2025-12-12 19:40:37,527 INFO HTTP Request: POST https://api.telegram.org/bot8428323516:AAElzjmSPfUeCoTGKbm7wnDLSZ5ek1-6Gvc/getUpdates "HTTP/1.1 200 OK"
2025-12-12 19:40:47,680 INFO HTTP Request: POST https://api.telegram.org/bot8428323516:AAElzjmSPfUeCoTGKbm7wnDLSZ5ek1-6Gvc/getUpdates "HTTP/1.1 200 OK"
2025-12-12 19:40:48,327 INFO Running job "_email_job (trigger: interval[0:01:00], next run at: 2025-12-13 00:41:48 UTC)" (scheduled at 2025-12-13 00:40:48.319770+00:00)
2025-12-12 19:40:48,750 INFO Running job "_email_job (trigger: interval[0:01:00], next run at: 2025-12-13 00:41:48 UTC)" (scheduled at 2025-12-13 00:40:48.746944+00:00)
2025-12-12 19:40:48,934 INFO Job "_email_job (trigger: interval[0:01:00], next run at: 2025-12-13 00:41:48 UTC)" executed successfully
2025-12-12 19:40:49,360 INFO Job "_email_job (trigger: interval[0:01:00], next run at: 2025-12-13 00:41:48 UTC)" executed successfully
2025-12-12 19:40:50,847 INFO HTTP Request: POST https://api.telegram.org/bot8428323516:AAElzjmSPfUeCoTGKbm7wnDLSZ5ek1-6Gvc/getUpdates "HTTP/1.1 409 Conflict"
2025-12-12 19:40:50,848 ERROR No error handlers are registered, logging exception.
Traceback (most recent call last):
  File "C:\Users\OurPresent\Downloads\Maestría BD\Proyecto Final\GmailPointsWatcher\.venv\Lib\site-packages\telegram\ext\_utils\networkloop.py", line 134, in network_retry_loop
    await do_action()
  File "C:\Users\OurPresent\Downloads\Maestría BD\Proyecto Final\GmailPointsWatcher\.venv\Lib\site-packages\telegram\ext\_utils\networkloop.py", line 127, in do_action
    action_cb_task.result()
    ~~~~~~~~~~~~~~~~~~~~~^^
  File "C:\Users\OurPresent\Downloads\Maestría BD\Proyecto Final\GmailPointsWatcher\.venv\Lib\site-packages\telegram\ext\_updater.py", line 340, in polling_action_cb
    updates = await self.bot.get_updates(
              ^^^^^^^^^^^^^^^^^^^^^^^^^^^
    ...<3 lines>...
    )
    ^
  File "C:\Users\OurPresent\Downloads\Maestría BD\Proyecto Final\GmailPointsWatcher\.venv\Lib\site-packages\telegram\ext\_extbot.py", line 676, in get_updates
    updates = await super().get_updates(
              ^^^^^^^^^^^^^^^^^^^^^^^^^^
    ...<9 lines>...
    )
    ^
  File "C:\Users\OurPresent\Downloads\Maestría BD\Proyecto Final\GmailPointsWatcher\.venv\Lib\site-packages\telegram\_bot.py", line 4780, in get_updates
    await self._post(
    ^^^^^^^^^^^^^^^^^
    ...<7 lines>...
    ),
    ^
  File "C:\Users\OurPresent\Downloads\Maestría BD\Proyecto Final\GmailPointsWatcher\.venv\Lib\site-packages\telegram\_bot.py", line 703, in _post
    return await self._do_post(
           ^^^^^^^^^^^^^^^^^^^^
    ...<6 lines>...
    )
    ^
  File "C:\Users\OurPresent\Downloads\Maestría BD\Proyecto Final\GmailPointsWatcher\.venv\Lib\site-packages\telegram\ext\_extbot.py", line 372, in _do_post
    return await super()._do_post(
           ^^^^^^^^^^^^^^^^^^^^^^^
    ...<6 lines>...
    )
    ^
  File "C:\Users\OurPresent\Downloads\Maestría BD\Proyecto Final\GmailPointsWatcher\.venv\Lib\site-packages\telegram\_bot.py", line 732, in _do_post
    result = await request.post(
             ^^^^^^^^^^^^^^^^^^^
    ...<6 lines>...
    )
    ^
  File "C:\Users\OurPresent\Downloads\Maestría BD\Proyecto Final\GmailPointsWatcher\.venv\Lib\site-packages\telegram\request\_baserequest.py", line 198, in post
    result = await self._request_wrapper(
             ^^^^^^^^^^^^^^^^^^^^^^^^^^^^
    ...<7 lines>...
    )
    ^
  File "C:\Users\OurPresent\Downloads\Maestría BD\Proyecto Final\GmailPointsWatcher\.venv\Lib\site-packages\telegram\request\_baserequest.py", line 375, in _request_wrapper
    raise exception
telegram.error.Conflict: Conflict: terminated by other getUpdates request; make sure that only one bot instance is running
2025-12-12 19:40:55,023 INFO HTTP Request: POST https://api.telegram.org/bot8428323516:AAElzjmSPfUeCoTGKbm7wnDLSZ5ek1-6Gvc/getUpdates "HTTP/1.1 409 Conflict"
2025-12-12 19:40:55,024 ERROR No error handlers are registered, logging exception.
Traceback (most recent call last):
  File "C:\Users\OurPresent\Downloads\Maestría BD\Proyecto Final\GmailPointsWatcher\.venv\Lib\site-packages\telegram\ext\_utils\networkloop.py", line 134, in network_retry_loop
    await do_action()
  File "C:\Users\OurPresent\Downloads\Maestría BD\Proyecto Final\GmailPointsWatcher\.venv\Lib\site-packages\telegram\ext\_utils\networkloop.py", line 127, in do_action
    action_cb_task.result()
    ~~~~~~~~~~~~~~~~~~~~~^^
  File "C:\Users\OurPresent\Downloads\Maestría BD\Proyecto Final\GmailPointsWatcher\.venv\Lib\site-packages\telegram\ext\_updater.py", line 340, in polling_action_cb
    updates = await self.bot.get_updates(
              ^^^^^^^^^^^^^^^^^^^^^^^^^^^
    ...<3 lines>...
    )
    ^
  File "C:\Users\OurPresent\Downloads\Maestría BD\Proyecto Final\GmailPointsWatcher\.venv\Lib\site-packages\telegram\ext\_extbot.py", line 676, in get_updates
    updates = await super().get_updates(
              ^^^^^^^^^^^^^^^^^^^^^^^^^^
    ...<9 lines>...
    )
    ^
  File "C:\Users\OurPresent\Downloads\Maestría BD\Proyecto Final\GmailPointsWatcher\.venv\Lib\site-packages\telegram\_bot.py", line 4780, in get_updates
    await self._post(
    ^^^^^^^^^^^^^^^^^
    ...<7 lines>...
    ),
    ^
  File "C:\Users\OurPresent\Downloads\Maestría BD\Proyecto Final\GmailPointsWatcher\.venv\Lib\site-packages\telegram\_bot.py", line 703, in _post
    return await self._do_post(
           ^^^^^^^^^^^^^^^^^^^^
    ...<6 lines>...
    )
    ^
  File "C:\Users\OurPresent\Downloads\Maestría BD\Proyecto Final\GmailPointsWatcher\.venv\Lib\site-packages\telegram\ext\_extbot.py", line 372, in _do_post
    return await super()._do_post(
           ^^^^^^^^^^^^^^^^^^^^^^^
    ...<6 lines>...
    )
    ^
  File "C:\Users\OurPresent\Downloads\Maestría BD\Proyecto Final\GmailPointsWatcher\.venv\Lib\site-packages\telegram\_bot.py", line 732, in _do_post
    result = await request.post(
             ^^^^^^^^^^^^^^^^^^^
    ...<6 lines>...
    )
    ^
  File "C:\Users\OurPresent\Downloads\Maestría BD\Proyecto Final\GmailPointsWatcher\.venv\Lib\site-packages\telegram\request\_baserequest.py", line 198, in post
    result = await self._request_wrapper(
             ^^^^^^^^^^^^^^^^^^^^^^^^^^^^
    ...<7 lines>...
    )
    ^
  File "C:\Users\OurPresent\Downloads\Maestría BD\Proyecto Final\GmailPointsWatcher\.venv\Lib\site-packages\telegram\request\_baserequest.py", line 375, in _request_wrapper
    raise exception
telegram.error.Conflict: Conflict: terminated by other getUpdates request; make sure that only one bot instance is running
2025-12-12 19:41:02,013 INFO HTTP Request: POST https://api.telegram.org/bot8428323516:AAElzjmSPfUeCoTGKbm7wnDLSZ5ek1-6Gvc/getUpdates "HTTP/1.1 200 OK"
2025-12-12 19:41:12,166 INFO HTTP Request: POST https://api.telegram.org/bot8428323516:AAElzjmSPfUeCoTGKbm7wnDLSZ5ek1-6Gvc/getUpdates "HTTP/1.1 200 OK"
2025-12-12 19:41:22,318 INFO HTTP Request: POST https://api.telegram.org/bot8428323516:AAElzjmSPfUeCoTGKbm7wnDLSZ5ek1-6Gvc/getUpdates "HTTP/1.1 200 OK"
2025-12-12 19:41:25,633 INFO HTTP Request: POST https://api.telegram.org/bot8428323516:AAElzjmSPfUeCoTGKbm7wnDLSZ5ek1-6Gvc/getUpdates "HTTP/1.1 409 Conflict"
2025-12-12 19:41:25,635 ERROR No error handlers are registered, logging exception.
Traceback (most recent call last):
  File "C:\Users\OurPresent\Downloads\Maestría BD\Proyecto Final\GmailPointsWatcher\.venv\Lib\site-packages\telegram\ext\_utils\networkloop.py", line 134, in network_retry_loop
    await do_action()
  File "C:\Users\OurPresent\Downloads\Maestría BD\Proyecto Final\GmailPointsWatcher\.venv\Lib\site-packages\telegram\ext\_utils\networkloop.py", line 127, in do_action
    action_cb_task.result()
    ~~~~~~~~~~~~~~~~~~~~~^^
  File "C:\Users\OurPresent\Downloads\Maestría BD\Proyecto Final\GmailPointsWatcher\.venv\Lib\site-packages\telegram\ext\_updater.py", line 340, in polling_action_cb
    updates = await self.bot.get_updates(
              ^^^^^^^^^^^^^^^^^^^^^^^^^^^
    ...<3 lines>...
    )
    ^
  File "C:\Users\OurPresent\Downloads\Maestría BD\Proyecto Final\GmailPointsWatcher\.venv\Lib\site-packages\telegram\ext\_extbot.py", line 676, in get_updates
    updates = await super().get_updates(
              ^^^^^^^^^^^^^^^^^^^^^^^^^^
    ...<9 lines>...
    )
    ^
  File "C:\Users\OurPresent\Downloads\Maestría BD\Proyecto Final\GmailPointsWatcher\.venv\Lib\site-packages\telegram\_bot.py", line 4780, in get_updates
    await self._post(
    ^^^^^^^^^^^^^^^^^
    ...<7 lines>...
    ),
    ^
  File "C:\Users\OurPresent\Downloads\Maestría BD\Proyecto Final\GmailPointsWatcher\.venv\Lib\site-packages\telegram\_bot.py", line 703, in _post
    return await self._do_post(
           ^^^^^^^^^^^^^^^^^^^^
    ...<6 lines>...
    )
    ^
  File "C:\Users\OurPresent\Downloads\Maestría BD\Proyecto Final\GmailPointsWatcher\.venv\Lib\site-packages\telegram\ext\_extbot.py", line 372, in _do_post
    return await super()._do_post(
           ^^^^^^^^^^^^^^^^^^^^^^^
    ...<6 lines>...
    )
    ^
  File "C:\Users\OurPresent\Downloads\Maestría BD\Proyecto Final\GmailPointsWatcher\.venv\Lib\site-packages\telegram\_bot.py", line 732, in _do_post
    result = await request.post(
             ^^^^^^^^^^^^^^^^^^^
    ...<6 lines>...
    )
    ^
  File "C:\Users\OurPresent\Downloads\Maestría BD\Proyecto Final\GmailPointsWatcher\.venv\Lib\site-packages\telegram\request\_baserequest.py", line 198, in post
    result = await self._request_wrapper(
             ^^^^^^^^^^^^^^^^^^^^^^^^^^^^
    ...<7 lines>...
    )
    ^
  File "C:\Users\OurPresent\Downloads\Maestría BD\Proyecto Final\GmailPointsWatcher\.venv\Lib\site-packages\telegram\request\_baserequest.py", line 375, in _request_wrapper
    raise exception
telegram.error.Conflict: Conflict: terminated by other getUpdates request; make sure that only one bot instance is running
2025-12-12 19:41:30,108 INFO HTTP Request: POST https://api.telegram.org/bot8428323516:AAElzjmSPfUeCoTGKbm7wnDLSZ5ek1-6Gvc/getUpdates "HTTP/1.1 409 Conflict"
2025-12-12 19:41:30,110 ERROR No error handlers are registered, logging exception.
Traceback (most recent call last):
  File "C:\Users\OurPresent\Downloads\Maestría BD\Proyecto Final\GmailPointsWatcher\.venv\Lib\site-packages\telegram\ext\_utils\networkloop.py", line 134, in network_retry_loop
    await do_action()
  File "C:\Users\OurPresent\Downloads\Maestría BD\Proyecto Final\GmailPointsWatcher\.venv\Lib\site-packages\telegram\ext\_utils\networkloop.py", line 127, in do_action
    action_cb_task.result()
    ~~~~~~~~~~~~~~~~~~~~~^^
  File "C:\Users\OurPresent\Downloads\Maestría BD\Proyecto Final\GmailPointsWatcher\.venv\Lib\site-packages\telegram\ext\_updater.py", line 340, in polling_action_cb
    updates = await self.bot.get_updates(
              ^^^^^^^^^^^^^^^^^^^^^^^^^^^
    ...<3 lines>...
    )
    ^
  File "C:\Users\OurPresent\Downloads\Maestría BD\Proyecto Final\GmailPointsWatcher\.venv\Lib\site-packages\telegram\ext\_extbot.py", line 676, in get_updates
    updates = await super().get_updates(
              ^^^^^^^^^^^^^^^^^^^^^^^^^^
    ...<9 lines>...
    )
    ^
  File "C:\Users\OurPresent\Downloads\Maestría BD\Proyecto Final\GmailPointsWatcher\.venv\Lib\site-packages\telegram\_bot.py", line 4780, in get_updates
    await self._post(
    ^^^^^^^^^^^^^^^^^
    ...<7 lines>...
    ),
    ^
  File "C:\Users\OurPresent\Downloads\Maestría BD\Proyecto Final\GmailPointsWatcher\.venv\Lib\site-packages\telegram\_bot.py", line 703, in _post
    return await self._do_post(
           ^^^^^^^^^^^^^^^^^^^^
    ...<6 lines>...
    )
    ^
  File "C:\Users\OurPresent\Downloads\Maestría BD\Proyecto Final\GmailPointsWatcher\.venv\Lib\site-packages\telegram\ext\_extbot.py", line 372, in _do_post
    return await super()._do_post(
           ^^^^^^^^^^^^^^^^^^^^^^^
    ...<6 lines>...
    )
    ^
  File "C:\Users\OurPresent\Downloads\Maestría BD\Proyecto Final\GmailPointsWatcher\.venv\Lib\site-packages\telegram\_bot.py", line 732, in _do_post
    result = await request.post(
             ^^^^^^^^^^^^^^^^^^^
    ...<6 lines>...
    )
    ^
  File "C:\Users\OurPresent\Downloads\Maestría BD\Proyecto Final\GmailPointsWatcher\.venv\Lib\site-packages\telegram\request\_baserequest.py", line 198, in post
    result = await self._request_wrapper(
             ^^^^^^^^^^^^^^^^^^^^^^^^^^^^
    ...<7 lines>...
    )
    ^
  File "C:\Users\OurPresent\Downloads\Maestría BD\Proyecto Final\GmailPointsWatcher\.venv\Lib\site-packages\telegram\request\_baserequest.py", line 375, in _request_wrapper
    raise exception
telegram.error.Conflict: Conflict: terminated by other getUpdates request; make sure that only one bot instance is running
2025-12-12 19:41:37,105 INFO HTTP Request: POST https://api.telegram.org/bot8428323516:AAElzjmSPfUeCoTGKbm7wnDLSZ5ek1-6Gvc/getUpdates "HTTP/1.1 200 OK"
2025-12-12 19:41:47,259 INFO HTTP Request: POST https://api.telegram.org/bot8428323516:AAElzjmSPfUeCoTGKbm7wnDLSZ5ek1-6Gvc/getUpdates "HTTP/1.1 200 OK"
2025-12-12 19:41:48,323 INFO Running job "_email_job (trigger: interval[0:01:00], next run at: 2025-12-13 00:42:48 UTC)" (scheduled at 2025-12-13 00:41:48.319770+00:00)
2025-12-12 19:41:48,748 INFO Running job "_email_job (trigger: interval[0:01:00], next run at: 2025-12-13 00:42:48 UTC)" (scheduled at 2025-12-13 00:41:48.746944+00:00)
2025-12-12 19:41:48,901 INFO Job "_email_job (trigger: interval[0:01:00], next run at: 2025-12-13 00:42:48 UTC)" executed successfully
2025-12-12 19:41:49,335 INFO Job "_email_job (trigger: interval[0:01:00], next run at: 2025-12-13 00:42:48 UTC)" executed successfully
2025-12-12 19:41:57,411 INFO HTTP Request: POST https://api.telegram.org/bot8428323516:AAElzjmSPfUeCoTGKbm7wnDLSZ5ek1-6Gvc/getUpdates "HTTP/1.1 200 OK"
2025-12-12 19:42:00,585 INFO HTTP Request: POST https://api.telegram.org/bot8428323516:AAElzjmSPfUeCoTGKbm7wnDLSZ5ek1-6Gvc/getUpdates "HTTP/1.1 409 Conflict"
2025-12-12 19:42:00,586 ERROR No error handlers are registered, logging exception.
Traceback (most recent call last):
  File "C:\Users\OurPresent\Downloads\Maestría BD\Proyecto Final\GmailPointsWatcher\.venv\Lib\site-packages\telegram\ext\_utils\networkloop.py", line 134, in network_retry_loop
    await do_action()
  File "C:\Users\OurPresent\Downloads\Maestría BD\Proyecto Final\GmailPointsWatcher\.venv\Lib\site-packages\telegram\ext\_utils\networkloop.py", line 127, in do_action
    action_cb_task.result()
    ~~~~~~~~~~~~~~~~~~~~~^^
  File "C:\Users\OurPresent\Downloads\Maestría BD\Proyecto Final\GmailPointsWatcher\.venv\Lib\site-packages\telegram\ext\_updater.py", line 340, in polling_action_cb
    updates = await self.bot.get_updates(
              ^^^^^^^^^^^^^^^^^^^^^^^^^^^
    ...<3 lines>...
    )
    ^
  File "C:\Users\OurPresent\Downloads\Maestría BD\Proyecto Final\GmailPointsWatcher\.venv\Lib\site-packages\telegram\ext\_extbot.py", line 676, in get_updates
    updates = await super().get_updates(
              ^^^^^^^^^^^^^^^^^^^^^^^^^^
    ...<9 lines>...
    )
    ^
  File "C:\Users\OurPresent\Downloads\Maestría BD\Proyecto Final\GmailPointsWatcher\.venv\Lib\site-packages\telegram\_bot.py", line 4780, in get_updates
    await self._post(
    ^^^^^^^^^^^^^^^^^
    ...<7 lines>...
    ),
    ^
  File "C:\Users\OurPresent\Downloads\Maestría BD\Proyecto Final\GmailPointsWatcher\.venv\Lib\site-packages\telegram\_bot.py", line 703, in _post
    return await self._do_post(
           ^^^^^^^^^^^^^^^^^^^^
    ...<6 lines>...
    )
    ^
  File "C:\Users\OurPresent\Downloads\Maestría BD\Proyecto Final\GmailPointsWatcher\.venv\Lib\site-packages\telegram\ext\_extbot.py", line 372, in _do_post
    return await super()._do_post(
           ^^^^^^^^^^^^^^^^^^^^^^^
    ...<6 lines>...
    )
    ^
  File "C:\Users\OurPresent\Downloads\Maestría BD\Proyecto Final\GmailPointsWatcher\.venv\Lib\site-packages\telegram\_bot.py", line 732, in _do_post
    result = await request.post(
             ^^^^^^^^^^^^^^^^^^^
    ...<6 lines>...
    )
    ^
  File "C:\Users\OurPresent\Downloads\Maestría BD\Proyecto Final\GmailPointsWatcher\.venv\Lib\site-packages\telegram\request\_baserequest.py", line 198, in post
    result = await self._request_wrapper(
             ^^^^^^^^^^^^^^^^^^^^^^^^^^^^
    ...<7 lines>...
    )
    ^
  File "C:\Users\OurPresent\Downloads\Maestría BD\Proyecto Final\GmailPointsWatcher\.venv\Lib\site-packages\telegram\request\_baserequest.py", line 375, in _request_wrapper
    raise exception
telegram.error.Conflict: Conflict: terminated by other getUpdates request; make sure that only one bot instance is running
2025-12-12 19:42:04,752 INFO HTTP Request: POST https://api.telegram.org/bot8428323516:AAElzjmSPfUeCoTGKbm7wnDLSZ5ek1-6Gvc/getUpdates "HTTP/1.1 409 Conflict"
2025-12-12 19:42:04,754 ERROR No error handlers are registered, logging exception.
Traceback (most recent call last):
  File "C:\Users\OurPresent\Downloads\Maestría BD\Proyecto Final\GmailPointsWatcher\.venv\Lib\site-packages\telegram\ext\_utils\networkloop.py", line 134, in network_retry_loop
    await do_action()
  File "C:\Users\OurPresent\Downloads\Maestría BD\Proyecto Final\GmailPointsWatcher\.venv\Lib\site-packages\telegram\ext\_utils\networkloop.py", line 127, in do_action
    action_cb_task.result()
    ~~~~~~~~~~~~~~~~~~~~~^^
  File "C:\Users\OurPresent\Downloads\Maestría BD\Proyecto Final\GmailPointsWatcher\.venv\Lib\site-packages\telegram\ext\_updater.py", line 340, in polling_action_cb
    updates = await self.bot.get_updates(
              ^^^^^^^^^^^^^^^^^^^^^^^^^^^
    ...<3 lines>...
    )
    ^
  File "C:\Users\OurPresent\Downloads\Maestría BD\Proyecto Final\GmailPointsWatcher\.venv\Lib\site-packages\telegram\ext\_extbot.py", line 676, in get_updates
    updates = await super().get_updates(
              ^^^^^^^^^^^^^^^^^^^^^^^^^^
    ...<9 lines>...
    )
    ^
  File "C:\Users\OurPresent\Downloads\Maestría BD\Proyecto Final\GmailPointsWatcher\.venv\Lib\site-packages\telegram\_bot.py", line 4780, in get_updates
    await self._post(
    ^^^^^^^^^^^^^^^^^
    ...<7 lines>...
    ),
    ^
  File "C:\Users\OurPresent\Downloads\Maestría BD\Proyecto Final\GmailPointsWatcher\.venv\Lib\site-packages\telegram\_bot.py", line 703, in _post
    return await self._do_post(
           ^^^^^^^^^^^^^^^^^^^^
    ...<6 lines>...
    )
    ^
  File "C:\Users\OurPresent\Downloads\Maestría BD\Proyecto Final\GmailPointsWatcher\.venv\Lib\site-packages\telegram\ext\_extbot.py", line 372, in _do_post
    return await super()._do_post(
           ^^^^^^^^^^^^^^^^^^^^^^^
    ...<6 lines>...
    )
    ^
  File "C:\Users\OurPresent\Downloads\Maestría BD\Proyecto Final\GmailPointsWatcher\.venv\Lib\site-packages\telegram\_bot.py", line 732, in _do_post
    result = await request.post(
             ^^^^^^^^^^^^^^^^^^^
    ...<6 lines>...
    )
    ^
  File "C:\Users\OurPresent\Downloads\Maestría BD\Proyecto Final\GmailPointsWatcher\.venv\Lib\site-packages\telegram\request\_baserequest.py", line 198, in post
    result = await self._request_wrapper(
             ^^^^^^^^^^^^^^^^^^^^^^^^^^^^
    ...<7 lines>...
    )
    ^
  File "C:\Users\OurPresent\Downloads\Maestría BD\Proyecto Final\GmailPointsWatcher\.venv\Lib\site-packages\telegram\request\_baserequest.py", line 375, in _request_wrapper
    raise exception
telegram.error.Conflict: Conflict: terminated by other getUpdates request; make sure that only one bot instance is running
2025-12-12 19:42:11,746 INFO HTTP Request: POST https://api.telegram.org/bot8428323516:AAElzjmSPfUeCoTGKbm7wnDLSZ5ek1-6Gvc/getUpdates "HTTP/1.1 200 OK"
2025-12-12 19:42:21,899 INFO HTTP Request: POST https://api.telegram.org/bot8428323516:AAElzjmSPfUeCoTGKbm7wnDLSZ5ek1-6Gvc/getUpdates "HTTP/1.1 200 OK"
2025-12-12 19:42:32,052 INFO HTTP Request: POST https://api.telegram.org/bot8428323516:AAElzjmSPfUeCoTGKbm7wnDLSZ5ek1-6Gvc/getUpdates "HTTP/1.1 200 OK"
2025-12-12 19:42:35,336 INFO HTTP Request: POST https://api.telegram.org/bot8428323516:AAElzjmSPfUeCoTGKbm7wnDLSZ5ek1-6Gvc/getUpdates "HTTP/1.1 409 Conflict"
2025-12-12 19:42:35,338 ERROR No error handlers are registered, logging exception.
Traceback (most recent call last):
  File "C:\Users\OurPresent\Downloads\Maestría BD\Proyecto Final\GmailPointsWatcher\.venv\Lib\site-packages\telegram\ext\_utils\networkloop.py", line 134, in network_retry_loop
    await do_action()
  File "C:\Users\OurPresent\Downloads\Maestría BD\Proyecto Final\GmailPointsWatcher\.venv\Lib\site-packages\telegram\ext\_utils\networkloop.py", line 127, in do_action
    action_cb_task.result()
    ~~~~~~~~~~~~~~~~~~~~~^^
  File "C:\Users\OurPresent\Downloads\Maestría BD\Proyecto Final\GmailPointsWatcher\.venv\Lib\site-packages\telegram\ext\_updater.py", line 340, in polling_action_cb
    updates = await self.bot.get_updates(
              ^^^^^^^^^^^^^^^^^^^^^^^^^^^
    ...<3 lines>...
    )
    ^
  File "C:\Users\OurPresent\Downloads\Maestría BD\Proyecto Final\GmailPointsWatcher\.venv\Lib\site-packages\telegram\ext\_extbot.py", line 676, in get_updates
    updates = await super().get_updates(
              ^^^^^^^^^^^^^^^^^^^^^^^^^^
    ...<9 lines>...
    )
    ^
  File "C:\Users\OurPresent\Downloads\Maestría BD\Proyecto Final\GmailPointsWatcher\.venv\Lib\site-packages\telegram\_bot.py", line 4780, in get_updates
    await self._post(
    ^^^^^^^^^^^^^^^^^
    ...<7 lines>...
    ),
    ^
  File "C:\Users\OurPresent\Downloads\Maestría BD\Proyecto Final\GmailPointsWatcher\.venv\Lib\site-packages\telegram\_bot.py", line 703, in _post
    return await self._do_post(
           ^^^^^^^^^^^^^^^^^^^^
    ...<6 lines>...
    )
    ^
  File "C:\Users\OurPresent\Downloads\Maestría BD\Proyecto Final\GmailPointsWatcher\.venv\Lib\site-packages\telegram\ext\_extbot.py", line 372, in _do_post
    return await super()._do_post(
           ^^^^^^^^^^^^^^^^^^^^^^^
    ...<6 lines>...
    )
    ^
  File "C:\Users\OurPresent\Downloads\Maestría BD\Proyecto Final\GmailPointsWatcher\.venv\Lib\site-packages\telegram\_bot.py", line 732, in _do_post
    result = await request.post(
             ^^^^^^^^^^^^^^^^^^^
    ...<6 lines>...
    )
    ^
  File "C:\Users\OurPresent\Downloads\Maestría BD\Proyecto Final\GmailPointsWatcher\.venv\Lib\site-packages\telegram\request\_baserequest.py", line 198, in post
    result = await self._request_wrapper(
             ^^^^^^^^^^^^^^^^^^^^^^^^^^^^
    ...<7 lines>...
    )
    ^
  File "C:\Users\OurPresent\Downloads\Maestría BD\Proyecto Final\GmailPointsWatcher\.venv\Lib\site-packages\telegram\request\_baserequest.py", line 375, in _request_wrapper
    raise exception
telegram.error.Conflict: Conflict: terminated by other getUpdates request; make sure that only one bot instance is running
2025-12-12 19:42:39,491 INFO HTTP Request: POST https://api.telegram.org/bot8428323516:AAElzjmSPfUeCoTGKbm7wnDLSZ5ek1-6Gvc/getUpdates "HTTP/1.1 409 Conflict"
2025-12-12 19:42:39,492 ERROR No error handlers are registered, logging exception.
Traceback (most recent call last):
  File "C:\Users\OurPresent\Downloads\Maestría BD\Proyecto Final\GmailPointsWatcher\.venv\Lib\site-packages\telegram\ext\_utils\networkloop.py", line 134, in network_retry_loop
    await do_action()
  File "C:\Users\OurPresent\Downloads\Maestría BD\Proyecto Final\GmailPointsWatcher\.venv\Lib\site-packages\telegram\ext\_utils\networkloop.py", line 127, in do_action
    action_cb_task.result()
    ~~~~~~~~~~~~~~~~~~~~~^^
  File "C:\Users\OurPresent\Downloads\Maestría BD\Proyecto Final\GmailPointsWatcher\.venv\Lib\site-packages\telegram\ext\_updater.py", line 340, in polling_action_cb
    updates = await self.bot.get_updates(
              ^^^^^^^^^^^^^^^^^^^^^^^^^^^
    ...<3 lines>...
    )
    ^
  File "C:\Users\OurPresent\Downloads\Maestría BD\Proyecto Final\GmailPointsWatcher\.venv\Lib\site-packages\telegram\ext\_extbot.py", line 676, in get_updates
    updates = await super().get_updates(
              ^^^^^^^^^^^^^^^^^^^^^^^^^^
    ...<9 lines>...
    )
    ^
  File "C:\Users\OurPresent\Downloads\Maestría BD\Proyecto Final\GmailPointsWatcher\.venv\Lib\site-packages\telegram\_bot.py", line 4780, in get_updates
    await self._post(
    ^^^^^^^^^^^^^^^^^
    ...<7 lines>...
    ),
    ^
  File "C:\Users\OurPresent\Downloads\Maestría BD\Proyecto Final\GmailPointsWatcher\.venv\Lib\site-packages\telegram\_bot.py", line 703, in _post
    return await self._do_post(
           ^^^^^^^^^^^^^^^^^^^^
    ...<6 lines>...
    )
    ^
  File "C:\Users\OurPresent\Downloads\Maestría BD\Proyecto Final\GmailPointsWatcher\.venv\Lib\site-packages\telegram\ext\_extbot.py", line 372, in _do_post
    return await super()._do_post(
           ^^^^^^^^^^^^^^^^^^^^^^^
    ...<6 lines>...
    )
    ^
  File "C:\Users\OurPresent\Downloads\Maestría BD\Proyecto Final\GmailPointsWatcher\.venv\Lib\site-packages\telegram\_bot.py", line 732, in _do_post
    result = await request.post(
             ^^^^^^^^^^^^^^^^^^^
    ...<6 lines>...
    )
    ^
  File "C:\Users\OurPresent\Downloads\Maestría BD\Proyecto Final\GmailPointsWatcher\.venv\Lib\site-packages\telegram\request\_baserequest.py", line 198, in post
    result = await self._request_wrapper(
             ^^^^^^^^^^^^^^^^^^^^^^^^^^^^
    ...<7 lines>...
    )
    ^
  File "C:\Users\OurPresent\Downloads\Maestría BD\Proyecto Final\GmailPointsWatcher\.venv\Lib\site-packages\telegram\request\_baserequest.py", line 375, in _request_wrapper
    raise exception
telegram.error.Conflict: Conflict: terminated by other getUpdates request; make sure that only one bot instance is running
2025-12-12 19:42:46,491 INFO HTTP Request: POST https://api.telegram.org/bot8428323516:AAElzjmSPfUeCoTGKbm7wnDLSZ5ek1-6Gvc/getUpdates "HTTP/1.1 200 OK"
2025-12-12 19:42:48,320 INFO Running job "_email_job (trigger: interval[0:01:00], next run at: 2025-12-13 00:43:48 UTC)" (scheduled at 2025-12-13 00:42:48.319770+00:00)
2025-12-12 19:42:48,761 INFO Running job "_email_job (trigger: interval[0:01:00], next run at: 2025-12-13 00:43:48 UTC)" (scheduled at 2025-12-13 00:42:48.746944+00:00)
2025-12-12 19:42:49,030 INFO Job "_email_job (trigger: interval[0:01:00], next run at: 2025-12-13 00:43:48 UTC)" executed successfully
2025-12-12 19:42:49,390 INFO Job "_email_job (trigger: interval[0:01:00], next run at: 2025-12-13 00:43:48 UTC)" executed successfully
2025-12-12 19:42:56,645 INFO HTTP Request: POST https://api.telegram.org/bot8428323516:AAElzjmSPfUeCoTGKbm7wnDLSZ5ek1-6Gvc/getUpdates "HTTP/1.1 200 OK"
2025-12-12 19:43:06,797 INFO HTTP Request: POST https://api.telegram.org/bot8428323516:AAElzjmSPfUeCoTGKbm7wnDLSZ5ek1-6Gvc/getUpdates "HTTP/1.1 200 OK"
2025-12-12 19:43:10,085 INFO HTTP Request: POST https://api.telegram.org/bot8428323516:AAElzjmSPfUeCoTGKbm7wnDLSZ5ek1-6Gvc/getUpdates "HTTP/1.1 409 Conflict"
2025-12-12 19:43:10,086 ERROR No error handlers are registered, logging exception.
Traceback (most recent call last):
  File "C:\Users\OurPresent\Downloads\Maestría BD\Proyecto Final\GmailPointsWatcher\.venv\Lib\site-packages\telegram\ext\_utils\networkloop.py", line 134, in network_retry_loop
    await do_action()
  File "C:\Users\OurPresent\Downloads\Maestría BD\Proyecto Final\GmailPointsWatcher\.venv\Lib\site-packages\telegram\ext\_utils\networkloop.py", line 127, in do_action
    action_cb_task.result()
    ~~~~~~~~~~~~~~~~~~~~~^^
  File "C:\Users\OurPresent\Downloads\Maestría BD\Proyecto Final\GmailPointsWatcher\.venv\Lib\site-packages\telegram\ext\_updater.py", line 340, in polling_action_cb
    updates = await self.bot.get_updates(
              ^^^^^^^^^^^^^^^^^^^^^^^^^^^
    ...<3 lines>...
    )
    ^
  File "C:\Users\OurPresent\Downloads\Maestría BD\Proyecto Final\GmailPointsWatcher\.venv\Lib\site-packages\telegram\ext\_extbot.py", line 676, in get_updates
    updates = await super().get_updates(
              ^^^^^^^^^^^^^^^^^^^^^^^^^^
    ...<9 lines>...
    )
    ^
  File "C:\Users\OurPresent\Downloads\Maestría BD\Proyecto Final\GmailPointsWatcher\.venv\Lib\site-packages\telegram\_bot.py", line 4780, in get_updates
    await self._post(
    ^^^^^^^^^^^^^^^^^
    ...<7 lines>...
    ),
    ^
  File "C:\Users\OurPresent\Downloads\Maestría BD\Proyecto Final\GmailPointsWatcher\.venv\Lib\site-packages\telegram\_bot.py", line 703, in _post
    return await self._do_post(
           ^^^^^^^^^^^^^^^^^^^^
    ...<6 lines>...
    )
    ^
  File "C:\Users\OurPresent\Downloads\Maestría BD\Proyecto Final\GmailPointsWatcher\.venv\Lib\site-packages\telegram\ext\_extbot.py", line 372, in _do_post
    return await super()._do_post(
           ^^^^^^^^^^^^^^^^^^^^^^^
    ...<6 lines>...
    )
    ^
  File "C:\Users\OurPresent\Downloads\Maestría BD\Proyecto Final\GmailPointsWatcher\.venv\Lib\site-packages\telegram\_bot.py", line 732, in _do_post
    result = await request.post(
             ^^^^^^^^^^^^^^^^^^^
    ...<6 lines>...
    )
    ^
  File "C:\Users\OurPresent\Downloads\Maestría BD\Proyecto Final\GmailPointsWatcher\.venv\Lib\site-packages\telegram\request\_baserequest.py", line 198, in post
    result = await self._request_wrapper(
             ^^^^^^^^^^^^^^^^^^^^^^^^^^^^
    ...<7 lines>...
    )
    ^
  File "C:\Users\OurPresent\Downloads\Maestría BD\Proyecto Final\GmailPointsWatcher\.venv\Lib\site-packages\telegram\request\_baserequest.py", line 375, in _request_wrapper
    raise exception
telegram.error.Conflict: Conflict: terminated by other getUpdates request; make sure that only one bot instance is running
2025-12-12 19:43:14,249 INFO HTTP Request: POST https://api.telegram.org/bot8428323516:AAElzjmSPfUeCoTGKbm7wnDLSZ5ek1-6Gvc/getUpdates "HTTP/1.1 409 Conflict"
2025-12-12 19:43:14,251 ERROR No error handlers are registered, logging exception.
Traceback (most recent call last):
  File "C:\Users\OurPresent\Downloads\Maestría BD\Proyecto Final\GmailPointsWatcher\.venv\Lib\site-packages\telegram\ext\_utils\networkloop.py", line 134, in network_retry_loop
    await do_action()
  File "C:\Users\OurPresent\Downloads\Maestría BD\Proyecto Final\GmailPointsWatcher\.venv\Lib\site-packages\telegram\ext\_utils\networkloop.py", line 127, in do_action
    action_cb_task.result()
    ~~~~~~~~~~~~~~~~~~~~~^^
  File "C:\Users\OurPresent\Downloads\Maestría BD\Proyecto Final\GmailPointsWatcher\.venv\Lib\site-packages\telegram\ext\_updater.py", line 340, in polling_action_cb
    updates = await self.bot.get_updates(
              ^^^^^^^^^^^^^^^^^^^^^^^^^^^
    ...<3 lines>...
    )
    ^
  File "C:\Users\OurPresent\Downloads\Maestría BD\Proyecto Final\GmailPointsWatcher\.venv\Lib\site-packages\telegram\ext\_extbot.py", line 676, in get_updates
    updates = await super().get_updates(
              ^^^^^^^^^^^^^^^^^^^^^^^^^^
    ...<9 lines>...
    )
    ^
  File "C:\Users\OurPresent\Downloads\Maestría BD\Proyecto Final\GmailPointsWatcher\.venv\Lib\site-packages\telegram\_bot.py", line 4780, in get_updates
    await self._post(
    ^^^^^^^^^^^^^^^^^
    ...<7 lines>...
    ),
    ^
  File "C:\Users\OurPresent\Downloads\Maestría BD\Proyecto Final\GmailPointsWatcher\.venv\Lib\site-packages\telegram\_bot.py", line 703, in _post
    return await self._do_post(
           ^^^^^^^^^^^^^^^^^^^^
    ...<6 lines>...
    )
    ^
  File "C:\Users\OurPresent\Downloads\Maestría BD\Proyecto Final\GmailPointsWatcher\.venv\Lib\site-packages\telegram\ext\_extbot.py", line 372, in _do_post
    return await super()._do_post(
           ^^^^^^^^^^^^^^^^^^^^^^^
    ...<6 lines>...
    )
    ^
  File "C:\Users\OurPresent\Downloads\Maestría BD\Proyecto Final\GmailPointsWatcher\.venv\Lib\site-packages\telegram\_bot.py", line 732, in _do_post
    result = await request.post(
             ^^^^^^^^^^^^^^^^^^^
    ...<6 lines>...
    )
    ^
  File "C:\Users\OurPresent\Downloads\Maestría BD\Proyecto Final\GmailPointsWatcher\.venv\Lib\site-packages\telegram\request\_baserequest.py", line 198, in post
    result = await self._request_wrapper(
             ^^^^^^^^^^^^^^^^^^^^^^^^^^^^
    ...<7 lines>...
    )
    ^
  File "C:\Users\OurPresent\Downloads\Maestría BD\Proyecto Final\GmailPointsWatcher\.venv\Lib\site-packages\telegram\request\_baserequest.py", line 375, in _request_wrapper
    raise exception
telegram.error.Conflict: Conflict: terminated by other getUpdates request; make sure that only one bot instance is running
2025-12-12 19:43:21,250 INFO HTTP Request: POST https://api.telegram.org/bot8428323516:AAElzjmSPfUeCoTGKbm7wnDLSZ5ek1-6Gvc/getUpdates "HTTP/1.1 200 OK"
2025-12-12 19:43:31,405 INFO HTTP Request: POST https://api.telegram.org/bot8428323516:AAElzjmSPfUeCoTGKbm7wnDLSZ5ek1-6Gvc/getUpdates "HTTP/1.1 200 OK"
2025-12-12 19:43:41,560 INFO HTTP Request: POST https://api.telegram.org/bot8428323516:AAElzjmSPfUeCoTGKbm7wnDLSZ5ek1-6Gvc/getUpdates "HTTP/1.1 200 OK"
2025-12-12 19:43:44,821 INFO HTTP Request: POST https://api.telegram.org/bot8428323516:AAElzjmSPfUeCoTGKbm7wnDLSZ5ek1-6Gvc/getUpdates "HTTP/1.1 409 Conflict"
2025-12-12 19:43:44,823 ERROR No error handlers are registered, logging exception.
Traceback (most recent call last):
  File "C:\Users\OurPresent\Downloads\Maestría BD\Proyecto Final\GmailPointsWatcher\.venv\Lib\site-packages\telegram\ext\_utils\networkloop.py", line 134, in network_retry_loop
    await do_action()
  File "C:\Users\OurPresent\Downloads\Maestría BD\Proyecto Final\GmailPointsWatcher\.venv\Lib\site-packages\telegram\ext\_utils\networkloop.py", line 127, in do_action
    action_cb_task.result()
    ~~~~~~~~~~~~~~~~~~~~~^^
  File "C:\Users\OurPresent\Downloads\Maestría BD\Proyecto Final\GmailPointsWatcher\.venv\Lib\site-packages\telegram\ext\_updater.py", line 340, in polling_action_cb
    updates = await self.bot.get_updates(
              ^^^^^^^^^^^^^^^^^^^^^^^^^^^
    ...<3 lines>...
    )
    ^
  File "C:\Users\OurPresent\Downloads\Maestría BD\Proyecto Final\GmailPointsWatcher\.venv\Lib\site-packages\telegram\ext\_extbot.py", line 676, in get_updates
    updates = await super().get_updates(
              ^^^^^^^^^^^^^^^^^^^^^^^^^^
    ...<9 lines>...
    )
    ^
  File "C:\Users\OurPresent\Downloads\Maestría BD\Proyecto Final\GmailPointsWatcher\.venv\Lib\site-packages\telegram\_bot.py", line 4780, in get_updates
    await self._post(
    ^^^^^^^^^^^^^^^^^
    ...<7 lines>...
    ),
    ^
  File "C:\Users\OurPresent\Downloads\Maestría BD\Proyecto Final\GmailPointsWatcher\.venv\Lib\site-packages\telegram\_bot.py", line 703, in _post
    return await self._do_post(
           ^^^^^^^^^^^^^^^^^^^^
    ...<6 lines>...
    )
    ^
  File "C:\Users\OurPresent\Downloads\Maestría BD\Proyecto Final\GmailPointsWatcher\.venv\Lib\site-packages\telegram\ext\_extbot.py", line 372, in _do_post
    return await super()._do_post(
           ^^^^^^^^^^^^^^^^^^^^^^^
    ...<6 lines>...
    )
    ^
  File "C:\Users\OurPresent\Downloads\Maestría BD\Proyecto Final\GmailPointsWatcher\.venv\Lib\site-packages\telegram\_bot.py", line 732, in _do_post
    result = await request.post(
             ^^^^^^^^^^^^^^^^^^^
    ...<6 lines>...
    )
    ^
  File "C:\Users\OurPresent\Downloads\Maestría BD\Proyecto Final\GmailPointsWatcher\.venv\Lib\site-packages\telegram\request\_baserequest.py", line 198, in post
    result = await self._request_wrapper(
             ^^^^^^^^^^^^^^^^^^^^^^^^^^^^
    ...<7 lines>...
    )
    ^
  File "C:\Users\OurPresent\Downloads\Maestría BD\Proyecto Final\GmailPointsWatcher\.venv\Lib\site-packages\telegram\request\_baserequest.py", line 375, in _request_wrapper
    raise exception
telegram.error.Conflict: Conflict: terminated by other getUpdates request; make sure that only one bot instance is running
2025-12-12 19:43:48,330 INFO Running job "_email_job (trigger: interval[0:01:00], next run at: 2025-12-13 00:44:48 UTC)" (scheduled at 2025-12-13 00:43:48.319770+00:00)
2025-12-12 19:43:48,754 INFO Running job "_email_job (trigger: interval[0:01:00], next run at: 2025-12-13 00:44:48 UTC)" (scheduled at 2025-12-13 00:43:48.746944+00:00)
2025-12-12 19:43:48,975 INFO Job "_email_job (trigger: interval[0:01:00], next run at: 2025-12-13 00:44:48 UTC)" executed successfully
2025-12-12 19:43:48,979 INFO HTTP Request: POST https://api.telegram.org/bot8428323516:AAElzjmSPfUeCoTGKbm7wnDLSZ5ek1-6Gvc/getUpdates "HTTP/1.1 409 Conflict"
2025-12-12 19:43:48,980 ERROR No error handlers are registered, logging exception.
Traceback (most recent call last):
  File "C:\Users\OurPresent\Downloads\Maestría BD\Proyecto Final\GmailPointsWatcher\.venv\Lib\site-packages\telegram\ext\_utils\networkloop.py", line 134, in network_retry_loop
    await do_action()
  File "C:\Users\OurPresent\Downloads\Maestría BD\Proyecto Final\GmailPointsWatcher\.venv\Lib\site-packages\telegram\ext\_utils\networkloop.py", line 127, in do_action
    action_cb_task.result()
    ~~~~~~~~~~~~~~~~~~~~~^^
  File "C:\Users\OurPresent\Downloads\Maestría BD\Proyecto Final\GmailPointsWatcher\.venv\Lib\site-packages\telegram\ext\_updater.py", line 340, in polling_action_cb
    updates = await self.bot.get_updates(
              ^^^^^^^^^^^^^^^^^^^^^^^^^^^
    ...<3 lines>...
    )
    ^
  File "C:\Users\OurPresent\Downloads\Maestría BD\Proyecto Final\GmailPointsWatcher\.venv\Lib\site-packages\telegram\ext\_extbot.py", line 676, in get_updates
    updates = await super().get_updates(
              ^^^^^^^^^^^^^^^^^^^^^^^^^^
    ...<9 lines>...
    )
    ^
  File "C:\Users\OurPresent\Downloads\Maestría BD\Proyecto Final\GmailPointsWatcher\.venv\Lib\site-packages\telegram\_bot.py", line 4780, in get_updates
    await self._post(
    ^^^^^^^^^^^^^^^^^
    ...<7 lines>...
    ),
    ^
  File "C:\Users\OurPresent\Downloads\Maestría BD\Proyecto Final\GmailPointsWatcher\.venv\Lib\site-packages\telegram\_bot.py", line 703, in _post
    return await self._do_post(
           ^^^^^^^^^^^^^^^^^^^^
    ...<6 lines>...
    )
    ^
  File "C:\Users\OurPresent\Downloads\Maestría BD\Proyecto Final\GmailPointsWatcher\.venv\Lib\site-packages\telegram\ext\_extbot.py", line 372, in _do_post
    return await super()._do_post(
           ^^^^^^^^^^^^^^^^^^^^^^^
    ...<6 lines>...
    )
    ^
  File "C:\Users\OurPresent\Downloads\Maestría BD\Proyecto Final\GmailPointsWatcher\.venv\Lib\site-packages\telegram\_bot.py", line 732, in _do_post
    result = await request.post(
             ^^^^^^^^^^^^^^^^^^^
    ...<6 lines>...
    )
    ^
  File "C:\Users\OurPresent\Downloads\Maestría BD\Proyecto Final\GmailPointsWatcher\.venv\Lib\site-packages\telegram\request\_baserequest.py", line 198, in post
    result = await self._request_wrapper(
             ^^^^^^^^^^^^^^^^^^^^^^^^^^^^
    ...<7 lines>...
    )
    ^
  File "C:\Users\OurPresent\Downloads\Maestría BD\Proyecto Final\GmailPointsWatcher\.venv\Lib\site-packages\telegram\request\_baserequest.py", line 375, in _request_wrapper
    raise exception
telegram.error.Conflict: Conflict: terminated by other getUpdates request; make sure that only one bot instance is running
2025-12-12 19:43:49,500 INFO Job "_email_job (trigger: interval[0:01:00], next run at: 2025-12-13 00:44:48 UTC)" executed successfully
2025-12-12 19:43:55,983 INFO HTTP Request: POST https://api.telegram.org/bot8428323516:AAElzjmSPfUeCoTGKbm7wnDLSZ5ek1-6Gvc/getUpdates "HTTP/1.1 200 OK"
2025-12-12 19:44:06,135 INFO HTTP Request: POST https://api.telegram.org/bot8428323516:AAElzjmSPfUeCoTGKbm7wnDLSZ5ek1-6Gvc/getUpdates "HTTP/1.1 200 OK"
2025-12-12 19:44:16,289 INFO HTTP Request: POST https://api.telegram.org/bot8428323516:AAElzjmSPfUeCoTGKbm7wnDLSZ5ek1-6Gvc/getUpdates "HTTP/1.1 200 OK"
2025-12-12 19:44:19,591 INFO HTTP Request: POST https://api.telegram.org/bot8428323516:AAElzjmSPfUeCoTGKbm7wnDLSZ5ek1-6Gvc/getUpdates "HTTP/1.1 409 Conflict"
2025-12-12 19:44:19,592 ERROR No error handlers are registered, logging exception.
Traceback (most recent call last):
  File "C:\Users\OurPresent\Downloads\Maestría BD\Proyecto Final\GmailPointsWatcher\.venv\Lib\site-packages\telegram\ext\_utils\networkloop.py", line 134, in network_retry_loop
    await do_action()
  File "C:\Users\OurPresent\Downloads\Maestría BD\Proyecto Final\GmailPointsWatcher\.venv\Lib\site-packages\telegram\ext\_utils\networkloop.py", line 127, in do_action
    action_cb_task.result()
    ~~~~~~~~~~~~~~~~~~~~~^^
  File "C:\Users\OurPresent\Downloads\Maestría BD\Proyecto Final\GmailPointsWatcher\.venv\Lib\site-packages\telegram\ext\_updater.py", line 340, in polling_action_cb
    updates = await self.bot.get_updates(
              ^^^^^^^^^^^^^^^^^^^^^^^^^^^
    ...<3 lines>...
    )
    ^
  File "C:\Users\OurPresent\Downloads\Maestría BD\Proyecto Final\GmailPointsWatcher\.venv\Lib\site-packages\telegram\ext\_extbot.py", line 676, in get_updates
    updates = await super().get_updates(
              ^^^^^^^^^^^^^^^^^^^^^^^^^^
    ...<9 lines>...
    )
    ^
  File "C:\Users\OurPresent\Downloads\Maestría BD\Proyecto Final\GmailPointsWatcher\.venv\Lib\site-packages\telegram\_bot.py", line 4780, in get_updates
    await self._post(
    ^^^^^^^^^^^^^^^^^
    ...<7 lines>...
    ),
    ^
  File "C:\Users\OurPresent\Downloads\Maestría BD\Proyecto Final\GmailPointsWatcher\.venv\Lib\site-packages\telegram\_bot.py", line 703, in _post
    return await self._do_post(
           ^^^^^^^^^^^^^^^^^^^^
    ...<6 lines>...
    )
    ^
  File "C:\Users\OurPresent\Downloads\Maestría BD\Proyecto Final\GmailPointsWatcher\.venv\Lib\site-packages\telegram\ext\_extbot.py", line 372, in _do_post
    return await super()._do_post(
           ^^^^^^^^^^^^^^^^^^^^^^^
    ...<6 lines>...
    )
    ^
  File "C:\Users\OurPresent\Downloads\Maestría BD\Proyecto Final\GmailPointsWatcher\.venv\Lib\site-packages\telegram\_bot.py", line 732, in _do_post
    result = await request.post(
             ^^^^^^^^^^^^^^^^^^^
    ...<6 lines>...
    )
    ^
  File "C:\Users\OurPresent\Downloads\Maestría BD\Proyecto Final\GmailPointsWatcher\.venv\Lib\site-packages\telegram\request\_baserequest.py", line 198, in post
    result = await self._request_wrapper(
             ^^^^^^^^^^^^^^^^^^^^^^^^^^^^
    ...<7 lines>...
    )
    ^
  File "C:\Users\OurPresent\Downloads\Maestría BD\Proyecto Final\GmailPointsWatcher\.venv\Lib\site-packages\telegram\request\_baserequest.py", line 375, in _request_wrapper
    raise exception
telegram.error.Conflict: Conflict: terminated by other getUpdates request; make sure that only one bot instance is running
2025-12-12 19:44:23,761 INFO HTTP Request: POST https://api.telegram.org/bot8428323516:AAElzjmSPfUeCoTGKbm7wnDLSZ5ek1-6Gvc/getUpdates "HTTP/1.1 409 Conflict"
2025-12-12 19:44:23,762 ERROR No error handlers are registered, logging exception.
Traceback (most recent call last):
  File "C:\Users\OurPresent\Downloads\Maestría BD\Proyecto Final\GmailPointsWatcher\.venv\Lib\site-packages\telegram\ext\_utils\networkloop.py", line 134, in network_retry_loop
    await do_action()
  File "C:\Users\OurPresent\Downloads\Maestría BD\Proyecto Final\GmailPointsWatcher\.venv\Lib\site-packages\telegram\ext\_utils\networkloop.py", line 127, in do_action
    action_cb_task.result()
    ~~~~~~~~~~~~~~~~~~~~~^^
  File "C:\Users\OurPresent\Downloads\Maestría BD\Proyecto Final\GmailPointsWatcher\.venv\Lib\site-packages\telegram\ext\_updater.py", line 340, in polling_action_cb
    updates = await self.bot.get_updates(
              ^^^^^^^^^^^^^^^^^^^^^^^^^^^
    ...<3 lines>...
    )
    ^
  File "C:\Users\OurPresent\Downloads\Maestría BD\Proyecto Final\GmailPointsWatcher\.venv\Lib\site-packages\telegram\ext\_extbot.py", line 676, in get_updates
    updates = await super().get_updates(
              ^^^^^^^^^^^^^^^^^^^^^^^^^^
    ...<9 lines>...
    )
    ^
  File "C:\Users\OurPresent\Downloads\Maestría BD\Proyecto Final\GmailPointsWatcher\.venv\Lib\site-packages\telegram\_bot.py", line 4780, in get_updates
    await self._post(
    ^^^^^^^^^^^^^^^^^
    ...<7 lines>...
    ),
    ^
  File "C:\Users\OurPresent\Downloads\Maestría BD\Proyecto Final\GmailPointsWatcher\.venv\Lib\site-packages\telegram\_bot.py", line 703, in _post
    return await self._do_post(
           ^^^^^^^^^^^^^^^^^^^^
    ...<6 lines>...
    )
    ^
  File "C:\Users\OurPresent\Downloads\Maestría BD\Proyecto Final\GmailPointsWatcher\.venv\Lib\site-packages\telegram\ext\_extbot.py", line 372, in _do_post
    return await super()._do_post(
           ^^^^^^^^^^^^^^^^^^^^^^^
    ...<6 lines>...
    )
    ^
  File "C:\Users\OurPresent\Downloads\Maestría BD\Proyecto Final\GmailPointsWatcher\.venv\Lib\site-packages\telegram\_bot.py", line 732, in _do_post
    result = await request.post(
             ^^^^^^^^^^^^^^^^^^^
    ...<6 lines>...
    )
    ^
  File "C:\Users\OurPresent\Downloads\Maestría BD\Proyecto Final\GmailPointsWatcher\.venv\Lib\site-packages\telegram\request\_baserequest.py", line 198, in post
    result = await self._request_wrapper(
             ^^^^^^^^^^^^^^^^^^^^^^^^^^^^
    ...<7 lines>...
    )
    ^
  File "C:\Users\OurPresent\Downloads\Maestría BD\Proyecto Final\GmailPointsWatcher\.venv\Lib\site-packages\telegram\request\_baserequest.py", line 375, in _request_wrapper
    raise exception
telegram.error.Conflict: Conflict: terminated by other getUpdates request; make sure that only one bot instance is running
2025-12-12 19:45:01,953 WARNING ⚠️ Usando CHAT_ID por defecto (1943663667).
2025-12-12 19:45:01,956 INFO Adding job tentatively -- it will be properly scheduled when the scheduler starts
2025-12-12 19:45:02,449 INFO HTTP Request: POST https://api.telegram.org/bot8428323516:AAElzjmSPfUeCoTGKbm7wnDLSZ5ek1-6Gvc/getMe "HTTP/1.1 200 OK"
2025-12-12 19:45:02,599 INFO HTTP Request: POST https://api.telegram.org/bot8428323516:AAElzjmSPfUeCoTGKbm7wnDLSZ5ek1-6Gvc/deleteWebhook "HTTP/1.1 200 OK"
2025-12-12 19:45:02,602 INFO Added job "_email_job" to job store "default"
2025-12-12 19:45:02,602 INFO Scheduler started
2025-12-12 19:45:02,602 INFO Application started
2025-12-12 19:45:10,775 INFO HTTP Request: POST https://api.telegram.org/bot8428323516:AAElzjmSPfUeCoTGKbm7wnDLSZ5ek1-6Gvc/getUpdates "HTTP/1.1 200 OK"
2025-12-12 19:45:10,776 INFO Comando /start recibido del CHAT_ID: 1943663667
2025-12-12 19:45:11,361 INFO HTTP Request: POST https://api.telegram.org/bot8428323516:AAElzjmSPfUeCoTGKbm7wnDLSZ5ek1-6Gvc/sendMessage "HTTP/1.1 200 OK"
2025-12-12 19:45:13,501 INFO HTTP Request: POST https://api.telegram.org/bot8428323516:AAElzjmSPfUeCoTGKbm7wnDLSZ5ek1-6Gvc/getUpdates "HTTP/1.1 200 OK"
2025-12-12 19:45:13,769 INFO HTTP Request: POST https://api.telegram.org/bot8428323516:AAElzjmSPfUeCoTGKbm7wnDLSZ5ek1-6Gvc/answerCallbackQuery "HTTP/1.1 200 OK"
2025-12-12 19:45:14,050 INFO HTTP Request: POST https://api.telegram.org/bot8428323516:AAElzjmSPfUeCoTGKbm7wnDLSZ5ek1-6Gvc/sendMessage "HTTP/1.1 200 OK"
2025-12-12 19:45:17,526 INFO HTTP Request: POST https://api.telegram.org/bot8428323516:AAElzjmSPfUeCoTGKbm7wnDLSZ5ek1-6Gvc/getUpdates "HTTP/1.1 200 OK"
2025-12-12 19:45:17,806 INFO HTTP Request: POST https://api.telegram.org/bot8428323516:AAElzjmSPfUeCoTGKbm7wnDLSZ5ek1-6Gvc/editMessageText "HTTP/1.1 200 OK"
2025-12-12 19:45:20,299 INFO HTTP Request: POST https://api.telegram.org/bot8428323516:AAElzjmSPfUeCoTGKbm7wnDLSZ5ek1-6Gvc/getUpdates "HTTP/1.1 200 OK"
2025-12-12 19:45:20,577 INFO HTTP Request: POST https://api.telegram.org/bot8428323516:AAElzjmSPfUeCoTGKbm7wnDLSZ5ek1-6Gvc/editMessageText "HTTP/1.1 200 OK"
2025-12-12 19:45:24,983 INFO HTTP Request: POST https://api.telegram.org/bot8428323516:AAElzjmSPfUeCoTGKbm7wnDLSZ5ek1-6Gvc/getUpdates "HTTP/1.1 200 OK"
2025-12-12 19:45:25,269 INFO HTTP Request: POST https://api.telegram.org/bot8428323516:AAElzjmSPfUeCoTGKbm7wnDLSZ5ek1-6Gvc/sendMessage "HTTP/1.1 200 OK"
2025-12-12 19:45:28,817 INFO HTTP Request: POST https://api.telegram.org/bot8428323516:AAElzjmSPfUeCoTGKbm7wnDLSZ5ek1-6Gvc/sendMessage "HTTP/1.1 200 OK"
2025-12-12 19:45:35,135 INFO HTTP Request: POST https://api.telegram.org/bot8428323516:AAElzjmSPfUeCoTGKbm7wnDLSZ5ek1-6Gvc/getUpdates "HTTP/1.1 200 OK"
2025-12-12 19:45:45,287 INFO HTTP Request: POST https://api.telegram.org/bot8428323516:AAElzjmSPfUeCoTGKbm7wnDLSZ5ek1-6Gvc/getUpdates "HTTP/1.1 200 OK"
2025-12-12 19:45:55,438 INFO HTTP Request: POST https://api.telegram.org/bot8428323516:AAElzjmSPfUeCoTGKbm7wnDLSZ5ek1-6Gvc/getUpdates "HTTP/1.1 200 OK"
2025-12-12 19:46:01,970 INFO Running job "_email_job (trigger: interval[0:01:00], next run at: 2025-12-13 00:47:01 UTC)" (scheduled at 2025-12-13 00:46:01.955785+00:00)
2025-12-12 19:46:02,582 INFO Job "_email_job (trigger: interval[0:01:00], next run at: 2025-12-13 00:47:01 UTC)" executed successfully
2025-12-12 19:46:05,590 INFO HTTP Request: POST https://api.telegram.org/bot8428323516:AAElzjmSPfUeCoTGKbm7wnDLSZ5ek1-6Gvc/getUpdates "HTTP/1.1 200 OK"
2025-12-12 19:46:15,754 INFO HTTP Request: POST https://api.telegram.org/bot8428323516:AAElzjmSPfUeCoTGKbm7wnDLSZ5ek1-6Gvc/getUpdates "HTTP/1.1 200 OK"
2025-12-12 19:46:25,906 INFO HTTP Request: POST https://api.telegram.org/bot8428323516:AAElzjmSPfUeCoTGKbm7wnDLSZ5ek1-6Gvc/getUpdates "HTTP/1.1 200 OK"
2025-12-12 19:46:36,057 INFO HTTP Request: POST https://api.telegram.org/bot8428323516:AAElzjmSPfUeCoTGKbm7wnDLSZ5ek1-6Gvc/getUpdates "HTTP/1.1 200 OK"
2025-12-12 19:46:46,208 INFO HTTP Request: POST https://api.telegram.org/bot8428323516:AAElzjmSPfUeCoTGKbm7wnDLSZ5ek1-6Gvc/getUpdates "HTTP/1.1 200 OK"
2025-12-12 19:46:56,359 INFO HTTP Request: POST https://api.telegram.org/bot8428323516:AAElzjmSPfUeCoTGKbm7wnDLSZ5ek1-6Gvc/getUpdates "HTTP/1.1 200 OK"
2025-12-12 19:47:01,964 INFO Running job "_email_job (trigger: interval[0:01:00], next run at: 2025-12-13 00:48:01 UTC)" (scheduled at 2025-12-13 00:47:01.955785+00:00)
2025-12-12 19:47:02,642 INFO Job "_email_job (trigger: interval[0:01:00], next run at: 2025-12-13 00:48:01 UTC)" executed successfully
2025-12-12 19:47:06,510 INFO HTTP Request: POST https://api.telegram.org/bot8428323516:AAElzjmSPfUeCoTGKbm7wnDLSZ5ek1-6Gvc/getUpdates "HTTP/1.1 200 OK"
2025-12-12 19:47:16,661 INFO HTTP Request: POST https://api.telegram.org/bot8428323516:AAElzjmSPfUeCoTGKbm7wnDLSZ5ek1-6Gvc/getUpdates "HTTP/1.1 200 OK"
2025-12-12 19:47:26,813 INFO HTTP Request: POST https://api.telegram.org/bot8428323516:AAElzjmSPfUeCoTGKbm7wnDLSZ5ek1-6Gvc/getUpdates "HTTP/1.1 200 OK"
2025-12-12 19:47:36,967 INFO HTTP Request: POST https://api.telegram.org/bot8428323516:AAElzjmSPfUeCoTGKbm7wnDLSZ5ek1-6Gvc/getUpdates "HTTP/1.1 200 OK"
2025-12-12 19:47:47,118 INFO HTTP Request: POST https://api.telegram.org/bot8428323516:AAElzjmSPfUeCoTGKbm7wnDLSZ5ek1-6Gvc/getUpdates "HTTP/1.1 200 OK"
2025-12-12 19:47:57,269 INFO HTTP Request: POST https://api.telegram.org/bot8428323516:AAElzjmSPfUeCoTGKbm7wnDLSZ5ek1-6Gvc/getUpdates "HTTP/1.1 200 OK"
2025-12-12 19:48:01,971 INFO Running job "_email_job (trigger: interval[0:01:00], next run at: 2025-12-13 00:49:01 UTC)" (scheduled at 2025-12-13 00:48:01.955785+00:00)
2025-12-12 19:48:02,641 INFO Job "_email_job (trigger: interval[0:01:00], next run at: 2025-12-13 00:49:01 UTC)" executed successfully
2025-12-12 19:48:07,421 INFO HTTP Request: POST https://api.telegram.org/bot8428323516:AAElzjmSPfUeCoTGKbm7wnDLSZ5ek1-6Gvc/getUpdates "HTTP/1.1 200 OK"
2025-12-12 19:48:17,571 INFO HTTP Request: POST https://api.telegram.org/bot8428323516:AAElzjmSPfUeCoTGKbm7wnDLSZ5ek1-6Gvc/getUpdates "HTTP/1.1 200 OK"
2025-12-12 19:48:27,723 INFO HTTP Request: POST https://api.telegram.org/bot8428323516:AAElzjmSPfUeCoTGKbm7wnDLSZ5ek1-6Gvc/getUpdates "HTTP/1.1 200 OK"
2025-12-12 19:48:37,875 INFO HTTP Request: POST https://api.telegram.org/bot8428323516:AAElzjmSPfUeCoTGKbm7wnDLSZ5ek1-6Gvc/getUpdates "HTTP/1.1 200 OK"
2025-12-12 19:48:48,027 INFO HTTP Request: POST https://api.telegram.org/bot8428323516:AAElzjmSPfUeCoTGKbm7wnDLSZ5ek1-6Gvc/getUpdates "HTTP/1.1 200 OK"
2025-12-12 19:48:58,178 INFO HTTP Request: POST https://api.telegram.org/bot8428323516:AAElzjmSPfUeCoTGKbm7wnDLSZ5ek1-6Gvc/getUpdates "HTTP/1.1 200 OK"
2025-12-12 19:49:01,959 INFO Running job "_email_job (trigger: interval[0:01:00], next run at: 2025-12-13 00:50:01 UTC)" (scheduled at 2025-12-13 00:49:01.955785+00:00)
2025-12-12 19:49:02,638 INFO Job "_email_job (trigger: interval[0:01:00], next run at: 2025-12-13 00:50:01 UTC)" executed successfully
2025-12-12 19:49:05,718 INFO HTTP Request: POST https://api.telegram.org/bot8428323516:AAElzjmSPfUeCoTGKbm7wnDLSZ5ek1-6Gvc/getUpdates "HTTP/1.1 200 OK"
2025-12-12 19:49:05,719 INFO Application is stopping. This might take a moment.
2025-12-12 19:49:05,720 INFO Scheduler has been shut down
2025-12-12 19:49:05,735 INFO Application.stop() complete
